cell_id,grid_x,grid_y,area_km2,building_count,building_footprint_m2,median_building_footprint_m2,building_footprint_share,building_density_km2,poi_count,poi_density_km2,poi_healthcare,poi_healthcare_density_km2,poi_education,poi_education_density_km2,poi_food_drink,poi_food_drink_density_km2,poi_retail_markets,poi_retail_markets_density_km2,poi_transport,poi_transport_density_km2,poi_civic_religious,poi_civic_religious_density_km2,poi_recreation_culture,poi_recreation_culture_density_km2,poi_other,poi_other_density_km2,distance_healthcare_m,distance_education_m,distance_market_m,distance_park_m,distance_transport_m,landuse_residential_share,landuse_commercial_share,landuse_industrial_share,landuse_institutional_share,landuse_green_share,landuse_transport_share,landuse_other_share,mapped_landuse_share,road_length_km,road_density_km_km2,intersection_count,intersection_density_km2,cell_neighbor_count,cell_degree_centrality,cell_betweenness_centrality,cluster_id,pca_1,pca_2,urban_class,walk_node,walk_snap_distance_m,walk_distance_healthcare_m,walk_minutes_healthcare,walk_unreachable_healthcare,walk_distance_education_m,walk_minutes_education,walk_unreachable_education,walk_distance_market_m,walk_minutes_market,walk_unreachable_market,walk_distance_park_m,walk_minutes_park,walk_unreachable_park,walk_distance_transport_m,walk_minutes_transport,walk_unreachable_transport,walk_healthcare_10min_count,walk_healthcare_15min_count,walk_healthcare_30min_count,walk_education_10min_count,walk_education_15min_count,walk_education_30min_count,walk_market_10min_count,walk_market_15min_count,walk_market_30min_count,walk_park_10min_count,walk_park_15min_count,walk_park_30min_count,walk_transport_10min_count,walk_transport_15min_count,walk_transport_30min_count,drive_node,drive_minutes_healthcare,walk_drive_ratio_healthcare,drive_minutes_education,walk_drive_ratio_education,drive_minutes_market,walk_drive_ratio_market,drive_minutes_park,walk_drive_ratio_park,drive_minutes_transport,walk_drive_ratio_transport,built_intensity_proxy,service_gap_score,service_desert_score,largest_service_gap,walk_unreachable_service_count,heat_exposure_score,air_exposure_score,green_deficit_score,environmental_burden_score
C000_010,0,10,0.19717,304.0,20147.763268,31.837432,0.102185,1541.816818,3,15.215298,0,0.0,0,0.0,0,0.0,0,0.0,0,0.0,0,0.0,0,0.0,3,15.215298,2491.511834,429.450659,924.619164,501.490344,429.450659,0.291702,0.0,0.258511,0.0,0.0,0.0,0.0,0.550213,1.178239,5.975752,3,15.215298,3,0.004673,0.0,1,-3.411812,-3.55041,Cluster 1 · market-distant / service-light,38234,1968.0933,6123.972945,76.549662,False,1968.0933,24.601166,False,3428.980793,42.86226,False,1968.0933,24.601166,False,1968.0933,24.601166,False,0,0,0,0,0,2,0,0,0,0,0,1,0,0,1,3270180428,3.800569,20.141632,3.208012,7.668665,1.806886,23.721623,0.0,,4.03253,6.100678,63.193364,84.972784,66.20741,healthcare,0,43.305,51.361,61.392,50.646
C000_011,0,11,0.33823,561.0,20738.914742,26.659169,0.061316,1658.635568,2,5.913139,0,0.0,0,0.0,0,0.0,1,2.95657,0,0.0,0,0.0,0,0.0,1,2.95657,2834.405535,465.943956,128.634776,393.645789,466.009617,0.236085,0.0,0.167517,0.0,0.0,0.0,0.0,0.403602,2.82733,8.359198,10,29.565696,5,0.007788,0.000512,1,-2.660902,-2.388206,Cluster 1 · market-distant / service-light,11657,1316.641455,5245.555734,65.569447,False,2777.528949,34.719112,False,1316.641455,16.458018,False,2777.528949,34.719112,False,2777.528949,34.719112,False,0,0,0,0,0,0,0,0,1,0,0,0,0,0,0,5657753120,7.474632,8.772265,3.026595,11.471344,0.0,,0.0,,5.300967,6.549581,60.86055,84.895023,64.958556,education,0,41.905,55.373,58.126,50.674
C000_012,0,12,0.327572,64.0,5532.09658,24.239159,0.016888,195.377181,2,6.105537,0,0.0,0,0.0,0,0.0,1,3.052768,0,0.0,0,0.0,0,0.0,1,3.052768,2956.122542,1170.172727,652.809765,1090.542384,1170.249057,0.0,0.0,0.253587,0.0,0.0,0.0,0.0,0.253587,1.882125,5.745691,8,24.422148,5,0.007788,0.000773,1,-4.076805,-1.983759,Cluster 1 · market-distant / service-light,11657,606.23793,4535.152208,56.689403,False,2067.125423,25.839068,False,606.23793,7.577974,False,2067.125423,25.839068,False,2067.125423,25.839068,False,0,0,0,0,0,0,0,0,1,0,0,0,0,0,0,5657753120,7.474632,7.58424,3.026595,8.537339,0.0,,0.0,,5.300967,4.874406,21.79886,80.093313,42.512982,education,0,24.067,37.123,71.135,40.404
C000_013,0,13,0.316913,25.0,2087.074123,70.817946,0.006586,78.885947,1,3.155438,0,0.0,0,0.0,0,0.0,0,0.0,0,0.0,0,0.0,0,0.0,1,3.155438,2805.360778,1063.59939,1356.386853,1829.94791,1684.636026,0.0,0.0,0.0,0.0,0.0,0.0,0.0,0.0,0.545854,1.722407,0,0.0,5,0.007788,0.000937,1,-5.241907,-0.917339,Cluster 1 · market-distant / service-light,38229,262.73045,4237.79387,52.972423,False,1606.319951,20.078999,False,2336.55853,29.206982,False,2867.82365,35.847796,False,2799.500034,34.99375,False,0,0,0,0,0,2,0,0,1,0,0,0,0,0,0,5657753120,7.474632,7.086961,3.026595,6.634188,0.0,,0.0,,5.300967,6.60139,16.925868,84.758942,42.511289,healthcare,0,15.428,15.949,77.014,31.007
C000_014,0,14,0.306255,102.0,13927.089569,47.996685,0.045475,333.055861,2,6.530507,0,0.0,0,0.0,0,0.0,0,0.0,0,0.0,0,0.0,0,0.0,2,6.530507,2478.543516,369.450421,1257.309436,2575.507133,1642.49229,0.0,0.0,0.214801,0.0,0.0,0.0,0.0,0.214801,2.585553,8.442486,7,22.856775,5,0.007788,0.001045,1,-4.153577,-2.200945,Cluster 1 · market-distant / service-light,11649,123.39763,3533.72615,44.171577,False,902.252232,11.278153,False,1632.49081,20.406135,False,2185.538802,27.319235,False,2095.432314,26.192904,False,0,0,0,0,2,9,0,0,9,0,0,1,0,0,2,3521870864,4.787078,9.227252,0.339042,33.264778,1.832261,11.137132,3.291041,8.301091,2.613414,10.022485,28.849145,78.003499,44.703405,healthcare,0,34.012,44.051,80.062,49.038
C000_015,0,15,0.295597,21.0,5548.691367,33.782623,0.018771,71.042757,0,0.0,0,0.0,0,0.0,0,0.0,0,0.0,0,0.0,0,0.0,0,0.0,0,0.0,2268.850557,508.711931,1564.279296,2657.481062,1919.02691,0.0,0.0,0.23056,0.0,0.0,0.0,0.0,0.23056,1.118992,3.785536,0,0.0,5,0.007788,0.001115,1,-5.318289,-1.359792,Cluster 1 · market-distant / service-light,37599,538.45368,4168.891172,52.11114,False,538.45368,6.730671,False,2267.655833,28.345698,False,3065.445802,38.318073,False,2730.597337,34.132467,False,0,0,0,2,2,2,0,0,1,0,0,0,0,0,0,3521870864,4.787078,10.885792,0.339042,19.852034,1.832261,15.470336,3.291041,11.643145,2.613414,13.060489,19.569725,78.664463,40.702437,healthcare,0,20.747,29.969,80.117,38.817
C000_016,0,16,0.284938,27.0,7423.746622,39.557358,0.026054,94.757342,0,0.0,0,0.0,0,0.0,0,0.0,0,0.0,0,0.0,0,0.0,0,0.0,0,0.0,2297.235015,1227.266484,2106.706765,2723.655416,2406.792184,0.0,0.0,0.358061,0.0,0.0,0.0,0.0,0.358061,0.842237,2.955857,2,7.019062,5,0.007788,0.001153,1,-5.402158,-1.788711,Cluster 1 · market-distant / service-light,37599,1254.857174,4885.294666,61.066183,False,1254.857174,15.685715,False,2984.059327,37.300742,False,3781.849296,47.273116,False,3447.000831,43.08751,False,0,0,0,2,2,2,0,0,1,0,0,0,0,0,0,3521870864,4.787078,12.756462,0.339042,46.264829,1.832261,20.357764,3.291041,14.364181,2.613414,16.487058,21.280456,83.057932,43.828237,healthcare,0,21.967,29.751,80.28,39.27
C000_017,0,17,0.27428,0.0,0.0,0.0,0.0,0.0,0,0.0,0,0.0,0,0.0,0,0.0,0,0.0,0,0.0,0,0.0,0,0.0,0,0.0,2555.7769,1969.436262,2057.390218,2788.765598,2853.16711,0.0,0.0,0.0,0.0,0.0,0.0,0.463498,0.463498,1.435231,5.23272,3,10.937726,5,0.007788,0.001162,1,-5.757263,-0.499792,Cluster 1 · market-distant / service-light,37599,1996.121657,5626.559149,70.331989,False,1996.121657,24.951521,False,3725.323809,46.566548,False,4523.113778,56.538922,False,4188.265313,52.353316,False,0,0,0,2,2,2,0,0,1,0,0,0,0,0,0,3521870864,4.787078,14.692049,0.339042,73.594213,1.832261,25.414797,3.291041,17.179644,2.613414,20.032538,11.430793,85.526827,40.076568,healthcare,0,13.433,18.682,80.389,32.009
C000_018,0,18,0.263622,48.0,2684.732024,52.786854,0.010184,182.079055,0,0.0,0,0.0,0,0.0,0,0.0,0,0.0,0,0.0,0,0.0,0,0.0,0,0.0,2985.264374,1966.560469,1505.13981,2239.987485,3038.013365,0.0,0.0,0.0,0.0,0.0,0.0,0.70508,0.70508,0.526645,1.99773,2,7.586627,5,0.007788,0.001138,1,-5.31606,-1.350505,Cluster 1 · market-distant / service-light,37361,2517.946308,3924.211168,49.05264,False,2980.311125,37.253889,False,2517.946308,31.474329,False,3083.591493,38.544894,False,3591.491507,44.893644,False,0,0,0,0,0,0,0,0,0,0,0,0,0,0,0,4430164365,2.428422,20.19939,1.009667,36.897189,0.0,,1.165061,33.08401,2.024306,22.177297,19.932608,86.372473,44.878761,education,0,17.97,18.569,78.81,33.39
C000_019,0,19,0.252963,135.0,7946.856124,50.359787,0.031415,533.673913,0,0.0,0,0.0,0,0.0,0,0.0,0,0.0,0,0.0,0,0.0,0,0.0,0,0.0,3031.395098,1684.428517,1192.953546,1491.985183,3154.042733,0.0,0.0,0.0,0.0,0.0,0.0,0.062689,0.062689,0.178603,0.706042,0,0.0,5,0.007788,0.001071,1,-5.432913,-1.210523,Cluster 1 · market-distant / service-light,37361,2521.977598,3928.242458,49.103031,False,2984.342415,37.30428,False,2521.977598,31.52472,False,3087.622782,38.595285,False,3595.522796,44.944035,False,0,0,0,0,0,0,0,0,0,0,0,0,0,0,0,4430164365,2.428422,20.22014,1.009667,36.947098,0.0,,1.165061,33.127261,2.024306,22.20219,29.212027,86.450233,49.732413,education,0,25.715,22.154,75.327,36.872
C000_020,0,20,0.242305,28.0,1465.846635,38.615913,0.00605,115.55676,0,0.0,0,0.0,0,0.0,0,0.0,0,0.0,0,0.0,0,0.0,0,0.0,0,0.0,3000.768324,1033.046222,1306.11311,748.061908,3253.305808,0.0,0.0,0.0,0.0,0.0,0.0,0.0,0.0,1.240375,5.11906,2,8.254054,5,0.007788,0.000936,1,-4.808962,-1.352952,Cluster 1 · market-distant / service-light,42314,2552.024672,6498.428625,81.230358,False,2552.024672,31.900308,False,6528.166281,81.602079,False,3964.765823,49.559573,False,5207.395166,65.09244,False,0,0,0,0,0,0,0,0,0,0,0,0,0,0,0,5653385060,7.270476,11.172633,0.0,,7.21988,11.302415,3.424585,14.471702,4.433298,14.682622,17.651633,89.288491,45.171923,education,0,18.779,22.208,66.944,32.02
C000_021,0,21,0.227696,395.0,24643.393435,48.042512,0.108229,1734.769314,1,4.391821,0,0.0,0,0.0,0,0.0,0,0.0,0,0.0,0,0.0,0,0.0,1,4.391821,3131.987853,659.394218,1713.034792,145.630996,2870.465763,0.0,0.0,0.0,0.0,0.0,0.0,0.0,0.0,1.274752,5.598481,6,26.350926,5,0.007788,0.000679,1,-3.589493,-2.080863,Cluster 1 · market-distant / service-light,42321,2003.220616,5035.804526,62.947557,False,2003.220616,25.040258,False,6838.042168,85.475527,False,2003.220616,25.040258,False,3080.018651,38.500233,False,0,0,0,0,0,1,0,0,0,0,0,1,0,0,0,5617955414,5.931279,10.612813,0.0,,7.779843,10.986793,0.0,,2.151042,17.898413,44.764126,85.86703,57.409387,market,0,44.106,40.607,49.471,44.223
C000_022,0,22,0.071607,11.0,793.426452,53.086794,0.01108,153.617325,0,0.0,0,0.0,0,0.0,0,0.0,0,0.0,0,0.0,0,0.0,0,0.0,0,0.0,3349.201608,437.6802,2261.981068,673.478333,2166.049381,0.0,0.0,0.0,0.0,0.0,0.0,0.0,0.0,0.363754,5.079897,0,0.0,3,0.004673,0.0,1,-5.087593,-2.2881,Cluster 1 · market-distant / service-light,42321,1301.887074,4334.470984,54.180887,False,1301.887074,16.273588,False,6136.708626,76.708858,False,1301.887074,16.273588,False,2378.685109,29.733564,False,0,0,0,0,0,1,0,0,0,0,0,1,0,0,0,5617955414,5.931279,9.134773,0.0,,7.779843,9.859949,0.0,,2.151042,13.822867,19.310524,82.212286,42.410288,market,0,20.474,22.846,65.529,32.568
C001_009,1,9,0.211316,150.0,7237.354621,31.488479,0.034249,709.835763,0,0.0,0,0.0,0,0.0,0,0.0,0,0.0,0,0.0,0,0.0,0,0.0,0,0.0,1644.792966,1194.69431,1311.901968,1025.89783,1194.69431,0.085742,0.0,0.253212,0.0,0.0,0.0,0.0,0.338954,0.994574,4.706561,4,18.928954,3,0.004673,0.0,1,-4.536099,-3.274465,Cluster 1 · market-distant / service-light,38716,1028.761164,2890.435925,36.130449,False,2704.18719,33.80234,False,1942.94905,24.286863,False,1028.761164,12.859515,False,2748.365937,34.354574,False,0,0,0,0,0,0,0,0,3,0,1,1,0,0,0,3270180428,3.800569,9.50659,3.208012,10.536851,1.806886,13.441284,0.0,,4.03253,8.51936,49.040954,76.312208,52.979424,education,0,30.607,41.361,70.319,44.299
C001_010,1,10,0.557989,86.0,9752.702428,49.090147,0.017478,154.124944,11,19.713656,0,0.0,2,3.584301,0,0.0,2,3.584301,1,1.792151,0,0.0,0,0.0,6,10.752903,2085.7223,468.810111,1052.838396,532.503477,468.810111,0.0,0.0,0.243894,0.0,0.0,0.0,0.0,0.243894,2.998518,5.373796,5,8.960753,7,0.010903,0.002527,5,-2.976584,-0.538357,Cluster 5 · limited retail / low building coverage,38425,1643.091415,4713.11772,58.913972,False,2962.585586,37.03232,False,3474.682456,43.433531,False,4598.700695,57.483759,False,3647.136948,45.589212,False,0,0,0,0,0,0,0,0,0,0,0,0,0,0,0,13850379826,6.054094,9.731262,2.3499,15.759107,3.715989,11.688282,5.336511,10.771787,2.3499,19.400493,21.021255,88.763608,46.700978,education,0,23.328,35.257,62.481,37.291
C001_011,1,11,0.5625,78.0,9232.66464,42.967047,0.016414,138.666667,5,8.888889,0,0.0,0,0.0,0,0.0,0,0.0,0,0.0,1,1.777778,1,1.777778,3,5.333333,2261.247818,530.767519,685.688002,484.577837,530.826834,0.0,0.0,0.240783,0.0,0.0,0.0,0.0,0.240783,2.295271,4.080482,5,8.888889,8,0.012461,0.004476,5,-3.213319,0.214606,Cluster 5 · limited retail / low building coverage,38234,1040.066967,5195.946612,64.949333,False,1040.066967,13.000837,False,2500.95446,31.261931,False,1040.066967,13.000837,False,1040.066967,13.000837,False,0,0,0,0,0,2,0,0,0,0,0,1,0,0,1,11409222034,6.261381,10.373004,0.0,,3.923276,7.968322,5.543798,2.345114,0.0,,20.425091,79.393468,41.4871,healthcare,0,21.143,32.057,61.011,34.93
C001_012,1,12,0.5625,39.0,10141.940751,32.790749,0.01803,69.333333,0,0.0,0,0.0,0,0.0,0,0.0,0,0.0,0,0.0,0,0.0,0,0.0,0,0.0,2399.938597,1198.902146,937.35283,1128.012715,1198.977379,0.0,0.0,0.305833,0.0,0.0,0.0,0.0,0.305833,1.844833,3.279703,3,5.333333,8,0.012461,0.00504,4,-4.661186,0.261893,Cluster 4 · road-sparse / intersection-sparse,38234,405.260993,4561.140638,57.014258,False,405.260993,5.065762,False,1866.148486,23.326856,False,405.260993,5.065762,False,405.260993,5.065762,False,0,0,0,0,0,2,0,0,0,0,0,1,0,0,1,5657753120,7.474632,7.627701,3.026595,1.67375,0.0,,0.0,,5.300967,0.95563,19.466045,70.956454,36.670031,healthcare,0,20.14,29.285,71.625,36.212
C001_013,1,13,0.5625,370.0,17462.9899,37.557492,0.031045,657.777778,2,3.555556,0,0.0,0,0.0,0,0.0,0,0.0,0,0.0,0,0.0,0,0.0,2,3.555556,2220.570111,1091.142426,849.971431,1853.377914,1131.015919,0.001386,0.0,0.118367,0.0,0.0,0.0,0.0,0.119752,2.289355,4.069964,4,7.111111,8,0.012461,0.005572,5,-4.081085,-0.035394,Cluster 5 · limited retail / low building coverage,38230,96.888212,3545.985232,44.324815,False,1077.958446,13.474481,False,576.705472,7.208818,False,1077.958446,13.474481,False,1077.958446,13.474481,False,0,0,0,0,2,10,1,1,8,0,1,1,0,1,2,5657753091,7.530597,5.885963,3.082561,4.371197,0.463987,15.536678,0.463987,29.040635,5.356933,2.515335,42.483152,65.338258,42.789954,healthcare,0,29.16,39.156,77.123,44.649
C001_014,1,14,0.5625,216.0,28536.293755,45.142899,0.050731,384.0,6,10.666667,0,0.0,2,3.555556,2,3.555556,1,1.777778,0,0.0,0,0.0,0,0.0,1,1.777778,1964.837263,446.902261,693.649987,2011.49818,1077.955023,0.006208,0.0,0.165692,0.0,0.0,0.0,0.0,0.1719,3.706323,6.589019,12,21.333333,8,0.012461,0.005937,5,-2.973983,-0.230924,Cluster 5 · limited retail / low building coverage,9395,62.683779,2728.050331,34.100629,False,1027.754719,12.846934,False,826.814991,10.335187,False,1624.604961,20.307562,False,1289.756495,16.121956,False,0,0,0,0,2,10,0,3,10,0,0,1,0,0,5,2987261754,5.318223,6.412034,0.870187,14.763419,2.156408,4.792779,2.156408,9.417309,3.144559,5.126937,42.820114,69.994168,45.980617,healthcare,0,33.289,41.54,77.722,47.285
C001_015,1,15,0.5625,68.0,11432.443488,25.78027,0.020324,120.888889,1,1.777778,0,0.0,0,0.0,0,0.0,0,0.0,0,0.0,0,0.0,0,0.0,1,1.777778,1702.104315,577.798813,1168.267595,2086.069854,1473.016311,0.0,0.0,0.310033,0.0,0.0,0.0,0.0,0.310033,1.184136,2.105131,0,0.0,8,0.012461,0.006177,4,-4.784733,0.404724,Cluster 4 · road-sparse / intersection-sparse,37599,588.654095,4219.091587,52.738645,False,588.654095,7.358176,False,2317.856248,28.973203,False,3115.646217,38.945578,False,2780.797752,34.759972,False,0,0,0,2,2,2,0,0,1,0,0,0,0,0,0,13277613613,3.839648,13.735281,1.05739,6.958811,0.884831,32.744338,2.343611,16.617764,1.665984,20.864532,20.943494,79.150467,41.606311,healthcare,0,20.365,28.806,78.103,37.754
C001_016,1,16,0.5625,49.0,11676.957942,33.694775,0.020759,87.111111,1,1.777778,0,0.0,0,0.0,0,0.0,0,0.0,0,0.0,0,0.0,0,0.0,1,1.777778,1748.923306,1258.861335,1836.722092,2178.408124,2074.26302,0.0,0.0,0.273726,0.0,0.0,0.0,0.0,0.273726,1.48841,2.646063,2,3.555556,8,0.012461,0.00631,4,-4.890813,0.314494,Cluster 4 · road-sparse / intersection-sparse,37600,1213.205348,4148.146519,51.851831,False,2028.247501,25.353094,False,2138.664996,26.733312,False,4033.729494,50.421619,False,2314.131484,28.926644,False,0,0,0,0,0,5,0,0,6,0,0,0,0,0,1,13277613613,3.839648,13.504319,1.05739,23.977052,0.884831,30.212904,2.343611,21.514498,1.665984,17.363101,20.29549,86.430793,45.097249,education,0,20.521,28.733,78.647,37.927
C001_017,1,17,0.5625,0.0,0.0,0.0,0.0,0.0,0,0.0,0,0.0,0,0.0,0,0.0,0,0.0,0,0.0,0,0.0,0,0.0,0,0.0,2084.539843,1489.142974,1792.112153,2272.717024,2301.409583,0.0,0.0,0.004367,0.0,0.0,0.0,0.394934,0.399301,0.363218,0.64572,1,1.777778,8,0.012461,0.006342,4,-5.753175,1.830823,Cluster 4 · road-sparse / intersection-sparse,37600,1901.683479,4836.62465,60.457808,False,2716.725631,33.95907,False,2827.143127,35.339289,False,4722.207624,59.027595,False,3002.609615,37.53262,False,0,0,0,0,0,5,0,0,6,0,0,0,0,0,1,4592271971,2.388256,25.314628,1.612023,21.066115,1.866867,18.929728,1.45663,40.523406,0.887183,42.305367,11.430793,88.335925,41.392868,education,0,9.312,20.051,78.974,30.486
C001_018,1,18,0.5625,0.0,0.0,0.0,0.0,0.0,0,0.0,0,0.0,0,0.0,0,0.0,0,0.0,0,0.0,0,0.0,0,0.0,0,0.0,2599.399928,1421.719183,1123.021735,2072.364803,2534.874325,0.0,0.0,0.0,0.0,0.0,0.0,1.0,1.0,0.0,0.0,0,0.0,8,0.012461,0.006265,4,-5.953387,2.050949,Cluster 4 · road-sparse / intersection-sparse,37361,1973.562621,3379.827481,42.247844,False,2435.927438,30.449093,False,1973.562621,24.669533,False,2539.207805,31.740098,False,3047.10782,38.088848,False,0,0,0,0,0,0,0,0,0,0,0,0,0,0,0,4430164365,2.428422,17.397242,1.009667,30.157548,0.0,,1.165061,27.243289,2.024306,18.815752,11.430793,84.4479,39.570999,education,0,8.165,9.199,77.994,25.984
C001_019,1,19,0.5625,3.0,110.576677,34.715974,0.000197,5.333333,0,0.0,0,0.0,0,0.0,0,0.0,0,0.0,0,0.0,0,0.0,0,0.0,0,0.0,2495.744514,1553.362144,660.067925,1536.25938,2610.6057,0.0,0.0,0.035253,0.0,0.0,0.0,0.893259,0.928513,0.183138,0.325579,0,0.0,8,0.012461,0.006054,4,-5.547538,1.591148,Cluster 4 · road-sparse / intersection-sparse,37361,1987.630609,3393.895469,42.423693,False,2449.995426,30.624943,False,1987.630609,24.845383,False,2553.275793,31.915947,False,3061.175808,38.264698,False,0,0,0,0,0,0,0,0,0,0,0,0,0,0,0,4430164365,2.428422,17.469656,1.009667,30.331714,0.0,,1.165061,27.394225,2.024306,18.902621,12.337999,84.564541,40.08596,education,0,9.798,20.805,75.49,30.073
C001_020,1,20,0.5625,370.0,19067.958315,38.069776,0.033899,657.777778,1,1.777778,0,0.0,0,0.0,0,0.0,0,0.0,0,0.0,0,0.0,0,0.0,1,1.777778,2467.083962,807.575353,857.438927,834.104146,2737.888425,0.0,0.0,0.036791,0.0,0.0,0.0,0.043688,0.08048,2.677849,4.76062,11,19.555556,8,0.012461,0.005667,5,-3.899039,-0.026454,Cluster 5 · limited retail / low building coverage,42314,2153.17149,6099.575443,76.244693,False,2153.17149,26.914644,False,6129.313099,76.616414,False,3565.912641,44.573908,False,4808.541983,60.106775,False,0,0,0,0,0,0,0,0,0,0,0,0,0,0,0,5653385060,7.270476,10.486892,0.0,,7.21988,10.611868,3.424585,13.015857,4.433298,13.558027,30.741317,88.452566,51.695917,market,0,30.288,39.654,68.196,43.043
C001_021,1,21,0.5625,1030.0,57419.462105,41.223263,0.102079,1831.111111,3,5.333333,0,0.0,1,1.777778,0,0.0,1,1.777778,0,0.0,0,0.0,0,0.0,1,1.777778,2658.809107,128.148157,1469.596326,395.432128,2637.193893,0.0,0.0,0.0,0.0,0.0,0.0,0.0,0.0,5.306035,9.432951,17,30.222222,8,0.012461,0.005199,5,-2.66727,-0.469271,Cluster 5 · limited retail / low building coverage,42314,1689.286993,5635.690946,70.446137,False,1689.286993,21.116087,False,5665.428602,70.817858,False,3102.028144,38.775352,False,4344.657487,54.308219,False,0,0,0,0,0,0,0,0,0,0,0,0,0,0,0,5653385060,7.270476,9.689343,0.0,,7.21988,9.808731,3.424585,11.322643,4.433298,12.250072,44.764126,87.033437,58.18923,market,0,47.1,46.866,58.18,49.788
C001_022,1,22,0.556673,708.0,42797.466213,45.863571,0.076881,1271.84202,3,5.389161,0,0.0,1,1.796387,0,0.0,0,0.0,0,0.0,0,0.0,1,1.796387,1,1.796387,2981.211588,292.671485,2090.644873,243.034166,1993.885141,0.0,0.0,0.0,0.0,0.0,0.0,0.0,0.0,4.220508,7.581666,13,23.353031,7,0.010903,0.003577,5,-2.940912,-0.787984,Cluster 5 · limited retail / low building coverage,42321,1137.949317,4170.533227,52.131665,False,1137.949317,14.224366,False,5972.770869,74.659636,False,1137.949317,14.224366,False,2214.747352,27.684342,False,0,0,0,0,0,1,0,0,0,0,0,1,0,0,0,5617955414,5.931279,8.789279,0.0,,7.779843,9.596548,0.0,,2.151042,12.870203,40.150337,80.909798,51.855253,market,0,41.921,41.042,52.9,44.358
C001_023,1,23,0.391705,219.0,25286.475862,46.963199,0.064555,559.094642,1,2.552944,0,0.0,0,0.0,0,0.0,0,0.0,0,0.0,0,0.0,0,0.0,1,2.552944,2805.081273,595.552183,2872.592239,907.311033,1173.966279,0.0,0.0,0.0,0.0,0.0,0.0,0.0,0.0,1.825151,4.659508,4,10.211774,5,0.007788,0.001238,1,-4.253242,-1.738733,Cluster 1 · market-distant / service-light,42321,306.329677,3338.913587,41.73642,False,306.329677,3.829121,False,5141.151229,64.26439,False,306.329677,3.829121,False,1383.127712,17.289096,False,0,0,0,0,0,1,0,0,0,0,0,1,0,0,0,5617955414,5.931279,7.036664,0.0,,7.779843,8.260371,0.0,,2.151042,8.037546,32.581649,70.528771,41.99917,market,0,33.375,28.25,69.067,40.504
C001_024,1,24,0.15513,269.0,18863.531661,49.107842,0.121598,1734.029692,0,0.0,0,0.0,0,0.0,0,0.0,0,0.0,0,0.0,0,0.0,0,0.0,0,0.0,2155.111318,1357.966975,3168.285415,829.742691,458.549279,0.0,0.0,0.0,0.0,0.0,0.0,0.0,0.0,1.221329,7.87294,5,32.231035,4,0.006231,0.000571,1,-3.94908,-2.75687,Cluster 1 · market-distant / service-light,30943,38.978317,2491.381875,31.142273,False,619.158669,7.739483,False,4293.619518,53.670244,False,619.158669,7.739483,False,535.596,6.69495,False,0,0,0,1,1,1,0,0,0,1,2,3,1,1,1,2428930027,4.722874,6.593925,1.208405,6.404708,6.571438,8.1672,1.208405,6.404708,0.942636,7.102368,45.541731,67.457232,45.415607,market,0,47.294,44.331,68.033,51.442
C002_008,2,8,0.204958,40.0,3465.939084,50.433017,0.016911,195.162385,2,9.758119,0,0.0,0,0.0,0,0.0,0,0.0,0,0.0,0,0.0,1,4.87906,1,4.87906,1010.341589,1085.574262,873.879296,173.502014,906.944389,4.2e-05,0.0,0.0,0.0,0.0,0.0,0.0,4.2e-05,0.805453,3.929851,3,14.637179,3,0.004673,0.0,1,-3.380903,-2.344923,Cluster 1 · market-distant / service-light,14299,64.342091,1183.941033,14.799263,False,1364.879084,17.060989,False,913.724613,11.421558,False,919.353549,11.491919,False,1025.461015,12.818263,False,0,1,6,0,0,25,0,2,15,0,1,2,0,1,7,9768786666,3.916173,3.779012,3.323616,5.133262,1.92249,5.941024,2.373999,4.840743,4.148134,3.090128,32.711249,61.829316,36.866811,education,0,21.928,21.781,50.233,28.953
C002_009,2,9,0.557004,169.0,14543.035384,44.153271,0.026109,303.40891,0,0.0,0,0.0,0,0.0,0,0.0,0,0.0,0,0.0,0,0.0,0,0.0,0,0.0,1114.703678,908.502118,774.684906,664.187478,784.006418,0.041752,0.0,0.167942,0.0,0.0,0.0,0.0,0.209694,0.466956,0.838334,3,5.385957,7,0.010903,0.003425,4,-4.25126,-0.223099,Cluster 4 · road-sparse / intersection-sparse,14194,626.206341,1328.579847,16.607248,False,1509.517897,18.868974,False,1058.363427,13.229543,False,1801.917627,22.52397,False,1170.099828,14.626248,False,0,0,5,0,0,4,0,1,10,0,0,1,0,1,4,3269787385,1.478411,11.233171,1.593358,11.84227,0.930093,14.223898,3.313397,6.797848,1.188861,12.30274,41.472265,73.716952,47.830035,education,0,22.854,30.537,65.365,36.171
C002_010,2,10,0.5625,43.0,4387.371184,48.361043,0.0078,76.444444,2,3.555556,0,0.0,0,0.0,1,1.777778,0,0.0,0,0.0,0,0.0,0,0.0,1,1.777778,1381.636524,1087.431832,671.254073,1197.842243,1075.253756,0.00251,0.0,0.134715,0.0,0.0,0.0,0.0,0.137224,0.247366,0.439761,0,0.0,8,0.012461,0.00608,4,-4.537987,0.984546,Cluster 4 · road-sparse / intersection-sparse,13413,1049.5854,1707.038276,21.337978,False,1572.118028,19.651475,False,1120.963558,14.012044,False,2536.40082,31.70501,False,1232.699959,15.408749,False,0,0,4,0,0,4,0,1,6,0,0,0,0,0,2,3269787410,1.284516,16.61169,1.197198,16.414553,0.152312,91.995663,3.119502,10.163486,0.41108,37.483538,29.445308,76.53577,44.136024,education,0,14.658,24.712,72.387,32.609
C002_011,2,11,0.5625,31.0,8974.372164,47.291829,0.015954,55.111111,0,0.0,0,0.0,0,0.0,0,0.0,0,0.0,0,0.0,0,0.0,0,0.0,0,0.0,1574.2612,1172.721883,727.434242,1160.78553,1172.749675,0.0,0.0,0.113919,0.0,0.0,0.0,0.0,0.113919,0.255204,0.453695,0,0.0,8,0.012461,0.007447,4,-4.923832,1.132646,Cluster 4 · road-sparse / intersection-sparse,38425,644.738405,3714.76471,46.434559,False,1964.232575,24.552907,False,2476.329445,30.954118,False,3600.347684,45.004346,False,2648.783938,33.109799,False,0,0,0,0,0,0,0,0,0,0,0,0,0,0,0,13850379826,6.054094,7.669944,2.3499,10.448492,3.715989,8.329981,5.336511,8.43329,2.3499,14.089878,18.377398,85.730949,43.74545,education,0,16.804,24.028,72.115,33.16
C002_012,2,12,0.5625,46.0,5735.856424,72.342384,0.010197,81.777778,2,3.555556,0,0.0,0,0.0,1,1.777778,0,0.0,0,0.0,0,0.0,0,0.0,1,1.777778,1693.638042,909.001727,929.227205,1544.351013,1236.728708,0.294877,0.0,0.065328,0.0,0.003676,0.0,0.0,0.363881,4.144898,7.368708,27,48.0,8,0.012461,0.009122,5,-3.591454,0.325322,Cluster 5 · limited retail / low building coverage,11682,130.420281,2844.654064,35.558176,False,1313.080304,16.413504,False,1501.982658,18.774783,False,2730.237039,34.127963,False,1666.42427,20.830303,False,0,0,0,0,0,6,0,0,9,0,0,0,0,0,1,8898770957,5.73442,6.200832,1.263938,12.986004,3.396316,5.527985,5.016838,6.802685,1.263938,16.480479,38.128564,82.017885,51.570499,education,0,18.305,36.217,50.778,32.692
C002_013,2,13,0.5625,1185.0,87314.057499,57.294583,0.155225,2106.666667,23,40.888889,0,0.0,1,1.777778,2,3.555556,6,10.666667,0,0.0,1,1.777778,0,0.0,13,23.111111,1474.190175,493.249707,218.361378,1249.750643,535.992463,0.024232,0.0,0.009737,0.017505,0.0,0.0,0.0,0.051474,3.883396,6.903815,14,24.888889,8,0.012461,0.009935,3,-1.498974,-0.283889,Cluster 3 · building-dense / limited recreation POIs,38260,177.999117,2086.70423,26.083803,False,846.805778,10.585072,False,744.032824,9.30041,False,1972.287205,24.65359,False,908.474436,11.35593,False,0,0,1,0,5,11,2,7,19,0,0,1,0,1,10,3919400565,3.296687,7.912126,1.851216,5.717903,1.851216,5.023947,2.579104,9.558975,1.994328,5.694114,63.763608,66.601866,52.121398,healthcare,0,49.448,54.005,72.768,56.873
C002_014,2,14,0.5625,1873.0,124176.25229,48.962762,0.220758,3329.777778,45,80.0,1,1.777778,5,8.888889,4,7.111111,11,19.555556,1,1.777778,0,0.0,2,3.555556,21,37.333333,1378.986785,412.40507,232.366232,1290.706188,412.40507,0.187356,0.0,0.116353,0.0,0.0,0.0,0.0,0.303709,5.048266,8.974696,13,23.111111,8,0.012461,0.010561,3,-0.323764,-0.533067,Cluster 3 · building-dense / limited recreation POIs,37835,87.958346,2208.16394,27.602049,False,524.611182,6.55764,False,306.9286,3.836608,False,2093.746915,26.171836,False,769.870104,9.623376,False,0,0,1,5,6,13,8,8,19,0,0,1,1,1,9,5627908500,3.456728,7.985023,1.118967,5.860439,0.501911,7.644007,2.739145,9.554748,1.283063,7.500313,76.982893,62.363919,53.751297,healthcare,0,58.911,64.611,73.258,64.493
C002_015,2,15,0.5625,435.0,28775.218144,48.924541,0.051156,773.333333,0,0.0,0,0.0,0,0.0,0,0.0,0,0.0,0,0.0,0,0.0,0,0.0,0,0.0,968.595985,622.807307,955.351147,1337.772371,1085.296256,0.044479,0.0,0.115543,0.0,0.0,0.0,0.0,0.160021,0.809402,1.438936,0,0.0,8,0.012461,0.01098,4,-4.233163,0.606411,Cluster 4 · road-sparse / intersection-sparse,37600,339.79482,3274.735991,40.9342,False,1154.836973,14.435462,False,1265.254468,15.815681,False,3160.318966,39.503987,False,1440.720957,18.009012,False,0,0,0,0,0,5,0,0,6,0,0,0,0,0,1,5627936295,4.098724,9.98706,0.342994,42.08662,0.599545,26.379476,3.381141,11.683626,1.007533,17.874369,49.896319,81.804044,57.211941,healthcare,0,30.801,36.474,73.966,43.578
C002_016,2,16,0.5625,4.0,427.678319,93.031337,0.00076,7.111111,0,0.0,0,0.0,0,0.0,0,0.0,0,0.0,0,0.0,0,0.0,0,0.0,0,0.0,1048.690522,974.057913,1601.157498,1477.636435,1565.115349,0.0,0.0,0.0,0.0,0.0,0.0,0.0,0.0,0.0,0.0,0,0.0,8,0.012461,0.011216,4,-5.283488,1.930742,Cluster 4 · road-sparse / intersection-sparse,37600,1065.36067,4000.301841,50.003773,False,1880.402823,23.505035,False,1990.820318,24.885254,False,3885.884816,48.57356,False,2166.286807,27.078585,False,0,0,0,0,0,5,0,0,6,0,0,0,0,0,1,5627936295,4.098724,12.199839,0.342994,68.528979,0.599545,41.506904,3.381141,14.366027,1.007533,26.876135,12.934163,85.672628,40.917674,education,0,9.747,9.825,75.272,26.156
C002_017,2,17,0.5625,1.0,40.555356,40.555356,7.2e-05,1.777778,1,1.777778,0,0.0,0,0.0,0,0.0,0,0.0,0,0.0,0,0.0,0,0.0,1,1.777778,1544.773589,824.106422,1679.175383,1623.113162,1566.425176,0.0,0.0,0.0,0.0,0.0,0.0,0.02643,0.02643,0.0,0.0,0,0.0,8,0.012461,0.011277,4,-5.363094,2.115282,Cluster 4 · road-sparse / intersection-sparse,9364,1390.44093,2791.440011,34.893,False,2461.756757,30.771959,False,2631.094121,32.888677,False,2288.332834,28.60416,False,1830.003613,22.875045,False,0,0,0,0,0,0,0,0,0,0,0,2,0,0,1,4592271971,2.388256,14.610244,1.612023,19.089028,1.866867,17.617041,1.45663,19.637222,0.887183,25.783896,12.052877,84.195179,39.766836,education,0,8.752,9.553,75.871,25.812
C002_018,2,18,0.5625,0.0,0.0,0.0,0.0,0.0,0,0.0,0,0.0,0,0.0,0,0.0,0,0.0,0,0.0,0,0.0,0,0.0,0,0.0,2093.273323,694.902895,932.277757,1328.137621,1892.825826,0.0,0.0,0.0,0.0,0.0,0.0,0.8484,0.8484,0.0,0.0,0,0.0,8,0.012461,0.011151,4,-5.504617,2.324847,Cluster 4 · road-sparse / intersection-sparse,37361,1241.291551,2647.556411,33.094455,False,1703.656368,21.295705,False,1241.291551,15.516144,False,1806.936736,22.586709,False,2314.83675,28.935459,False,0,0,0,0,0,0,0,0,0,0,0,0,0,0,0,4430164365,2.428422,13.627968,1.009667,21.091802,0.0,,1.165061,19.386716,2.024306,14.294012,11.430793,79.70451,37.348319,education,0,8.165,9.199,73.802,24.936
C002_019,2,19,0.5625,5.0,252.864831,41.989188,0.00045,8.888889,1,1.777778,0,0.0,0,0.0,0,0.0,1,1.777778,0,0.0,0,0.0,0,0.0,0,0.0,1764.810414,1188.119805,208.934591,1420.705018,1861.085712,0.0,0.0,0.023998,0.0,0.0,0.0,0.94513,0.969127,0.171995,0.305769,0,0.0,8,0.012461,0.01082,4,-4.752597,1.754054,Cluster 4 · road-sparse / intersection-sparse,37361,1263.538972,2669.803832,33.372548,False,1725.903789,21.573797,False,1263.538972,15.794237,False,1829.184157,22.864802,False,2337.084171,29.213552,False,0,0,0,0,0,0,0,0,0,0,0,0,0,0,0,4430164365,2.428422,13.742484,1.009667,21.367232,0.0,,1.165061,19.62541,2.024306,14.431388,12.778642,79.976672,38.122628,education,0,10.101,20.778,74.619,29.967
C002_020,2,20,0.5625,260.0,11980.477427,38.470329,0.021299,462.222222,0,0.0,0,0.0,0,0.0,0,0.0,0,0.0,0,0.0,0,0.0,0,0.0,0,0.0,1724.041297,1018.313329,585.803304,1360.487596,2035.782634,0.0,0.0,0.050739,0.0,0.0,0.0,0.506209,0.556948,1.295962,2.303932,2,3.555556,8,0.012461,0.010301,4,-4.30224,0.549065,Cluster 4 · road-sparse / intersection-sparse,7356,1455.920991,2336.159292,29.201991,False,2336.159292,29.201991,False,2336.159292,29.201991,False,2485.64289,31.070536,False,2878.187125,35.977339,False,0,0,1,0,0,1,0,0,1,0,0,0,0,0,0,9173268493,1.321871,22.09141,0.847429,34.459501,1.321871,22.09141,1.54676,20.087503,2.211425,16.268845,26.931052,83.495334,46.889837,education,0,24.269,33.569,74.129,39.989
C002_021,2,21,0.5625,15.0,645.072259,40.186226,0.001147,26.666667,1,1.777778,0,0.0,0,0.0,0,0.0,0,0.0,0,0.0,0,0.0,0,0.0,1,1.777778,1988.738542,633.408269,1329.540281,791.948719,2296.170439,0.0,0.0,0.017853,0.0,0.0,0.0,0.900935,0.918788,0.036527,0.064937,0,0.0,8,0.012461,0.009018,4,-5.001385,1.540547,Cluster 4 · road-sparse / intersection-sparse,42314,1093.281905,5039.685858,62.996073,False,1093.281905,13.666024,False,5069.423514,63.367794,False,2506.023056,31.325288,False,3748.652398,46.858155,False,0,0,0,0,0,0,0,0,0,0,0,0,0,0,0,5653385060,7.270476,8.664642,0.0,,7.21988,8.776849,3.424585,9.147178,4.433298,10.569593,14.07465,84.778383,41.070709,market,0,11.151,21.166,67.869,28.836
C002_022,2,22,0.5625,53.0,3940.769085,46.28275,0.007006,94.222222,0,0.0,0,0.0,0,0.0,0,0.0,0,0.0,0,0.0,0,0.0,0,0.0,0,0.0,2462.28422,868.529469,2077.784687,537.300793,1823.43101,0.0,0.0,0.0,0.0,0.0,0.0,0.062395,0.062395,1.499376,2.665558,1,1.777778,8,0.012461,0.00795,4,-4.608837,0.927659,Cluster 4 · road-sparse / intersection-sparse,42317,659.00031,4324.938345,54.061729,False,2071.741461,25.896768,False,4354.676001,54.43345,False,659.00031,8.237504,False,3033.904886,37.923811,False,0,0,0,0,0,1,0,0,0,1,1,2,0,0,0,5653385060,7.270476,7.43579,0.0,,7.21988,7.539384,3.424585,2.405402,4.433298,8.554311,17.418351,76.215008,38.451242,market,0,16.579,17.632,62.589,28.45
C002_023,2,23,0.5625,53.0,7229.414482,45.038092,0.012852,94.222222,0,0.0,0,0.0,0,0.0,0,0.0,0,0.0,0,0.0,0,0.0,0,0.0,0,0.0,2450.639385,1013.609027,2826.959684,1036.91924,1077.599466,0.0,0.0,0.0,0.0,0.0,0.0,0.0,0.0,0.786731,1.398632,0,0.0,8,0.012461,0.006722,4,-4.983445,1.034605,Cluster 4 · road-sparse / intersection-sparse,42318,196.776036,2892.449756,36.155622,False,1890.4602,23.630753,False,4281.344703,53.516809,False,1419.088224,17.738603,False,1260.920394,15.761505,False,0,0,0,0,0,1,0,0,0,0,0,3,0,0,1,5653353859,5.387586,6.710914,3.082825,7.665292,6.887849,7.769742,2.521555,7.034788,2.035359,7.743845,18.71436,82.134526,42.076381,market,0,17.356,15.883,70.428,30.108
C002_024,2,24,0.5625,772.0,68257.638174,52.429638,0.121347,1372.444444,7,12.444444,0,0.0,1,1.777778,0,0.0,0,0.0,2,3.555556,0,0.0,0,0.0,4,7.111111,1821.802762,1557.389829,2696.542587,410.606312,350.05795,0.0,0.0,0.0,0.0,0.004962,0.0,0.0,0.004962,4.097176,7.283869,7,12.444444,7,0.010903,0.003505,5,-2.835595,-0.720282,Cluster 5 · limited retail / low building coverage,30942,111.288586,2386.950564,29.836882,False,1060.704495,13.258806,False,3996.694231,49.958678,False,913.589032,11.419863,False,431.164689,5.389559,False,0,0,1,0,1,1,0,0,0,0,2,5,1,1,1,2428930012,4.389298,6.797643,1.656527,8.003981,6.123317,8.158761,1.523267,7.496952,0.609061,8.848966,43.260757,70.742613,46.659319,market,0,41.151,41.05,31.913,38.806
C002_025,2,25,0.478186,242.0,19781.609363,54.885665,0.041368,506.078747,2,4.182469,0,0.0,0,0.0,0,0.0,1,2.091234,0,0.0,1,2.091234,0,0.0,0,0.0,1238.840979,1558.518724,2605.649027,583.094137,535.601494,0.0,0.0,0.0,0.0,0.001529,0.0,0.0,0.001529,4.660622,9.746454,22,46.007159,6,0.009346,0.002567,1,-3.223052,-1.300917,Cluster 1 · market-distant / service-light,30951,75.433244,2410.600023,30.1325,False,1985.149103,24.814364,False,4789.376301,59.867204,False,937.238491,11.715481,False,908.351068,11.354388,False,0,0,0,0,0,1,0,0,0,0,1,2,0,1,1,5651545102,4.75696,6.334403,3.987745,6.222655,8.14107,7.353727,1.890929,6.195623,1.836704,6.181938,30.300674,76.195568,44.330889,market,0,32.131,36.369,42.465,36.198
C002_026,2,26,0.244481,52.0,3495.854302,46.361281,0.014299,212.695855,0,0.0,0,0.0,0,0.0,0,0.0,0,0.0,0,0.0,0,0.0,0,0.0,0,0.0,937.86665,868.076748,2642.327387,1227.577027,1235.995491,0.0,0.0,0.0,0.0,0.0,0.0,0.0,0.0,4.352106,17.801441,14,57.264269,5,0.007788,0.001173,1,-3.981682,-1.890227,Cluster 1 · market-distant / service-light,30817,50.066847,1547.710323,19.346379,False,1312.258899,16.403236,False,6037.609772,75.470122,False,2014.656098,25.183201,False,2497.080441,31.213506,False,0,0,1,0,0,3,0,0,0,0,0,1,0,0,0,10066757129,3.29437,5.872557,2.634228,6.226961,10.895829,6.926515,4.177577,6.028184,5.091783,6.130172,21.539658,80.832037,42.779381,market,0,32.348,42.162,72.714,45.874
C002_027,2,27,0.033657,6.0,1158.594717,118.105605,0.034424,178.269773,2,59.423258,0,0.0,0,0.0,0,0.0,0,0.0,0,0.0,0,0.0,0,0.0,2,59.423258,1046.634896,347.974449,2811.138533,1799.379573,1822.066158,0.0,0.0,0.0,0.0,0.0,0.0,0.0,0.0,0.090182,2.679443,0,0.0,3,0.004673,0.0,1,-4.617349,-2.325898,Cluster 1 · market-distant / service-light,30884,190.988669,1917.662697,23.970784,False,478.254379,5.97818,False,6722.764334,84.034554,False,2699.81066,33.747633,False,3182.235003,39.777938,False,0,0,1,2,3,5,0,0,0,0,0,0,0,0,0,5639230277,3.899912,6.146493,0.664453,8.997144,12.135123,6.924903,5.41687,6.230098,6.331077,6.282966,24.390876,76.458009,41.772471,market,0,24.767,19.596,76.687,35.937
C003_007,3,7,0.198696,107.0,14182.830969,79.83301,0.07138,538.511866,6,30.196927,0,0.0,0,0.0,1,5.032821,0,0.0,1,5.032821,0,0.0,0,0.0,4,20.131285,861.321415,726.282582,643.385,1118.281359,938.412408,0.053579,0.0,0.081919,0.0,0.0,0.0,0.0,0.135497,1.626794,8.187364,9,45.295391,3,0.004673,0.0,1,-2.779312,-3.141918,Cluster 1 · market-distant / service-light,14978,53.538887,2482.471347,31.030892,False,2509.798157,31.372477,False,995.02912,12.437864,False,2432.960156,30.412002,False,2435.974654,30.449683,False,0,0,0,0,0,0,0,1,2,0,0,0,0,0,0,11332342195,4.294763,7.225286,4.425293,7.089355,1.865043,6.668944,4.168616,7.295468,4.284842,7.106372,49.766719,78.751944,55.016133,education,0,37.846,45.257,71.516,48.857
C003_008,3,8,0.555922,448.0,61246.950646,87.81953,0.110172,805.868214,8,14.390504,0,0.0,0,0.0,1,1.798813,3,5.396439,0,0.0,0,0.0,0,0.0,4,7.195252,608.482988,852.190275,419.549344,476.55176,706.897309,0.0,0.0,0.076342,0.0,0.0,0.0,0.0,0.076342,8.34834,15.017103,33,59.360828,7,0.010903,0.003907,5,-2.103513,-1.080606,Cluster 5 · limited retail / low building coverage,14308,10.858426,1450.588496,18.132356,False,1264.339761,15.804247,False,503.101622,6.28877,False,618.801478,7.735018,False,1491.220638,18.640258,False,0,0,10,0,0,27,1,3,22,1,1,3,0,0,6,3270180377,2.887501,6.279603,2.294943,6.886552,0.893817,7.035857,1.345327,5.749547,3.119461,5.975473,38.128564,60.837869,38.253111,education,0,47.317,56.524,60.63,53.868
C003_009,3,9,0.5625,461.0,71866.58258,114.384589,0.127763,819.555556,28,49.777778,1,1.777778,2,3.555556,13,23.111111,3,5.333333,1,1.777778,0,0.0,0,0.0,8,14.222222,387.092966,211.44295,29.253001,705.139714,35.538717,0.401225,0.0,0.0,0.0,0.001265,0.0,0.0,0.40249,8.333449,14.81502,42,74.666667,8,0.012461,0.007053,7,0.654431,-0.273088,Cluster 7 · residential land use / road-dense,13345,36.216536,622.291255,7.778641,False,487.371006,6.092138,False,36.216536,0.452707,False,1594.410114,19.930126,False,147.952938,1.849412,False,1,3,10,2,4,38,2,4,22,0,0,3,1,2,11,3269787413,1.132204,6.870354,1.044886,5.830431,0.0,,2.96719,6.716836,0.258768,7.146976,60.186625,49.426516,37.619498,park,0,45.226,46.042,45.295,45.529
C003_010,3,10,0.5625,78.0,6782.379684,54.875645,0.012058,138.666667,4,7.111111,0,0.0,0,0.0,0,0.0,2,3.555556,0,0.0,0,0.0,0,0.0,2,3.555556,631.645561,472.614013,360.715497,1084.910678,737.641778,0.012539,0.0,0.0,0.0,0.0,0.0,0.0,0.012539,2.972088,5.283712,6,10.666667,8,0.012461,0.009029,5,-3.012907,0.599644,Cluster 5 · limited retail / low building coverage,13412,421.253955,759.129704,9.489121,False,609.749579,7.62187,False,672.38638,8.40483,False,1184.513352,14.806417,False,1226.583173,15.33229,False,1,2,13,1,9,39,1,6,25,0,1,3,0,0,13,3269798904,0.516958,18.355689,1.19988,6.352195,0.718093,11.704374,1.112294,13.3116,1.21355,12.634251,33.255573,50.505443,30.279702,education,0,21.12,23.511,71.026,34.433
C003_011,3,11,0.5625,10.0,2935.981711,34.739297,0.00522,17.777778,0,0.0,0,0.0,0,0.0,0,0.0,0,0.0,0,0.0,0,0.0,0,0.0,0,0.0,984.050281,890.020976,456.83062,1348.395706,890.020976,0.0,0.0,0.0,0.0,0.0,0.0,0.0,0.0,1.955589,3.476603,5,8.888889,8,0.012461,0.01131,4,-4.108168,1.223266,Cluster 4 · road-sparse / intersection-sparse,38427,522.818854,2024.555121,25.306939,False,1496.317847,18.703973,False,1478.059808,18.475748,False,2411.377083,30.142214,False,1725.107768,21.563847,False,0,0,1,0,0,5,0,0,8,0,0,0,0,0,3,8946113281,5.910841,4.281445,2.206647,8.476196,3.572737,5.171315,5.193258,5.804104,2.206647,9.772223,14.955936,80.423795,39.386397,education,0,15.412,16.477,74.02,30.437
C003_012,3,12,0.5625,184.0,27703.429926,47.740526,0.049251,327.111111,1,1.777778,0,0.0,0,0.0,0,0.0,0,0.0,0,0.0,0,0.0,0,0.0,1,1.777778,959.91709,673.807448,662.942466,1152.227587,859.804712,0.194544,0.0,0.0,0.00051,0.0,0.0,0.0,0.195054,3.244301,5.767646,19,33.777778,8,0.012461,0.012711,5,-3.243034,0.39591,Cluster 5 · limited retail / low building coverage,38422,218.273525,2067.775534,25.847194,False,1189.494304,14.868679,False,1171.236265,14.640453,False,2104.55354,26.306919,False,1572.822245,19.660278,False,0,0,1,0,1,6,0,1,15,0,0,2,0,0,14,10904372214,4.465524,5.788166,1.472493,10.097619,2.127419,6.881791,3.747941,7.019032,2.168246,9.067365,48.107828,74.105754,51.032703,healthcare,0,31.757,28.437,72.006,40.657
C003_013,3,13,0.5625,1247.0,87365.073686,46.497647,0.155316,2216.888889,23,40.888889,1,1.777778,1,1.777778,0,0.0,3,5.333333,1,1.777778,1,1.777778,1,1.777778,15,26.666667,735.215428,154.496415,497.546356,553.781731,574.567035,0.001287,0.000539,0.139574,0.0,0.0,0.0,0.0,0.1414,9.212453,16.377694,36,64.0,8,0.012461,0.014152,3,-0.537636,-0.387836,Cluster 3 · building-dense / limited recreation POIs,11460,114.456598,1638.663806,20.483298,False,340.781524,4.259769,False,718.997241,8.987466,False,1524.246781,19.053085,False,883.438853,11.042986,False,0,0,10,1,5,31,2,8,24,0,0,4,0,1,15,3919400675,2.607677,7.854998,0.385353,11.054187,1.040279,8.639475,1.890094,10.080496,1.501708,7.353615,61.586314,60.614308,46.643794,healthcare,0,56.633,68.499,62.97,62.37
C003_014,3,14,0.5625,2289.0,134392.640731,45.443511,0.23892,4069.333333,8,14.222222,0,0.0,0,0.0,1,1.777778,1,1.777778,0,0.0,1,1.777778,0,0.0,5,8.888889,759.691572,550.607712,130.915083,640.874403,550.607712,0.018868,0.0,0.0,0.0,0.004196,0.0,0.0,0.023064,7.59349,13.499537,39,69.333333,8,0.012461,0.014948,3,-1.130971,-0.415135,Cluster 3 · building-dense / limited recreation POIs,11489,452.971476,2291.193885,28.639924,False,970.144289,12.126804,False,970.144289,12.126804,False,2176.776859,27.209711,False,1031.812947,12.897662,False,0,0,1,0,5,10,0,6,17,0,0,1,0,1,6,5660003945,3.487305,8.212624,1.388873,8.731399,1.388873,8.731399,2.769722,9.823987,1.531985,8.418922,77.086573,69.167963,59.658712,healthcare,0,61.726,63.639,39.339,56.799
C003_015,3,15,0.5625,2008.0,128305.982967,53.883029,0.2281,3569.777778,13,23.111111,1,1.777778,2,3.555556,1,1.777778,2,3.555556,0,0.0,1,1.777778,0,0.0,6,10.666667,322.79601,204.18652,736.985941,593.786492,1144.971124,0.0,0.0,0.0,0.0,0.000477,0.0,0.0,0.000477,6.351103,11.290849,39,69.333333,8,0.012461,0.015501,3,-0.769804,-0.35668,Cluster 3 · building-dense / limited recreation POIs,10352,634.377852,758.936477,9.486706,False,634.377852,7.929723,False,1118.69074,13.983634,False,758.936477,9.486706,False,1919.485244,23.993566,False,1,1,30,2,6,81,0,1,99,1,1,16,0,0,10,5665316290,0.193147,49.116548,0.0,,0.91521,15.279152,0.193147,49.116548,2.096077,11.446892,59.538621,53.858865,40.783641,market,0,58.694,58.11,44.596,54.965
C003_016,3,16,0.5625,196.0,21631.041207,76.411722,0.038455,348.444444,0,0.0,0,0.0,0,0.0,0,0.0,0,0.0,0,0.0,0,0.0,0,0.0,0,0.0,515.529721,516.214614,1314.265694,863.919508,855.445977,0.0,0.0,0.0,0.0,0.002098,0.0,0.0,0.002098,1.472405,2.617609,3,5.333333,8,0.012461,0.01581,5,-3.63356,0.948836,Cluster 5 · limited retail / low building coverage,9323,866.352517,1929.652235,24.120653,False,1684.654365,21.05818,False,1925.192832,24.06491,False,1426.545058,17.831813,False,866.352517,10.829406,False,0,0,7,0,0,10,0,0,13,0,0,7,0,1,1,4476151948,1.577349,15.29189,1.152214,18.276278,1.686095,14.272572,0.829018,21.509569,0.076277,141.974904,28.17522,78.713064,44.791773,education,0,23.748,22.675,45.715,28.864
C003_017,3,17,0.5625,0.0,0.0,0.0,0.0,0.0,1,1.777778,0,0.0,0,0.0,0,0.0,0,0.0,0,0.0,0,0.0,0,0.0,1,1.777778,1245.931187,515.51527,1376.275292,1108.489964,857.840075,0.0,0.0,0.0,0.0,0.0,0.0,0.0,0.0,0.0,0.0,0,0.0,8,0.012461,0.01588,4,-5.033426,2.589041,Cluster 4 · road-sparse / intersection-sparse,9364,644.615436,2045.614518,25.570181,False,1715.931264,21.449141,False,1885.268628,23.565858,False,1542.507341,19.281342,False,1084.17812,13.552226,False,0,0,0,0,0,0,0,0,0,0,0,2,0,0,1,4592271971,2.388256,10.706634,1.612023,13.305726,1.866867,12.62321,1.45663,13.236955,0.887183,15.275563,11.430793,79.432348,37.220788,education,0,8.165,9.199,71.353,24.324
C003_018,3,18,0.5625,4.0,169.703937,36.142684,0.000302,7.111111,1,1.777778,0,0.0,1,1.777778,0,0.0,0,0.0,0,0.0,0,0.0,0,0.0,0,0.0,1546.805845,263.618345,870.499147,598.500798,1296.629101,0.0,0.0,0.0,0.0,0.0,0.0,0.274794,0.274794,0.223942,0.39812,0,0.0,8,0.012461,0.015712,4,-4.335242,2.103584,Cluster 4 · road-sparse / intersection-sparse,37360,507.42381,1963.310216,24.541378,False,507.42381,6.342798,False,1040.455904,13.005699,False,507.42381,6.342798,False,1630.590555,20.382382,False,0,0,1,1,2,5,0,1,3,1,2,5,0,0,2,5783925251,2.483575,9.881473,0.0,,1.096533,11.860744,0.0,,2.07946,9.801769,12.51944,57.980171,27.547344,healthcare,0,10.101,11.47,64.114,24.083
C003_019,3,19,0.5625,0.0,0.0,0.0,0.0,0.0,0,0.0,0,0.0,0,0.0,0,0.0,0,0.0,0,0.0,0,0.0,0,0.0,0,0.0,1060.835009,946.928381,863.94667,782.723713,1112.213079,0.0,0.0,0.0,0.0,0.0,0.0,0.082538,0.082538,0.0,0.0,0,0.0,8,0.012461,0.015309,4,-5.135681,2.605956,Cluster 4 · road-sparse / intersection-sparse,37361,606.123776,2012.388636,25.154858,False,1068.488593,13.356107,False,606.123776,7.576547,False,1171.76896,14.647112,False,1679.668975,20.995862,False,0,0,0,0,0,0,0,0,0,0,0,0,0,0,0,4430164365,2.428422,10.358521,1.009667,13.228225,0.0,,1.165061,12.571969,2.024306,10.371879,11.430793,72.881026,34.150938,education,0,8.165,9.199,67.76,23.426
C003_020,3,20,0.5625,1.0,51.953045,51.953045,9.2e-05,1.777778,0,0.0,0,0.0,0,0.0,0,0.0,0,0.0,0,0.0,0,0.0,0,0.0,0,0.0,991.530893,991.530893,991.530893,1324.820452,1384.842533,0.0,0.0,0.0,0.0,0.0,0.0,0.853165,0.853165,0.0,0.0,0,0.0,8,0.012461,0.014335,4,-5.21442,2.310638,Cluster 4 · road-sparse / intersection-sparse,7356,733.895727,1614.134028,20.176675,False,1614.134028,20.176675,False,1614.134028,20.176675,False,1763.617626,22.04522,False,2156.161861,26.952023,False,0,0,1,0,0,1,0,0,1,0,0,0,0,0,0,9173268493,1.321871,15.263727,0.847429,23.809272,1.321871,15.263727,1.54676,14.252519,2.211425,12.187625,12.104717,78.402022,37.055015,education,0,8.822,9.553,73.748,25.309
C003_021,3,21,0.5625,0.0,0.0,0.0,0.0,0.0,1,1.777778,0,0.0,0,0.0,0,0.0,0,0.0,0,0.0,1,1.777778,0,0.0,0,0.0,1402.10417,1058.985347,1402.10417,1384.80002,1615.881287,0.0,0.0,0.0,0.0,0.0,0.0,0.999973,0.999973,0.0,0.0,0,0.0,8,0.012461,0.013422,4,-5.232772,2.434433,Cluster 4 · road-sparse / intersection-sparse,7354,777.426019,2023.760761,25.29701,False,2023.760761,25.29701,False,2023.760761,25.29701,False,2173.244359,27.165554,False,2565.788594,32.072357,False,0,0,1,0,0,1,0,0,1,0,0,1,0,0,0,5662635629,2.1693,11.661369,0.0,,2.1693,11.661369,2.394189,11.346454,3.058855,10.485087,11.430793,81.940124,38.395893,education,0,8.165,9.199,74.347,25.072
C003_022,3,22,0.5625,259.0,10607.49304,35.624163,0.018858,460.444444,2,3.555556,0,0.0,0,0.0,0,0.0,0,0.0,0,0.0,1,1.777778,0,0.0,1,1.777778,2018.330671,1098.483746,2018.330671,900.799824,1769.422869,0.0,0.0,0.0,0.0,0.0,0.0,0.533923,0.533923,0.798755,1.420009,2,3.555556,8,0.012461,0.012217,4,-4.141777,0.782934,Cluster 4 · road-sparse / intersection-sparse,42314,66.205603,4012.609556,50.157619,False,66.205603,0.82757,False,4042.347212,50.52934,False,1478.946754,18.486834,False,2721.576096,34.019701,False,0,0,0,0,0,0,0,0,0,0,0,0,0,0,0,5653385060,7.270476,6.898808,0.0,,7.21988,6.99864,3.424585,5.39827,4.433298,7.673678,26.464489,73.211509,40.909635,market,0,23.173,22.512,68.904,34.374
C003_023,3,23,0.5625,384.0,19203.706067,38.301409,0.03414,682.666667,6,10.666667,0,0.0,0,0.0,3,5.333333,0,0.0,0,0.0,0,0.0,0,0.0,3,5.333333,2202.033792,1244.518105,2268.878065,911.158356,1394.636035,0.0,0.0,0.0,0.0,0.0,0.0,0.0,0.0,2.40067,4.267857,4,7.111111,8,0.012461,0.010134,5,-3.666583,0.373371,Cluster 5 · limited retail / low building coverage,42316,114.924971,3399.212433,42.490155,False,1009.798126,12.622477,False,3428.95009,42.861876,False,865.549632,10.81937,False,2108.178974,26.352237,False,0,0,0,0,1,3,0,0,0,0,1,4,0,0,1,5653411517,5.906004,7.1944,1.902501,6.634676,5.855408,7.320049,2.060113,5.251833,3.068826,8.587074,31.130119,72.424184,42.497114,market,0,30.093,29.23,69.23,39.575
C003_024,3,24,0.5625,188.0,10591.356959,39.381613,0.018829,334.222222,0,0.0,0,0.0,0,0.0,0,0.0,0,0.0,0,0.0,0,0.0,0,0.0,0,0.0,1470.470921,1256.86295,1963.523905,524.332483,952.013461,0.0,0.0,0.0,0.0,0.0,0.0,0.0,0.0,0.650578,1.156583,0,0.0,8,0.012461,0.008838,4,-4.525116,0.974334,Cluster 4 · road-sparse / intersection-sparse,30962,212.335167,2368.992544,29.612407,False,2454.85339,30.685667,False,4918.584686,61.482309,False,895.631012,11.195388,False,1378.055355,17.225692,False,0,0,1,0,0,0,0,0,0,0,1,1,0,0,1,5653269417,4.161817,7.11526,4.361034,7.036328,8.014038,7.671826,1.295786,8.639844,2.209992,7.794458,25.0648,76.428849,42.065583,education,0,22.022,20.607,62.045,31.532
C003_025,3,25,0.5625,69.0,3824.091612,35.822468,0.006798,122.666667,1,1.777778,0,0.0,0,0.0,0,0.0,0,0.0,0,0.0,0,0.0,0,0.0,1,1.777778,774.994604,1518.29203,1920.428228,650.845683,996.318016,0.0,0.0,0.0,0.0,0.0,0.0,0.0,0.0,4.977556,8.848988,21,37.333333,8,0.012461,0.007228,5,-3.663372,0.378698,Cluster 5 · limited retail / low building coverage,42330,86.952577,1402.212997,17.527662,False,1921.72653,24.021582,False,5690.095269,71.126191,False,1667.141595,20.83927,False,2149.565938,26.869574,False,0,0,1,0,0,3,0,0,0,0,0,1,0,0,1,11876896438,2.867738,6.112018,3.96558,6.057521,10.048779,7.078093,3.330527,6.257049,4.244733,6.330097,18.014515,80.365474,40.83266,market,0,22.807,28.95,65.202,35.556
C003_026,3,26,0.5625,76.0,8194.503181,39.038116,0.014568,135.111111,1,1.777778,0,0.0,0,0.0,0,0.0,0,0.0,0,0.0,0,0.0,0,0.0,1,1.777778,404.905599,773.25527,2155.380021,1302.795323,1484.577229,0.0,0.0,0.0,0.0,0.0,0.0,0.0,0.0,6.474434,11.510104,25,44.444444,8,0.012461,0.005769,5,-3.557245,0.154011,Cluster 5 · limited retail / low building coverage,42290,69.751784,1520.233294,19.002916,False,1284.78187,16.059773,False,6010.132743,75.126659,False,1987.179069,24.839738,False,2469.603412,30.870043,False,0,0,1,0,0,3,0,0,0,0,0,1,0,0,0,10066757138,3.185392,5.965645,2.525249,6.359678,10.786851,6.964652,4.068598,6.105233,4.982805,6.195315,19.828927,80.540435,41.798357,market,0,26.89,32.263,73.53,40.431
C003_027,3,27,0.536749,1052.0,95692.532762,53.006746,0.178282,1959.947833,4,7.452273,0,0.0,2,3.726137,0,0.0,0,0.0,0,0.0,0,0.0,0,0.0,2,3.726137,768.821484,225.536602,2478.268136,1853.577455,1973.482883,0.0,0.0,0.0,0.0,0.0,0.0,0.0,0.0,5.57892,10.393908,25,46.576707,7,0.010903,0.003059,5,-2.827732,-1.351259,Cluster 5 · limited retail / low building coverage,30823,107.648653,1136.931088,14.211639,False,517.774536,6.472182,False,6633.246294,82.915579,False,2610.29262,32.628658,False,3092.716963,38.658962,False,0,1,1,2,3,5,0,0,0,0,0,0,0,0,0,5660572851,2.389923,5.946484,0.770608,8.398804,11.974206,6.924516,5.255954,6.207943,6.17016,6.265471,49.170555,71.636858,49.789288,market,0,52.97,48.717,77.177,57.533
C003_028,3,28,0.333831,293.0,19312.267284,50.418584,0.05785,877.689297,2,5.991053,0,0.0,1,2.995527,0,0.0,0,0.0,0,0.0,0,0.0,0,0.0,1,2.995527,1602.522463,409.062535,3062.539943,2789.052368,2880.7113,0.0,0.0,0.081097,0.0,0.0,0.0,0.0,0.081097,2.466866,7.389562,9,26.959739,5,0.007788,0.001163,1,-3.997507,-2.239382,Cluster 1 · market-distant / service-light,30917,98.622649,2447.596011,30.59495,False,773.368903,9.667111,False,7710.426942,96.380337,False,3687.473268,46.093416,False,4169.897611,52.12372,False,0,0,0,1,2,5,0,0,0,0,0,0,0,0,0,5783774234,5.256289,5.820637,1.397028,6.919767,14.151384,6.810665,7.433131,6.201076,8.347338,6.244352,35.381026,80.919518,49.545901,market,0,37.737,47.792,80.443,51.933
C003_029,3,29,0.098191,6.0,337.871596,40.83757,0.003441,61.105269,1,10.184212,0,0.0,0,0.0,0,0.0,0,0.0,0,0.0,0,0.0,0,0.0,1,10.184212,2302.429008,1093.826743,3604.246089,3325.681492,3178.191005,0.0,0.0,0.783031,0.0,0.0,0.0,0.0,0.783031,0.528346,5.380786,1,10.184212,3,0.004673,0.0,1,-5.433254,-3.082322,Cluster 1 · market-distant / service-light,30579,224.528818,4787.353309,59.841916,False,3016.965312,37.712066,False,4138.040256,51.725503,False,5073.885534,63.423569,False,3573.485076,44.668563,False,0,0,0,0,0,0,0,0,0,0,0,0,0,0,0,5660553704,5.39979,11.082267,1.54053,24.479928,14.294886,3.618462,7.576633,8.370944,8.49084,5.260795,15.785381,89.346812,44.200966,education,0,17.698,33.896,81.314,39.271
C004_006,4,6,0.192531,632.0,51202.255258,56.871044,0.265943,3282.587497,20,103.879351,1,5.193968,2,10.387935,1,5.193968,4,20.77587,0,0.0,0,0.0,0,0.0,12,62.327611,665.690909,854.252165,380.977751,906.024399,914.394605,0.0,0.0,0.0,0.0,0.0,0.0,0.0,0.0,3.029408,15.734646,25,129.849189,3,0.004673,0.0,1,-0.96606,-4.01678,Cluster 1 · market-distant / service-light,15039,44.320876,785.410732,9.817634,False,1646.060555,20.575757,False,429.50136,5.368767,False,1569.222554,19.615282,False,1572.237052,19.652963,False,1,1,5,0,0,16,1,3,18,0,0,2,0,0,2,4461367492,1.403462,6.995297,2.472,8.323526,0.674261,7.96245,2.215322,8.854369,2.331549,8.429144,59.901503,64.210731,48.762208,education,0,66.602,62.356,69.012,65.718
C004_007,4,7,0.554743,600.0,58741.52276,61.525053,0.10589,1081.581721,26,46.868541,1,1.802636,4,7.210545,0,0.0,2,3.605272,1,1.802636,0,0.0,0,0.0,18,32.447452,406.519751,269.809452,335.704246,700.605756,446.754519,0.0,0.0,0.229344,0.0,0.0,0.0,0.0,0.229344,3.444715,6.209568,13,23.434271,7,0.010903,0.004175,3,-1.464664,-1.059682,Cluster 3 · building-dense / limited recreation POIs,14972,202.657281,1846.06937,23.075867,False,1873.396179,23.417452,False,358.627142,4.482839,False,1796.558179,22.456977,False,1799.572676,22.494658,False,0,0,5,0,0,15,1,1,17,0,0,2,0,0,2,3959062716,2.791955,8.265129,2.922485,8.012857,0.362234,12.375533,2.665807,8.424082,2.782034,8.085688,40.357698,71.9479,46.20107,education,0,42.006,48.421,65.91,50.227
C004_008,4,8,0.5625,1085.0,116784.474201,79.178318,0.207617,1928.888889,85,151.111111,0,0.0,8,14.222222,2,3.555556,25,44.444444,0,0.0,0,0.0,1,1.777778,49,87.111111,474.130302,224.45361,78.730763,846.688866,575.457011,0.0,0.0,0.002461,0.0,0.0,0.0,0.0,0.002461,10.917031,19.408055,77,136.888889,8,0.012461,0.007653,3,0.236038,-0.753796,Cluster 3 · building-dense / limited recreation POIs,38722,43.878066,577.021669,7.212771,False,424.676048,5.308451,False,170.010248,2.125128,False,1119.255148,13.990689,False,714.645661,8.933071,False,1,2,11,9,15,38,6,10,33,0,1,5,1,2,7,3269558131,1.047796,6.883756,0.758429,6.999269,0.193259,10.996268,2.055511,6.806429,1.308894,6.824902,49.896319,42.476672,29.707246,park,0,60.754,68.694,68.305,65.421
C004_009,4,9,0.5625,1190.0,162124.253848,106.474175,0.288221,2115.555556,72,128.0,3,5.333333,5,8.888889,2,3.555556,8,14.222222,2,3.555556,2,3.555556,4,7.111111,46,81.777778,88.525565,177.997045,139.186758,751.086259,289.546346,0.694552,0.0,0.0,0.0,0.007187,0.0,0.0,0.701738,14.782271,26.279593,73,129.777778,8,0.012461,0.010073,7,1.964066,-0.704607,Cluster 7 · residential land use / road-dense,13374,16.287892,58.916167,0.736452,False,252.019309,3.150241,False,146.268058,1.828351,False,1085.79346,13.572418,False,434.53317,5.431665,False,2,5,31,2,12,120,2,10,101,0,1,8,3,5,21,3269787425,0.099052,7.43504,0.429105,7.341415,0.302023,6.053673,1.422631,9.540362,0.816593,6.65162,77.034733,35.089425,30.254397,park,0,69.253,72.768,38.593,62.818
C004_010,4,10,0.5625,1849.0,211927.64747,90.8456,0.37676,3287.111111,93,165.333333,7,12.444444,11,19.555556,2,3.555556,14,24.888889,2,3.555556,0,0.0,2,3.555556,55,97.777778,118.459886,143.056515,84.166989,337.737091,316.570948,0.77614,0.0,0.0,0.018039,0.0,0.0,0.0,0.794179,13.220505,23.50312,72,128.0,8,0.012461,0.012826,7,2.359981,-0.768066,Cluster 7 · residential land use / road-dense,13232,48.397422,168.292642,2.103658,False,313.319639,3.916495,False,248.213994,3.102675,False,480.921715,6.011521,False,437.154031,5.464425,False,4,5,53,9,14,190,6,13,138,1,1,7,3,6,37,3269798927,0.277116,7.591251,0.612821,6.390927,0.391722,7.920603,0.785923,7.648992,0.887179,6.15933,87.247278,34.039658,31.435068,education,0,80.964,75.358,56.275,72.83
C004_011,4,11,0.5625,377.0,36272.69245,55.029038,0.064485,670.222222,12,21.333333,0,0.0,0,0.0,0,0.0,1,1.777778,0,0.0,1,1.777778,0,0.0,10,17.777778,442.525667,391.817153,402.005479,869.025973,399.699234,0.00307,0.0,0.00851,0.00912,0.0,0.0,0.0,0.0207,3.082905,5.480719,15,26.666667,8,0.012461,0.014732,5,-2.057476,0.415007,Cluster 5 · limited retail / low building coverage,12464,193.723115,830.206315,10.377579,False,575.043922,7.188049,False,575.043922,7.188049,False,1290.420306,16.130254,False,575.043922,7.188049,False,0,3,34,2,7,107,1,6,90,0,0,5,1,2,29,6657399515,1.324971,7.832306,0.0,,0.0,,2.109336,7.647078,0.0,,46.241576,54.442068,36.88175,park,0,35.257,40.793,68.414,45.484
C004_012,4,12,0.5625,670.0,80466.459478,50.54749,0.143051,1191.111111,22,39.111111,1,1.777778,2,3.555556,0,0.0,5,8.888889,1,1.777778,0,0.0,0,0.0,13,23.111111,315.391539,356.085254,354.048731,776.572103,356.085254,0.0,0.0,0.0,0.0,0.0,0.0,0.0,0.0,3.496675,6.21631,16,28.444444,8,0.012461,0.016681,3,-1.017505,0.304861,Cluster 3 · building-dense / limited recreation POIs,38246,61.900748,1745.568139,21.819602,False,733.956222,9.174453,False,715.698184,8.946227,False,1649.015459,20.612693,False,1117.284163,13.966052,False,0,0,17,1,1,49,1,1,38,0,0,4,0,1,20,7765546541,2.796785,7.801673,1.179561,7.777853,1.179561,7.58437,2.412797,8.543071,2.170389,6.434814,42.897875,68.895801,45.291221,healthcare,0,44.93,38.04,67.652,48.199
C004_013,4,13,0.5625,1796.0,160758.545042,56.176498,0.285793,3192.888889,118,209.777778,3,5.333333,10,17.777778,4,7.111111,21,37.333333,14,24.888889,5,8.888889,2,3.555556,59,104.888889,181.236799,37.595685,114.147856,420.085398,154.369076,0.0,0.0,0.0,0.0,0.008393,0.0,0.0,0.008393,11.497805,20.440542,84,149.333333,8,0.012461,0.017961,6,3.091135,-0.196433,Cluster 6 · high building coverage / retail-rich,11779,28.735633,274.637431,3.432968,False,124.286865,1.553586,False,140.652637,1.758158,False,608.444588,7.605557,False,255.701176,3.196265,False,1,10,53,5,20,114,10,17,101,2,4,11,8,16,36,382020388,0.183937,18.663838,0.0,,0.0,,0.841333,9.039889,0.183937,17.376966,60.471747,26.914852,20.53147,education,0,66.936,68.888,29.611,58.288
C004_014,4,14,0.5625,1881.0,180151.737344,73.417306,0.32027,3344.0,85,151.111111,5,8.888889,16,28.444444,2,3.555556,12,21.333333,1,1.777778,5,8.888889,1,1.777778,43,76.444444,94.258735,37.139876,102.322328,216.074905,596.189654,0.0,0.0,0.0,0.029902,0.072686,0.0,0.0,0.102589,11.108831,19.749032,97,172.444444,8,0.012461,0.019142,6,2.679947,-0.177124,Cluster 6 · high building coverage / retail-rich,38216,17.85431,475.37071,5.942134,False,387.267713,4.840846,False,379.941971,4.749275,False,560.153079,7.001913,False,822.700968,10.283762,False,3,8,43,15,27,113,5,15,126,3,5,17,0,5,30,7918414592,1.139802,5.213302,0.935808,5.172903,0.637706,7.447441,0.857362,8.166807,1.326667,7.751579,62.130638,33.952177,26.237693,education,0,66.135,68.258,9.471,52.712
C004_015,4,15,0.5625,2087.0,127111.611032,42.491288,0.225976,3710.222222,37,65.777778,0,0.0,5,8.888889,4,7.111111,6,10.666667,0,0.0,1,1.777778,2,3.555556,19,33.777778,607.997159,111.675549,388.583759,201.320341,828.928149,0.0,0.0,0.035438,0.101878,0.0,0.0,0.0,0.137316,8.199418,14.576743,57,101.333333,8,0.012461,0.019774,3,0.541249,-0.098444,Cluster 3 · building-dense / limited recreation POIs,10354,47.718477,163.63961,2.045495,False,259.954388,3.24943,False,609.52343,7.619043,False,163.63961,2.045495,False,1092.34611,13.654326,False,2,11,68,8,32,182,2,29,184,2,5,29,0,1,34,5665316352,0.231478,8.836673,0.231478,14.03775,1.339835,5.686553,0.231478,8.836673,1.671452,8.16914,60.368066,26.914852,20.514726,market,0,64.432,73.196,51.431,64.249
C004_016,4,16,0.5625,792.0,57703.965181,52.510585,0.102585,1408.0,7,12.444444,0,0.0,0,0.0,0,0.0,1,1.777778,1,1.777778,0,0.0,0,0.0,5,8.888889,442.731317,477.678602,591.07999,447.179684,372.813066,0.0,0.0,0.0,0.0,0.0,0.0,0.068626,0.068626,3.667806,6.520544,14,24.888889,8,0.012461,0.020116,5,-1.821091,0.565943,Cluster 5 · limited retail / low building coverage,9322,210.207738,1071.729528,13.396619,False,807.333457,10.091668,False,1067.270126,13.340877,False,568.622351,7.107779,False,477.897038,5.973713,False,0,3,43,0,5,127,0,4,131,1,1,23,1,1,15,4476151948,1.577349,8.493121,1.152214,8.758503,1.686095,7.912293,0.829018,8.573737,0.076277,78.316141,42.716433,52.109253,34.19923,education,0,43.577,40.214,59.868,46.473
C004_017,4,17,0.5625,615.0,44842.004925,53.304398,0.079719,1093.333333,5,8.888889,0,0.0,0,0.0,0,0.0,0,0.0,0,0.0,0,0.0,0,0.0,5,8.888889,706.028448,706.028448,837.814786,474.952,378.274183,0.0,0.0,0.0,0.0,0.000712,0.0,0.423141,0.423853,4.103227,7.294626,4,7.111111,8,0.012461,0.020177,5,-2.643622,0.710338,Cluster 5 · limited retail / low building coverage,9375,89.922366,1467.155962,18.33945,False,1214.375336,15.179692,False,1383.712699,17.296409,False,964.048785,12.05061,False,403.856244,5.048203,False,0,0,19,0,0,66,0,0,74,0,2,16,1,1,5,4592271973,2.678599,6.846656,1.902367,7.979371,2.157211,8.01795,1.746973,6.897994,1.177527,4.287123,38.906169,68.856921,43.616522,education,0,37.893,39.067,40.762,39.021
C004_018,4,18,0.5625,325.0,28340.623648,51.990136,0.050383,577.777778,12,21.333333,0,0.0,1,1.777778,6,10.666667,0,0.0,0,0.0,0,0.0,2,3.555556,3,5.333333,1005.69361,219.055332,383.906178,107.117706,761.331026,0.0,0.0,0.0,0.0,0.181681,0.0,0.180144,0.361825,5.193124,9.23222,21,37.333333,8,0.012461,0.019962,3,-0.976697,1.15368,Cluster 3 · building-dense / limited recreation POIs,8519,79.431735,1331.527929,16.644099,False,239.336253,2.991703,False,408.673617,5.10842,False,136.055886,1.700699,False,998.808268,12.485103,False,0,0,16,2,2,62,2,2,30,2,4,10,0,1,10,5660209460,1.882496,8.841507,0.24061,12.433828,0.495454,10.310587,0.085216,19.957444,1.47838,8.445123,31.752203,46.053655,27.195292,healthcare,0,29.635,36.516,3.188,25.432
C004_019,4,19,0.5625,252.0,23021.0194,48.688676,0.040926,448.0,11,19.555556,0,0.0,0,0.0,4,7.111111,1,1.777778,1,1.777778,0,0.0,0,0.0,5,8.888889,511.063631,511.063631,368.80759,518.518304,367.961737,0.0,0.0,0.0,0.0,0.010646,0.0,0.0,0.010646,3.20521,5.698151,14,24.888889,8,0.012461,0.019259,5,-1.700995,0.886516,Cluster 5 · limited retail / low building coverage,37365,18.979303,850.911492,10.636394,False,680.959881,8.511999,False,511.622517,6.395281,False,701.427894,8.767849,False,547.860275,6.848253,False,0,1,11,1,3,46,1,3,22,2,3,10,1,1,7,5660422606,1.329563,7.999915,1.074716,7.920227,0.819873,7.800335,1.104675,7.937041,0.925448,7.399934,29.523069,49.222395,28.408135,education,0,26.921,29.767,31.804,29.138
C004_020,4,20,0.5625,153.0,12114.977597,37.747332,0.021538,272.0,16,28.444444,1,1.777778,1,1.777778,1,1.777778,4,7.111111,0,0.0,0,0.0,0,0.0,9,16.0,344.8893,344.8893,344.8893,701.81708,651.825217,0.0,0.0,0.002333,0.0,0.0,0.0,0.001143,0.003476,1.322076,2.350357,4,7.111111,8,0.012461,0.018504,5,-1.9919,1.107423,Cluster 5 · limited retail / low building coverage,37299,286.063709,1446.609496,18.082619,False,1446.609496,18.082619,False,1446.609496,18.082619,False,1596.093095,19.951164,False,1988.637329,24.857967,False,0,0,2,0,0,4,0,0,3,0,0,2,0,0,3,5662633520,1.970908,9.174765,0.66435,27.218509,1.970908,9.174765,2.195797,9.086071,2.860463,8.690191,24.235355,77.099533,42.051021,education,0,22.768,29.3,65.964,35.853
C004_021,4,21,0.5625,82.0,8630.78277,42.322763,0.015344,145.777778,4,7.111111,0,0.0,2,3.555556,0,0.0,0,0.0,0,0.0,0,0.0,0,0.0,2,3.555556,1049.624325,410.939697,1049.624325,986.07077,1036.699563,0.0,0.0,0.012203,0.0,0.0,0.0,0.163154,0.175357,0.998883,1.775793,0,0.0,8,0.012461,0.017463,4,-3.722158,1.398093,Cluster 4 · road-sparse / intersection-sparse,7354,301.657456,1547.992198,19.349902,False,1547.992198,19.349902,False,1547.992198,19.349902,False,1697.475797,21.218447,False,2090.020031,26.12525,False,0,0,1,0,0,1,0,0,1,0,0,1,0,0,0,5662635629,2.1693,8.919882,0.0,,2.1693,8.919882,2.394189,8.862479,3.058855,8.54086,20.191809,77.916019,40.606,education,0,18.865,26.656,69.938,34.36
C004_022,4,22,0.5625,109.0,11525.10919,39.26925,0.020489,193.777778,6,10.666667,0,0.0,0,0.0,1,1.777778,0,0.0,0,0.0,0,0.0,1,1.777778,4,7.111111,1791.500437,504.071433,1791.23532,370.093494,1257.196129,0.0,0.0,0.0,0.0,0.0,0.0,0.158773,0.158773,1.505212,2.675933,3,5.333333,8,0.012461,0.015806,5,-3.289484,1.132308,Cluster 5 · limited retail / low building coverage,7099,189.259729,2665.712037,33.3214,False,464.910165,5.811377,False,2644.599266,33.057491,False,461.993317,5.774916,False,1709.609552,21.370119,False,0,0,0,1,1,2,0,0,0,2,2,3,0,0,1,374130616,3.800616,8.767367,3.245514,1.790587,3.800616,8.697929,0.331287,17.431781,3.543168,6.031359,22.524624,64.560653,34.549488,market,0,21.936,19.907,57.364,30.083
C004_023,4,23,0.5625,130.0,17068.495154,49.807218,0.030344,231.111111,9,16.0,0,0.0,0,0.0,3,5.333333,0,0.0,0,0.0,0,0.0,1,1.777778,5,8.888889,1504.551753,567.314721,1655.183604,272.002882,732.57561,0.0,0.0,0.0,0.0,0.0,0.0,0.0,0.0,2.17001,3.857796,7,12.444444,8,0.012461,0.014404,5,-2.739934,0.927533,Cluster 5 · limited retail / low building coverage,31178,109.773899,2335.412034,29.19265,False,879.904851,10.998811,False,2122.092165,26.526152,False,148.812727,1.860159,False,1187.102451,14.838781,False,0,0,1,0,2,3,0,0,1,2,2,4,0,1,2,12865215439,3.898021,7.489096,3.372455,3.261366,3.847425,6.894522,0.05213,35.683361,2.884953,5.143509,25.0648,62.937403,34.640042,market,0,25.638,22.512,53.663,31.55
C004_024,4,24,0.5625,9.0,2029.308519,128.197513,0.003608,16.0,0,0.0,0,0.0,0,0.0,0,0.0,0,0.0,0,0.0,0,0.0,0,0.0,0,0.0,1428.472853,593.906688,1250.803873,994.171679,785.997418,0.0,0.0,0.0,0.0,0.0,0.0,0.0,0.0,0.0,0.0,0,0.0,8,0.012461,0.012787,4,-4.866933,1.893166,Cluster 4 · road-sparse / intersection-sparse,31169,474.56168,2011.696284,25.146204,False,595.308949,7.441362,False,1798.376415,22.479705,False,1392.139333,17.401742,False,863.386701,10.792334,False,0,0,1,1,1,2,0,0,2,0,0,3,0,1,1,5653269417,4.161817,6.042122,4.361034,1.70633,8.014038,2.805041,1.295786,13.429489,2.209992,4.883426,14.333852,73.328149,35.637709,market,0,11.248,10.369,69.992,25.626
C004_025,4,25,0.5625,168.0,7439.786139,35.863357,0.013226,298.666667,2,3.555556,0,0.0,0,0.0,0,0.0,1,1.777778,0,0.0,0,0.0,0,0.0,1,1.777778,754.278504,1103.046655,1182.002023,1286.439704,1350.524661,0.0,0.0,0.0,0.0,0.0,0.0,0.0,0.0,2.035429,3.61854,4,7.111111,8,0.012461,0.011058,5,-3.752598,0.628346,Cluster 5 · limited retail / low building coverage,30964,282.59101,1502.492936,18.781162,False,1777.239351,22.215492,False,6164.071664,77.050896,False,2141.11799,26.763975,False,2623.542333,32.794279,False,0,0,1,0,0,2,0,0,0,0,0,1,0,0,0,4926280404,2.409698,7.793991,3.233071,6.871328,10.689172,7.208313,3.97092,6.739994,4.885126,6.713087,22.861586,81.979005,44.036622,market,0,21.633,23.332,73.149,35.107
C004_026,4,26,0.5625,296.0,15944.336166,37.945282,0.028345,526.222222,1,1.777778,1,1.777778,0,0.0,0,0.0,0,0.0,0,0.0,0,0.0,0,0.0,0,0.0,363.686636,630.853608,1534.518568,1711.316061,2027.99374,0.0,0.0,0.0,0.0,0.0,0.0,0.0,0.0,2.368829,4.211251,6,10.666667,8,0.012461,0.00863,5,-3.560617,0.3071,Cluster 5 · limited retail / low building coverage,30799,198.05646,1581.570463,19.769631,False,1144.083402,14.301043,False,6786.950119,84.836876,False,2763.996444,34.549956,False,3246.420788,40.58026,False,0,0,1,0,2,5,0,0,0,0,0,0,0,0,0,5613553839,2.954888,6.690484,2.124228,6.732348,11.824386,7.174739,5.106133,6.766364,6.02034,6.740527,28.486262,79.305988,45.277182,market,0,27.729,27.294,76.198,39.694
C004_027,4,27,0.5625,1149.0,66597.911259,45.649563,0.118396,2042.666667,2,3.555556,0,0.0,1,1.777778,0,0.0,0,0.0,0,0.0,0,0.0,0,0.0,1,1.777778,905.86968,365.541185,2106.505564,2283.236812,2539.503607,0.0,0.0,0.138139,0.0,0.0,0.0,0.0,0.138139,5.190207,9.227034,24,42.666667,8,0.012461,0.006921,5,-3.239997,-0.721762,Cluster 5 · limited retail / low building coverage,42262,89.421435,2080.772994,26.009662,False,618.981632,7.73727,False,7577.0882,94.713602,False,3554.134526,44.426682,False,4036.558869,50.456986,False,0,0,1,1,3,5,0,0,0,0,0,0,0,0,0,5660572311,4.286351,6.06802,1.225493,6.313597,13.870634,6.828354,7.152382,6.211453,8.066588,6.255059,46.94142,78.596423,53.575136,market,0,48.911,58.631,79.028,59.842
C004_028,4,28,0.5625,35.0,1584.916557,34.899818,0.002818,62.222222,0,0.0,0,0.0,0,0.0,0,0.0,0,0.0,0,0.0,0,0.0,0,0.0,0,0.0,1622.939242,814.121025,2764.956445,2558.682845,2833.600861,0.0,0.0,0.450199,0.0,0.0,0.0,0.0,0.450199,1.979359,3.518861,2,3.555556,8,0.012461,0.004983,4,-5.183042,0.083317,Cluster 4 · road-sparse / intersection-sparse,42310,464.944124,2875.859815,35.948248,False,1201.632708,15.020409,False,8138.690746,101.733634,False,4115.737072,51.446713,False,4598.161415,57.477018,False,0,0,0,0,0,3,0,0,0,0,0,0,0,0,0,5660553704,5.39979,6.657341,1.54053,9.750156,14.294886,7.116785,7.576633,6.790181,8.49084,6.769297,15.733541,85.90591,42.471989,market,0,15.373,29.806,79.953,36.57
C004_029,4,29,0.561565,59.0,5389.313571,57.853669,0.009597,105.063491,1,1.780737,0,0.0,0,0.0,0,0.0,0,0.0,0,0.0,0,0.0,0,0.0,1,1.780737,2327.609721,1340.210105,3190.877234,2978.652116,2731.381319,0.0,0.0,0.527441,0.0,0.0,0.0,0.0,0.527441,3.862653,6.87837,8,14.245897,7,0.010903,0.001786,1,-5.056726,-0.999804,Cluster 1 · market-distant / service-light,30592,83.661537,4673.424947,58.417812,False,2903.03695,36.287962,False,4024.111895,50.301399,False,4959.957172,61.999465,False,3459.556714,43.244459,False,0,0,0,0,0,0,0,0,0,0,0,0,0,0,0,5660553704,5.39979,10.818533,1.54053,23.555503,14.294886,3.518839,7.576633,8.182984,8.49084,5.093072,18.170036,89.07465,45.340798,education,0,21.656,37.465,80.661,41.94
C004_030,4,30,0.283586,13.0,702.083931,24.084174,0.002476,45.841401,0,0.0,0,0.0,0,0.0,0,0.0,0,0.0,0,0.0,0,0.0,0,0.0,0,0.0,2961.873261,1889.569027,3133.962448,3392.354446,2735.213383,0.0,0.0,0.017543,0.0,0.0,0.0,0.0,0.017543,1.936544,6.828761,4,14.105046,3,0.004673,0.0,1,-5.558688,-2.524166,Cluster 1 · market-distant / service-light,30576,202.182705,15514.28036,193.928505,False,3702.501788,46.281272,False,15497.116868,193.713961,False,15439.715958,192.996449,False,15192.893038,189.911163,False,0,0,0,0,0,0,0,0,0,0,0,0,0,0,0,5660553704,5.39979,35.91408,1.54053,30.042432,14.294886,13.551277,7.576633,25.472587,8.49084,22.366594,14.800415,90.999222,44.480646,education,0,18.313,33.383,81.423,39.365
C005_005,5,5,0.183744,236.0,25893.361147,75.416019,0.140921,1284.397179,5,27.211805,1,5.442361,0,0.0,0,0.0,1,5.442361,0,0.0,0,0.0,0,0.0,3,16.327083,286.216617,574.812627,31.159881,720.942901,648.329368,0.0,0.0,0.0,0.0,0.0,0.0,0.0,0.0,1.178724,6.41504,5,27.211805,3,0.004673,0.0,1,-1.726261,-3.225666,Cluster 1 · market-distant / service-light,23,28.424032,295.956381,3.699455,False,2638.785917,32.984824,False,28.424032,0.3553,False,2561.947917,32.024349,False,2564.962414,32.06203,False,1,1,1,0,0,0,2,2,3,0,0,0,0,0,0,3829432897,0.619965,5.967198,4.495427,7.337417,0.0,,4.23875,7.55514,4.354976,7.362159,43.571799,59.933904,39.642129,education,0,45.295,39.176,66.509,48.457
C005_006,5,6,0.553467,584.0,57612.954793,71.030511,0.104095,1055.166986,4,7.227171,0,0.0,0,0.0,0,0.0,3,5.420378,0,0.0,0,0.0,0,0.0,1,1.806793,450.34435,750.17765,293.140819,555.124097,664.903206,0.0,0.0,0.0,0.0,0.0,0.0,0.0,0.0,3.338905,6.032709,19,34.329063,7,0.010903,0.004296,5,-2.391391,-0.77193,Cluster 5 · limited retail / low building coverage,38896,88.064969,884.918539,11.061482,False,2011.015311,25.137691,False,529.009167,6.612615,False,1934.17731,24.177216,False,1937.191808,24.214898,False,0,1,5,0,0,12,1,3,10,0,0,1,0,0,2,11335711011,1.680384,6.58271,3.177748,7.910537,0.951183,6.951991,2.92107,8.276836,3.037297,7.972516,39.994816,66.912908,42.82218,education,0,41.633,36.672,63.079,45.258
C005_007,5,7,0.5625,1333.0,140990.82862,74.155788,0.25065,2369.777778,107,190.222222,6,10.666667,7,12.444444,10,17.777778,18,32.0,1,1.777778,2,3.555556,1,1.777778,62,110.222222,61.955504,108.97834,67.747171,67.864171,335.782657,0.0,0.0,0.0,0.010491,0.0,0.0,0.0,0.010491,11.49763,20.440231,82,145.777778,8,0.012461,0.007984,6,2.680007,-0.533086,Cluster 6 · high building coverage / retail-rich,14920,33.038221,105.934767,1.324185,False,213.69786,2.671223,False,105.934767,1.324185,False,106.97181,1.337148,False,487.112668,6.088908,False,3,4,13,9,15,68,9,14,43,2,2,4,2,2,10,4950261153,0.168554,7.856129,0.41887,6.37722,0.168554,7.856129,0.170957,7.821565,1.012086,6.016197,54.821151,26.244168,19.13008,education,0,66.664,64.736,47.512,61.201
C005_008,5,8,0.5625,896.0,128705.053375,109.464811,0.228809,1592.888889,79,140.444444,3,5.333333,7,12.444444,7,12.444444,16,28.444444,0,0.0,1,1.777778,1,1.777778,44,78.222222,469.629171,251.532837,157.642128,513.498935,580.281007,0.0,0.0,0.0,0.020946,0.0,0.0,0.0,0.020946,12.799977,22.755514,73,129.777778,8,0.012461,0.010718,3,0.860473,-0.564794,Cluster 3 · building-dense / limited recreation POIs,38736,37.460994,787.744867,9.846811,False,638.539713,7.981746,False,218.572162,2.732152,False,1700.61201,21.25765,False,975.018601,12.187733,False,1,2,48,5,8,184,1,3,109,0,0,12,0,1,21,7460647832,1.705951,5.772038,1.222123,6.531049,0.419359,6.515069,2.923261,7.271896,2.139258,5.697178,49.688958,53.985226,37.688908,park,0,65.14,64.51,61.664,64.05
C005_009,5,9,0.5625,1601.0,182416.941469,83.221173,0.324297,2846.222222,81,144.0,2,3.555556,12,21.333333,3,5.333333,14,24.888889,2,3.555556,2,3.555556,1,1.777778,45,80.0,282.444594,124.958627,65.028052,318.362904,365.829872,0.138631,0.0,0.0,0.112414,0.040723,0.0,0.004926,0.296694,12.995091,23.102384,81,144.0,8,0.012461,0.013825,6,2.178612,-0.442905,Cluster 6 · high building coverage / retail-rich,13838,30.026254,878.919692,10.986496,False,168.585394,2.107317,False,85.442689,1.068034,False,1136.233672,14.202921,False,577.917681,7.223971,False,0,7,119,6,25,368,4,19,230,0,1,19,1,4,49,3271037669,1.924809,5.707837,0.321855,6.547422,0.128773,8.293924,2.423448,5.860626,1.212318,5.958808,78.926905,36.178072,31.603768,park,0,68.981,72.376,15.669,56.841
C005_010,5,10,0.5625,2228.0,238171.178495,82.069892,0.423415,3960.888889,156,277.333333,8,14.222222,10,17.777778,14,24.888889,30,53.333333,2,3.555556,6,10.666667,4,7.111111,82,145.777778,219.854868,124.28036,79.886525,419.644499,86.437194,0.264251,0.0,0.0,0.008465,0.000916,0.0,0.0,0.273632,15.094292,26.834297,132,234.666667,8,0.012461,0.016134,6,3.57689,-0.690256,Cluster 6 · high building coverage / retail-rich,13070,4.438792,329.343332,4.116792,False,199.315359,2.491442,False,76.413661,0.955171,False,530.919233,6.63649,False,82.330364,1.02913,False,4,20,127,18,65,384,16,62,258,1,3,21,7,18,56,4114641771,0.672675,6.120035,0.372755,6.683861,0.167232,5.711664,0.978097,6.785105,0.180404,5.704572,91.394505,22.103421,20.962156,park,0,85.956,82.76,38.499,72.973
C005_011,5,11,0.5625,2481.0,260083.931032,72.307197,0.462371,4410.666667,167,296.888889,7,12.444444,23,40.888889,9,16.0,25,44.444444,3,5.333333,3,5.333333,3,5.333333,94,167.111111,215.668587,66.305279,112.602244,531.605219,315.974131,0.0,0.0,0.0,0.0,0.007153,0.0,0.0,0.007154,10.890079,19.36014,84,149.333333,8,0.012461,0.018501,6,3.162817,-0.560257,Cluster 6 · high building coverage / retail-rich,38447,26.975924,367.766436,4.59708,False,115.383111,1.442289,False,291.594667,3.644933,False,797.012828,9.96266,False,741.593971,9.269925,False,2,15,112,8,51,279,7,41,218,1,1,15,1,11,54,4965717974,0.789649,5.821679,0.205165,7.029891,0.482838,7.548971,1.78292,5.587832,1.654278,5.603608,74.468637,29.451788,24.940123,park,0,81.252,71.493,34.121,66.054
C005_012,5,12,0.5625,1518.0,159174.403102,67.892621,0.282977,2698.666667,50,88.888889,0,0.0,4,7.111111,2,3.555556,4,7.111111,2,3.555556,1,1.777778,0,0.0,37,65.777778,498.456285,266.079616,111.300711,648.106334,285.796877,0.000224,0.0,0.0,0.006001,0.001403,0.0,0.0,0.007629,7.35994,13.084338,43,76.444444,8,0.012461,0.020219,3,0.385903,-0.088759,Cluster 3 · building-dense / limited recreation POIs,11712,111.066399,1103.167405,13.789593,False,1023.95469,12.799434,False,830.904795,10.38631,False,820.073956,10.250924,False,809.212651,10.115158,False,0,4,50,0,4,87,0,4,84,0,1,8,0,8,36,11991447683,1.990155,6.928902,2.050642,6.24167,1.509755,6.879468,1.494771,6.857854,1.509755,6.699868,68.79212,53.654743,43.608039,education,0,60.754,56.446,44.114,55.086
C005_013,5,13,0.5625,1388.0,178848.475497,75.222985,0.317953,2467.555556,193,343.111111,13,23.111111,22,39.111111,11,19.555556,32,56.888889,16,28.444444,4,7.111111,4,7.111111,91,161.777778,246.306756,192.215145,212.280175,295.812492,185.460932,0.0,0.0,0.0,0.046855,0.018657,0.0,0.0,0.065512,11.06809,19.676604,95,168.888889,8,0.012461,0.021843,6,3.432791,0.097622,Cluster 6 · high building coverage / retail-rich,38266,26.579182,488.910784,6.111385,False,488.910784,6.111385,False,259.598609,3.244983,False,493.589378,6.169867,False,319.751059,3.996888,False,4,15,100,7,29,205,4,22,184,1,2,19,9,13,57,12180358694,0.815941,7.489988,0.815941,7.489988,0.541111,5.996885,1.514514,4.073827,0.815941,4.898504,57.87973,33.398134,24.957703,education,0,64.541,63.663,20.358,53.188
C005_014,5,14,0.5625,1908.0,258005.257784,106.198062,0.458676,3392.0,297,528.0,8,14.222222,17,30.222222,22,39.111111,79,140.444444,7,12.444444,7,12.444444,5,8.888889,152,270.222222,98.322655,76.642569,76.642569,76.642569,91.247621,0.066594,0.0,0.0,0.018241,0.055487,0.0,0.0,0.140321,15.281571,27.167238,170,302.222222,8,0.012461,0.022898,2,4.982848,-0.085452,Cluster 2 · recreation/culture-rich / transport-POI-rich,37845,16.951375,231.227607,2.890345,False,180.841262,2.260516,False,75.932746,0.949159,False,231.227607,2.890345,False,75.932746,0.949159,False,7,25,97,14,60,249,23,73,255,4,9,29,4,14,49,4483679149,0.448628,6.442625,0.380097,5.947201,0.136622,6.947344,0.448628,6.442625,0.136622,6.947344,87.50648,16.222784,15.006706,education,0,83.701,79.829,6.641,63.081
C005_015,5,15,0.5625,2033.0,244412.093757,94.217383,0.43451,3614.222222,462,821.333333,15,26.666667,34,60.444444,28,49.777778,165,293.333333,3,5.333333,9,16.0,7,12.444444,201,357.333333,200.531278,79.508386,129.975072,373.800307,265.267806,0.216233,0.016512,0.042283,0.141401,0.0,0.0,0.0,0.416429,13.531965,24.056827,138,245.333333,8,0.012461,0.023757,2,4.572231,-0.240103,Cluster 2 · recreation/culture-rich / transport-POI-rich,9445,21.098737,228.744983,2.859312,False,165.298053,2.066226,False,165.298053,2.066226,False,456.395822,5.704948,False,381.814802,4.772685,False,13,40,107,47,105,288,65,136,293,5,15,36,5,12,49,4524420738,0.418917,6.825484,0.334643,6.174411,0.334643,6.174411,0.703964,8.104034,0.607731,7.853283,90.020736,14.05521,13.213646,education,0,87.123,87.889,57.418,79.965
C005_016,5,16,0.5625,2860.0,221642.590013,58.417232,0.394031,5084.444444,201,357.333333,8,14.222222,17,30.222222,24,42.666667,45,80.0,1,1.777778,6,10.666667,6,10.666667,94,167.111111,42.568003,18.796526,4.816652,311.974198,448.70809,0.030275,0.0,0.0,0.001706,0.00253,0.0,0.071147,0.105659,14.021313,24.926779,144,256.0,8,0.012461,0.024113,6,4.778916,-0.282443,Cluster 6 · high building coverage / retail-rich,9522,14.498822,104.860748,1.310759,False,14.498822,0.181235,False,14.498822,0.181235,False,342.628874,4.282861,False,541.036659,6.762958,False,11,25,114,28,70,305,31,89,319,8,11,37,2,7,40,5660196598,0.18246,7.183815,0.0,,0.0,,0.56703,7.553142,0.818192,8.265735,86.884396,10.371306,9.555151,healthcare,0,83.173,82.504,31.726,70.077
C005_017,5,17,0.5625,564.0,117707.788469,54.694324,0.209258,1002.666667,35,62.222222,3,5.333333,7,12.444444,1,1.777778,4,7.111111,1,1.777778,1,1.777778,1,1.777778,17,30.222222,55.620138,55.620138,100.404435,178.904866,360.758643,0.000411,0.0,0.0,0.0,0.165485,0.0,0.251032,0.416928,5.260851,9.352624,26,46.222222,8,0.012461,0.024147,3,1.580292,0.985119,Cluster 3 · building-dense / limited recreation POIs,9371,13.526303,96.1812,1.202265,False,96.1812,1.202265,False,107.605419,1.345068,False,171.160833,2.13951,False,488.966356,6.112079,False,3,5,79,11,19,239,7,18,238,4,9,28,1,2,28,4450135582,0.416154,2.888988,0.158119,7.603548,0.14124,9.523263,0.392447,5.451724,0.91914,6.649781,55.520995,20.538491,15.057302,education,0,43.484,40.886,5.521,33.084
C005_018,5,18,0.5625,161.0,13070.987643,58.404216,0.023237,286.222222,3,5.333333,0,0.0,0,0.0,0,0.0,0,0.0,0,0.0,0,0.0,0,0.0,3,5.333333,502.618677,414.913797,578.754827,75.450182,585.489352,0.0,0.0,0.0,0.0,0.697218,0.0,0.263355,0.960574,7.010704,12.463473,49,87.111111,8,0.012461,0.023722,5,-1.646172,1.757212,Cluster 5 · limited retail / low building coverage,8517,82.997435,883.355574,11.041945,False,628.965918,7.862074,False,1002.105467,12.526318,False,82.997435,1.037468,False,886.769976,11.084625,False,0,6,38,1,22,139,0,11,94,2,5,22,0,2,21,4476487955,0.600464,18.389012,0.733388,10.720206,1.048643,11.945269,0.0,,0.655133,16.91965,24.805599,40.056376,21.984285,market,0,24.868,36.68,0.972,23.028
C005_019,5,19,0.5625,714.0,83174.790419,111.726167,0.147866,1269.333333,20,35.555556,2,3.555556,2,3.555556,2,3.555556,2,3.555556,0,0.0,0,0.0,0,0.0,12,21.333333,520.49603,427.224665,558.261542,362.297137,398.464235,0.0,0.0,0.0,0.0,0.472301,0.0,0.0,0.472301,11.0603,19.662755,81,144.0,8,0.012461,0.023155,3,-0.310164,0.977515,Cluster 3 · building-dense / limited recreation POIs,37368,38.57378,917.307378,11.466342,False,917.307378,11.466342,False,917.307378,11.466342,False,767.823779,9.597797,False,364.361397,4.554517,False,0,1,14,0,2,54,0,2,30,1,2,10,1,1,8,5660204993,1.950912,5.877428,1.530176,7.493479,1.950912,5.877428,1.811134,5.299331,2.051076,2.22055,43.77916,54.791991,36.30928,education,0,48.484,56.734,10.902,41.976
C005_020,5,20,0.5625,789.0,110891.915995,134.456713,0.197141,1402.666667,27,48.0,1,1.777778,3,5.333333,0,0.0,6,10.666667,2,3.555556,0,0.0,0,0.0,15,26.666667,291.135372,343.835419,267.802198,530.66654,116.40345,0.0,0.0,0.0,0.0,0.0,0.0,0.0,0.0,9.833953,17.482583,87,154.666667,8,0.012461,0.022291,3,0.177789,0.169206,Cluster 3 · building-dense / limited recreation POIs,7797,26.460341,499.068498,6.238356,False,426.884198,5.336052,False,315.228967,3.940362,False,668.480625,8.356008,False,126.882274,1.586028,False,2,2,23,5,6,104,3,4,59,2,2,11,2,4,17,4353507337,0.965409,6.461878,0.739878,7.212066,0.668251,5.896532,1.238178,6.748633,0.183692,8.634178,46.578538,42.350311,28.775818,education,0,56.781,54.409,62.317,57.335
C005_021,5,21,0.5625,179.0,31125.267096,139.442453,0.055334,318.222222,4,7.111111,0,0.0,0,0.0,0,0.0,1,1.777778,0,0.0,0,0.0,0,0.0,3,5.333333,922.949772,521.827974,803.639056,328.151429,766.768633,0.0,0.0,0.0,0.0,0.0,0.0,0.0,0.0,2.982013,5.301357,19,33.777778,8,0.012461,0.020923,5,-2.620796,0.901425,Cluster 5 · limited retail / low building coverage,7331,158.675075,1064.356809,13.30446,False,665.511651,8.318896,False,1022.817773,12.785222,False,417.811931,5.222649,False,988.760507,12.359506,False,0,1,8,1,3,38,0,2,20,1,1,4,0,3,8,3952761146,1.869063,7.118253,0.942144,8.829747,1.65782,7.712069,0.588201,8.879022,1.428065,8.654724,29.108346,52.634137,30.246211,education,0,31.796,27.255,55.513,36.136
C005_022,5,22,0.5625,1.0,269.552801,269.552801,0.000479,1.777778,3,5.333333,0,0.0,0,0.0,0,0.0,1,1.777778,0,0.0,1,1.777778,0,0.0,1,1.777778,1194.212642,653.076932,1066.690165,766.484224,1074.814832,0.0,0.0,0.0,0.0,0.0,0.0,0.0,0.0,0.0,0.0,0,0.0,8,0.012461,0.019588,4,-4.417976,2.559981,Cluster 4 · road-sparse / intersection-sparse,31184,581.453909,3333.556655,41.669458,False,581.453909,7.268174,False,3312.443883,41.405549,False,1129.837934,14.122974,False,2377.454169,29.718177,False,0,0,0,1,1,2,0,0,0,0,1,2,0,0,1,9930039949,2.549909,16.341545,1.622991,4.478259,2.338667,17.704768,1.097852,12.864192,2.108912,14.091714,12.415759,71.646579,33.995912,market,0,9.242,9.553,67.488,23.912
C005_023,5,23,0.5625,214.0,46175.411547,70.785438,0.08209,380.444444,6,10.666667,0,0.0,1,1.777778,1,1.777778,0,0.0,1,1.777778,1,1.777778,0,0.0,2,3.555556,842.918087,468.899426,915.82149,655.737524,333.694234,0.0,0.0,0.0,0.0,0.00012,0.0,0.0,0.00012,3.17063,5.636676,23,40.888889,8,0.012461,0.017982,5,-1.92685,0.692062,Cluster 5 · limited retail / low building coverage,31175,172.418649,1415.423956,17.692799,False,1483.126437,18.53908,False,1481.701358,18.521267,False,1452.16829,18.152104,False,2152.65514,26.908189,False,0,0,1,0,0,3,0,0,3,0,0,1,0,0,1,13042471215,3.441978,5.1403,0.019094,970.961978,3.391382,5.461274,3.689186,4.920354,0.019094,1409.283956,32.115086,76.51633,45.350503,education,0,32.737,28.88,46.757,34.892
C005_024,5,24,0.5625,167.0,22746.262499,56.322457,0.040438,296.888889,5,8.888889,0,0.0,0,0.0,0,0.0,1,1.777778,0,0.0,2,3.555556,0,0.0,2,3.555556,698.118624,500.745278,631.343434,897.370286,438.721734,0.0,0.0,0.011381,0.0,0.0,0.0,0.0,0.011381,4.815645,8.561147,26,46.222222,8,0.012461,0.01613,5,-2.275386,0.513824,Cluster 5 · limited retail / low building coverage,31051,142.682266,1025.680845,12.821011,False,1048.472687,13.105909,False,812.360976,10.154512,False,1180.060113,14.750751,False,1316.55044,16.45688,False,0,1,1,0,1,3,0,1,5,0,1,4,0,0,1,12848486068,2.773993,4.621861,3.51085,3.732973,2.723397,3.72862,2.75364,5.35682,3.51085,4.687435,27.397615,60.118585,33.930069,education,0,32.714,41.26,68.795,44.725
C005_025,5,25,0.5625,28.0,2168.70028,48.446149,0.003855,49.777778,3,5.333333,0,0.0,0,0.0,0,0.0,0,0.0,0,0.0,0,0.0,0,0.0,3,5.333333,1178.655304,931.817511,480.846114,1359.460205,1182.62491,0.0,0.0,0.087919,0.0,0.0,0.0,0.0,0.087919,1.213181,2.156766,0,0.0,8,0.012461,0.013785,4,-4.306595,1.315818,Cluster 4 · road-sparse / intersection-sparse,30965,164.913687,2002.718755,25.033984,False,2277.46517,28.468315,False,6664.297483,83.303719,False,2641.343809,33.016798,False,3123.768152,39.047102,False,0,0,1,0,0,2,0,0,0,0,0,0,0,0,0,4926280407,3.837702,6.523171,4.661075,6.107672,12.117176,6.874846,5.398923,6.115441,6.31313,6.185062,15.448419,84.700622,41.731193,market,0,14.308,26.093,74.075,33.374
C005_026,5,26,0.5625,368.0,24360.751426,45.438803,0.043308,654.222222,4,7.111111,0,0.0,2,3.555556,1,1.777778,0,0.0,0,0.0,0,0.0,0,0.0,1,1.777778,1107.062507,222.594308,1090.335471,1493.346099,1931.250008,0.0,0.0,0.065056,0.0,0.0,0.0,0.0,0.065056,2.317204,4.119473,7,12.444444,8,0.012461,0.011715,5,-3.078218,0.245262,Cluster 5 · limited retail / low building coverage,30784,156.633881,1805.260729,22.565759,False,937.358311,11.716979,False,7010.640384,87.633005,False,2987.68671,37.346084,False,3470.111053,43.376388,False,0,0,1,0,2,3,0,0,0,0,0,0,0,0,0,5613553284,3.457031,6.527497,1.673019,7.003494,12.326528,7.109301,5.608276,6.659103,6.522482,6.650288,31.881804,79.67535,47.111303,market,0,31.244,38.635,75.381,44.865
C005_027,5,27,0.5625,111.0,7030.286656,49.159395,0.012498,197.333333,0,0.0,0,0.0,0,0.0,0,0.0,0,0.0,0,0.0,0,0.0,0,0.0,0,0.0,1383.444723,433.434682,1808.714984,1561.656214,2344.018405,0.0,0.0,0.16477,0.0,0.0,0.0,0.0,0.16477,1.81816,3.232285,4,7.111111,8,0.012461,0.009408,4,-4.398468,0.389516,Cluster 4 · road-sparse / intersection-sparse,42256,46.033102,2721.296663,34.016208,False,994.968063,12.437101,False,8016.500028,100.20625,False,3993.546354,49.919329,False,4475.970697,55.949634,False,0,0,0,0,2,5,0,0,0,0,0,0,0,0,0,5660094786,5.765061,5.900408,2.199104,5.65553,15.028036,6.667954,8.309783,6.007296,9.22399,6.065665,20.813893,82.358087,43.228389,market,0,19.782,31.649,75.708,37.917
C005_028,5,28,0.5625,5.0,579.798855,41.89067,0.001031,8.888889,1,1.777778,0,0.0,0,0.0,0,0.0,0,0.0,0,0.0,0,0.0,0,0.0,1,1.777778,1930.609026,1171.017319,2545.401412,1942.281568,2120.172111,0.0,0.0,0.081731,0.0,0.0,0.0,0.0,0.081731,0.558733,0.993303,1,1.777778,8,0.012461,0.006478,4,-5.322372,1.232796,Cluster 4 · road-sparse / intersection-sparse,30593,344.444026,6597.649339,82.470617,False,4827.261342,60.340767,False,5948.336287,74.354204,False,6884.181564,86.05227,False,5383.781106,67.297264,False,0,0,0,0,0,0,0,0,0,0,0,0,0,0,0,5660094786,5.765061,14.305247,2.199104,27.438793,15.028036,4.947699,8.309783,10.355537,9.22399,7.295895,13.141524,90.532659,43.351487,education,0,11.369,23.048,77.449,31.977
C005_029,5,29,0.5625,40.0,3707.576269,43.885427,0.006591,71.111111,0,0.0,0,0.0,0,0.0,0,0.0,0,0.0,0,0.0,0,0.0,0,0.0,0,0.0,2581.77906,1429.261783,2441.301295,2496.226201,1981.116213,0.0,0.0,0.062585,0.0,0.0,0.0,0.0,0.062585,2.84547,5.058613,1,1.777778,8,0.012461,0.004179,4,-5.097153,0.498787,Cluster 4 · road-sparse / intersection-sparse,42254,145.332726,3916.809654,48.960121,False,2146.421657,26.830271,False,3267.496602,40.843708,False,4203.34188,52.541773,False,2702.941422,33.786768,False,0,0,0,0,0,2,0,0,0,0,0,0,0,0,0,5660553704,5.39979,9.067041,1.54053,17.416258,14.294886,2.857225,7.576633,6.934713,8.49084,3.979202,16.874028,87.247278,43.732189,education,0,18.351,31.275,79.627,38.193
C005_030,5,30,0.330494,0.0,0.0,0.0,0.0,0.0,0,0.0,0,0.0,0,0.0,0,0.0,0,0.0,0,0.0,0,0.0,0,0.0,0,0.0,3039.686379,1589.850906,2449.171374,2994.283653,2066.152772,0.0,0.0,0.0,0.0,0.0,0.0,0.0,0.0,0.0,0.0,0,0.0,5,0.007788,0.000454,4,-6.514371,0.127322,Cluster 4 · road-sparse / intersection-sparse,30600,360.748961,3586.779938,44.834749,False,1816.391941,22.704899,False,2937.466886,36.718336,False,3873.312164,48.416402,False,2372.911706,29.661396,False,0,0,0,0,0,2,0,0,0,0,0,0,0,0,1,374130814,2.288369,19.592445,0.0,,1.36111,26.976768,2.675741,18.09458,0.675691,43.897896,11.430793,86.100311,40.345293,education,0,8.165,9.199,80.715,26.664
C006_004,6,4,0.130719,456.0,33619.240647,53.837983,0.257186,3488.386717,6,45.899825,0,0.0,2,15.299942,0,0.0,2,15.299942,0,0.0,0,0.0,0,0.0,2,15.299942,646.333476,165.036624,196.90928,715.896378,890.207478,0.0,0.0,0.0,0.0,0.0,0.0,0.0,0.0,1.762753,13.485008,16,122.399534,3,0.004673,0.0,1,-1.13171,-3.982831,Cluster 1 · market-distant / service-light,100,26.056405,1005.399863,12.567498,False,292.086189,3.651077,False,366.007498,4.575094,False,881.095953,11.013699,False,1565.377146,19.567214,False,0,1,22,3,8,73,4,4,68,0,1,10,0,0,13,3313904864,2.627487,4.783086,0.699707,5.218006,0.881488,5.190196,2.28891,4.811766,3.646456,5.366092,60.368066,46.792379,35.665545,healthcare,0,64.86,60.451,66.291,63.675
C006_005,6,5,0.545692,1510.0,117666.167486,52.213483,0.215628,2767.129993,23,42.148338,2,3.665073,5,9.162682,4,7.330146,3,5.497609,0,0.0,1,1.832536,1,1.832536,7,12.827755,91.482608,116.132892,337.456317,264.048966,550.491848,0.110817,0.0,0.0,0.0,0.0,0.0,0.0,0.110817,7.032828,12.887913,69,126.445013,7,0.010903,0.00428,3,0.639405,-1.300568,Cluster 3 · building-dense / limited recreation POIs,35797,13.52025,85.998274,1.074978,False,112.657825,1.408223,False,456.49132,5.706141,False,279.908148,3.498852,False,870.860438,10.885755,False,1,2,26,6,7,94,3,8,78,1,3,9,0,3,15,4963264135,0.196974,5.457467,0.269359,5.228058,1.191432,4.789314,0.696502,5.023462,2.054047,5.299661,73.198548,30.987558,26.004489,market,0,59.72,56.213,53.39,56.91
C006_006,6,6,0.5625,1296.0,123875.902725,54.062387,0.220224,2304.0,30,53.333333,3,5.333333,1,1.777778,4,7.111111,10,17.777778,1,1.777778,0,0.0,0,0.0,11,19.555556,416.979636,300.529332,288.804191,198.67093,170.148259,0.051456,0.0,0.0,0.0,0.035121,0.0,0.045713,0.13229,7.776123,13.824219,62,110.222222,8,0.012461,0.008078,3,0.387178,-0.454164,Cluster 3 · building-dense / limited recreation POIs,15311,49.862624,926.082096,11.576026,False,425.262954,5.315787,False,425.262954,5.315787,False,275.692184,3.446152,False,494.301105,6.178764,False,0,2,46,3,13,147,2,10,97,2,2,10,1,3,21,3276697138,1.628169,7.109845,0.870327,6.107807,0.870327,6.107807,1.314832,2.620984,1.454477,4.248101,69.673406,40.5521,33.173257,healthcare,0,53.631,55.295,13.009,44.058
C006_007,6,7,0.5625,1220.0,136150.645915,65.138501,0.242046,2168.888889,51,90.666667,3,5.333333,0,0.0,3,5.333333,10,17.777778,1,1.777778,4,7.111111,0,0.0,30,53.333333,290.415865,524.930543,283.463382,480.758668,357.138355,0.035246,0.0,0.0,0.166786,0.048618,0.0,0.0,0.25065,10.350106,18.400188,75,133.333333,8,0.012461,0.01102,3,0.586845,-0.364451,Cluster 3 · building-dense / limited recreation POIs,38851,9.400474,354.946035,4.436825,False,768.039108,9.600489,False,482.690743,6.033634,False,814.60207,10.182526,False,473.759142,5.921989,False,4,10,99,2,23,293,5,14,161,0,3,13,1,3,28,3269737096,0.724554,6.12353,1.443139,6.652506,0.986305,6.117411,1.378159,7.388499,0.911243,6.498805,69.466045,39.152411,31.979543,education,0,57.434,60.062,19.946,48.982
C006_008,6,8,0.5625,1488.0,141947.388966,61.906441,0.252351,2645.333333,70,124.444444,2,3.555556,7,12.444444,2,3.555556,17,30.222222,0,0.0,1,1.777778,0,0.0,41,72.888889,167.671103,59.591216,448.833255,175.097612,577.194738,0.081301,0.0,0.0,0.443918,0.0,0.0,0.0,0.525219,14.30318,25.427875,134,238.222222,8,0.012461,0.01438,3,1.551557,-0.414843,Cluster 3 · building-dense / limited recreation POIs,14414,76.799143,1111.922242,13.899028,False,646.226157,8.077827,False,700.374134,8.754677,False,503.242352,6.290529,False,1356.038401,16.95048,False,0,2,44,2,6,180,2,6,104,1,2,12,0,0,18,346621472,0.137105,101.375403,0.0,,0.925771,9.456632,0.106532,59.048114,1.122067,15.106482,73.535511,47.871306,40.269968,education,0,72.558,75.058,50.288,67.866
C006_009,6,9,0.5625,2067.0,253271.618617,102.7132,0.450261,3674.666667,397,705.777778,8,14.222222,49,87.111111,28,49.777778,77,136.888889,7,12.444444,10,17.777778,7,12.444444,211,375.111111,119.253704,154.129946,58.929543,437.72885,277.793008,0.22281,0.0,0.0,0.026539,0.003617,0.0,0.0,0.252966,16.314042,29.002742,150,266.666667,8,0.012461,0.017004,2,4.524801,-0.645321,Cluster 2 · recreation/culture-rich / transport-POI-rich,13827,22.237621,288.50074,3.606259,False,257.469937,3.218374,False,87.373384,1.092167,False,643.807582,8.047595,False,389.233724,4.865422,False,14,47,237,72,191,617,42,103,386,2,9,35,9,19,77,373383849,0.752138,4.794677,0.556468,5.783571,0.556468,1.962676,1.431272,5.622686,0.984976,4.939637,91.757387,16.047823,15.254167,park,0,87.784,83.281,34.977,73.006
C006_010,6,10,0.5625,1997.0,283407.852563,118.526182,0.503836,3550.222222,945,1680.0,37,65.777778,84,149.333333,87,154.666667,228,405.333333,11,19.555556,13,23.111111,7,12.444444,478,849.777778,129.644052,69.139218,69.139218,255.514723,152.691232,0.355627,0.000478,0.0,0.019987,0.006165,0.0,0.003357,0.385615,17.101029,30.40183,150,266.666667,8,0.012461,0.019706,2,5.881129,-0.564363,Cluster 2 · recreation/culture-rich / transport-POI-rich,38518,25.824207,231.166298,2.889579,False,150.026586,1.875332,False,106.786993,1.334837,False,551.845998,6.898075,False,304.412873,3.805161,False,28,56,235,99,201,546,73,144,352,4,7,31,13,31,82,11416918194,0.47615,6.068634,0.287712,6.518087,0.187732,7.110324,1.420803,4.855054,0.625724,6.081217,93.260757,13.423406,12.880624,park,0,89.253,82.644,25.521,71.007
C006_011,6,11,0.5625,1942.0,300949.722417,134.430619,0.535022,3452.444444,770,1368.888889,39,69.333333,53,94.222222,53,94.222222,165,293.333333,14,24.888889,21,37.333333,6,10.666667,419,744.888889,65.340701,105.517193,95.205687,333.254261,184.945894,0.0,0.00043,0.0,0.0,0.003066,0.0,0.0,0.003496,15.48648,27.53152,113,200.888889,8,0.012461,0.021794,2,5.592966,-0.405465,Cluster 2 · recreation/culture-rich / transport-POI-rich,12503,28.99268,90.668312,1.133354,False,184.279492,2.303494,False,140.910934,1.761387,False,455.419025,5.692738,False,303.110578,3.788882,False,36,61,218,61,137,452,68,122,336,4,8,31,18,29,90,382012585,0.142575,7.949151,0.360224,6.394618,0.25869,6.808858,0.988229,5.760545,0.634678,5.969769,72.395023,12.636081,10.543169,education,0,89.098,80.645,31.835,71.824
C006_012,6,12,0.5625,1750.0,227122.085188,95.687768,0.403773,3111.111111,265,471.111111,12,21.333333,16,28.444444,9,16.0,57,101.333333,16,28.444444,8,14.222222,2,3.555556,145,257.777778,57.981649,100.780233,82.114,528.246043,136.307673,0.018408,0.0,0.0,0.023697,0.019288,0.0,0.0,0.061394,12.313604,21.890852,98,174.222222,8,0.012461,0.023796,6,4.190057,-0.052176,Cluster 6 · high building coverage / retail-rich,12116,4.708097,38.036049,0.475451,False,111.495429,1.393693,False,136.905567,1.71132,False,1209.271452,15.115893,False,243.27817,3.040977,False,16,36,185,20,53,274,22,41,251,0,0,27,12,23,73,2320057546,0.077453,6.138606,0.248172,5.615832,0.306905,5.576058,1.602763,9.43115,0.625947,4.858204,80.974598,28.450622,25.202915,park,0,76.104,71.306,28.095,62.422
C006_013,6,13,0.5625,1889.0,145907.591723,34.813377,0.259391,3358.222222,101,179.555556,7,12.444444,17,30.222222,6,10.666667,20,35.555556,0,0.0,8,14.222222,3,5.333333,40,71.111111,168.057845,168.057845,167.184515,439.5139,542.192405,0.284161,0.0,0.0,0.03045,0.028775,0.0,0.0,0.343386,10.312711,18.333708,125,222.222222,8,0.012461,0.025247,6,2.389715,-0.002586,Cluster 6 · high building coverage / retail-rich,38128,27.765184,635.597876,7.944973,False,299.675315,3.745941,False,684.699715,8.558746,False,1166.281112,14.578514,False,843.197954,10.539974,False,8,14,110,13,36,234,4,18,265,0,1,20,0,9,62,3731842524,1.5257,5.207429,1.304893,2.870688,1.304893,6.558963,1.79353,8.128393,2.361536,4.463185,79.834111,40.736781,35.80782,park,0,62.356,65.708,22.706,53.617
C006_014,6,14,0.5625,1709.0,246048.057879,123.09433,0.437419,3038.222222,220,391.111111,18,32.0,16,28.444444,13,23.111111,43,76.444444,3,5.333333,7,12.444444,3,5.333333,117,208.0,174.687206,133.021509,144.081462,76.950612,235.32218,0.115755,0.0,0.0,0.005754,0.002531,0.0,0.0,0.124039,14.207152,25.257159,131,232.888889,8,0.012461,0.026504,6,4.052711,-0.039879,Cluster 6 · high building coverage / retail-rich,10555,6.36952,135.130776,1.689135,False,155.325397,1.941567,False,202.107705,2.526346,False,169.095399,2.113692,False,277.563425,3.469543,False,15,31,145,22,79,362,20,84,390,3,7,31,6,14,74,4415519278,0.243892,6.92575,0.282126,6.881908,0.417463,6.051672,0.340748,6.203098,0.513632,6.754917,86.236392,15.367418,14.098352,education,0,83.235,77.026,24.44,66.363
C006_015,6,15,0.5625,1656.0,266978.623097,125.440694,0.474629,2944.0,912,1621.333333,38,67.555556,69,122.666667,89,158.222222,255,453.333333,8,14.222222,11,19.555556,9,16.0,433,769.777778,137.522951,76.2216,66.411988,302.050834,257.498794,0.047413,0.001012,0.0,0.022084,0.017748,0.0,0.0,0.088257,14.041383,24.962458,139,247.111111,8,0.012461,0.027248,2,5.582786,-0.032972,Cluster 2 · recreation/culture-rich / transport-POI-rich,10317,39.395868,330.973916,4.137174,False,89.550163,1.119377,False,173.939834,2.174248,False,473.462177,5.918277,False,430.946509,5.386831,False,25,52,151,54,139,447,71,157,482,3,11,41,7,16,58,12048976267,0.377257,10.966456,0.405821,2.758302,0.082455,26.368825,0.679064,8.715342,0.665597,8.093237,85.484707,13.170684,12.023626,healthcare,0,83.624,75.949,21.229,65.339
C006_016,6,16,0.5625,1712.0,261354.143514,128.801296,0.46463,3043.555556,419,744.888889,11,19.555556,39,69.333333,94,167.111111,68,120.888889,4,7.111111,23,40.888889,2,3.555556,178,316.444444,369.007136,24.254664,123.654561,274.564241,112.528576,0.0,0.0,0.0,0.025041,0.008408,0.0,0.0,0.033449,16.829834,29.919704,205,364.444444,8,0.012461,0.027729,2,4.946751,-0.184233,Cluster 2 · recreation/culture-rich / transport-POI-rich,9693,8.599689,438.628899,5.482861,False,23.534543,0.294182,False,175.274807,2.190935,False,456.559253,5.706991,False,137.702997,1.721287,False,17,45,154,55,128,468,47,167,516,7,14,42,10,16,69,4018048427,0.743994,7.369493,0.0,,0.368931,5.938604,1.024548,5.570251,0.269573,6.385247,69.440124,12.50972,10.215947,healthcare,0,86.104,80.257,24.72,68.712
C006_017,6,17,0.5625,1278.0,217444.418433,140.290823,0.386568,2272.0,159,282.666667,6,10.666667,15,26.666667,21,37.333333,35,62.222222,1,1.777778,4,7.111111,1,1.777778,76,135.111111,89.679856,95.302313,133.560221,124.834851,485.329118,0.084097,0.0,0.0,0.01044,0.04473,0.0,0.0,0.139267,11.012772,19.578262,91,161.777778,8,0.012461,0.027623,6,3.243547,0.205108,Cluster 6 · high building coverage / retail-rich,8547,78.753737,165.041045,2.063013,False,78.753737,0.984422,False,165.041045,2.063013,False,113.632755,1.420409,False,546.354542,6.829432,False,5,15,137,20,70,443,16,76,473,1,3,33,1,10,63,386278446,0.147234,14.011785,0.0,,0.147234,14.011785,0.059515,23.866432,0.798026,8.557903,79.160187,17.048989,14.917203,healthcare,0,68.966,62.799,8.593,51.714
C006_018,6,18,0.5625,2425.0,271652.983974,101.945982,0.482939,4311.111111,207,368.0,9,16.0,25,44.444444,12,21.333333,44,78.222222,3,5.333333,6,10.666667,2,3.555556,106,188.444444,101.051504,24.355327,22.304206,311.609318,167.356783,0.080574,0.0,0.0,0.007514,0.026221,0.0,0.0,0.114308,15.406512,27.389355,131,232.888889,8,0.012461,0.027293,6,4.619644,-0.206545,Cluster 6 · high building coverage / retail-rich,8499,19.158379,173.151424,2.164393,False,52.5539,0.656924,False,26.045094,0.325564,False,721.366206,9.017078,False,279.914528,3.498932,False,8,15,97,31,52,313,20,34,259,1,5,29,5,9,46,3639400281,0.304908,7.098511,0.057002,11.524529,0.0,,1.198512,7.523559,0.460001,7.606358,92.638673,19.517885,18.65582,park,0,88.328,84.137,18.429,69.386
C006_019,6,19,0.5625,2752.0,250103.849596,59.721942,0.444629,4892.444444,171,304.0,8,14.222222,22,39.111111,14,24.888889,28,49.777778,1,1.777778,6,10.666667,3,5.333333,89,158.222222,168.36954,96.664457,116.978263,403.216745,365.527162,0.0,0.0,0.0,0.0,0.0,0.0,0.0,0.0,16.000953,28.446139,132,234.666667,8,0.012461,0.026641,6,3.43538,-0.323671,Cluster 6 · high building coverage / retail-rich,7962,56.249059,297.252271,3.715653,False,297.252271,3.715653,False,262.83428,3.285428,False,664.418538,8.305232,False,645.097157,8.063714,False,3,10,65,13,51,221,8,31,164,1,4,23,3,9,36,476014659,0.513219,7.239904,0.513219,7.239904,0.454467,7.229185,1.176117,7.061571,1.106988,7.284376,74.002074,29.305988,24.734618,education,0,92.17,85.435,58.289,81.342
C006_020,6,20,0.5625,1166.0,135469.499644,80.844222,0.240835,2072.888889,42,74.666667,0,0.0,3,5.333333,2,3.555556,13,23.111111,1,1.777778,3,5.333333,0,0.0,20,35.555556,511.310637,317.793989,173.967152,736.175775,374.343956,0.0,0.0,0.0,0.001807,0.001214,0.0,0.0,0.003021,7.18792,12.778524,38,67.555556,8,0.012461,0.025526,3,0.257585,0.232085,Cluster 3 · building-dense / limited recreation POIs,7463,34.968755,599.658444,7.495731,False,405.727359,5.071592,False,163.777535,2.047219,False,982.279065,12.278488,False,503.899311,6.298741,False,1,5,53,5,21,212,3,12,172,0,2,23,2,9,42,4353507336,1.262119,5.939004,0.813944,6.230886,0.219873,9.310934,1.834873,6.691736,0.890365,7.074334,52.903059,38.821928,27.851564,education,0,56.252,52.605,46.314,52.491
C006_021,6,21,0.5625,590.0,87643.055874,97.08223,0.15581,1048.888889,34,60.444444,2,3.555556,14,24.888889,2,3.555556,1,1.777778,1,1.777778,0,0.0,0,0.0,14,24.888889,320.420778,231.616718,469.414191,606.655715,369.027252,0.0,0.0,0.0,0.15567,0.034332,0.0,0.0,0.190002,7.295673,12.970086,40,71.111111,8,0.012461,0.024308,3,0.070109,0.618605,Cluster 3 · building-dense / limited recreation POIs,7336,26.296161,1320.452725,16.505659,False,921.607567,11.520095,False,762.397554,9.529969,False,664.964341,8.312054,False,671.542871,8.394286,False,0,0,31,0,2,125,1,2,70,1,1,13,1,1,24,10068005064,2.796614,5.902016,2.072572,5.558356,1.41253,6.746736,1.476132,5.630969,1.320462,6.357082,42.275791,59.117418,38.642381,healthcare,0,44.23,45.956,26.213,40.33
C006_022,6,22,0.5625,111.0,15953.889239,72.485272,0.028362,197.333333,2,3.555556,0,0.0,0,0.0,0,0.0,1,1.777778,0,0.0,0,0.0,0,0.0,1,1.777778,662.842581,649.604795,438.328467,1148.52407,1114.015382,0.0,0.0,0.0,0.0,0.034843,0.0,0.0,0.034843,1.867218,3.319499,8,14.222222,8,0.012461,0.022792,5,-3.142376,1.276454,Cluster 5 · limited retail / low building coverage,7105,84.602814,856.700022,10.70875,False,856.700022,10.70875,False,541.385681,6.767321,False,1916.427043,23.955338,False,1535.811755,19.197647,False,0,2,9,0,10,41,1,1,31,0,0,7,0,0,11,4427898958,1.304505,8.209051,1.304505,8.209051,0.83368,8.117409,3.097433,7.733932,2.567516,7.477129,23.976153,59.817263,32.532032,park,0,18.25,20.824,33.686,23.01
C006_023,6,23,0.5625,106.0,47296.859142,171.672794,0.084083,188.444444,8,14.222222,0,0.0,1,1.777778,0,0.0,1,1.777778,0,0.0,0,0.0,0,0.0,6,10.666667,531.362235,118.026863,250.649641,438.735165,900.575738,0.0,0.0,0.0,0.0,0.0,0.0,0.0,0.0,5.907447,10.502128,41,72.888889,8,0.012461,0.020984,5,-1.613974,0.71952,Cluster 5 · limited retail / low building coverage,31129,35.573218,1010.725372,12.634067,False,560.90386,7.011298,False,553.200375,6.915005,False,909.442641,11.368033,False,2504.537677,31.306721,False,0,1,1,1,1,3,1,2,6,0,1,2,0,0,0,9644937759,1.155306,10.935686,0.0,,0.600732,11.510974,0.84808,13.40444,3.203909,9.771414,28.952825,54.75311,31.412788,education,0,37.691,32.271,59.596,41.27
C006_024,6,24,0.5625,152.0,47215.357324,63.720724,0.083938,270.222222,14,24.888889,1,1.777778,0,0.0,1,1.777778,0,0.0,0,0.0,0,0.0,1,1.777778,11,19.555556,243.319823,639.057113,561.946831,332.185436,944.543052,0.0,0.0,0.0,0.0,0.0,0.0,0.0,0.0,12.046319,21.415677,61,108.444444,8,0.012461,0.018709,5,-1.368411,0.494457,Cluster 5 · limited retail / low building coverage,31087,69.324089,1110.244039,13.87805,False,759.968929,9.499612,False,635.112631,7.938908,False,910.70219,11.383777,False,1590.526476,19.881581,False,0,1,1,1,1,7,1,4,7,0,2,6,0,0,1,12848601637,2.005389,6.920377,2.513637,3.779229,1.716126,4.626063,1.640454,6.939408,3.462189,5.742488,30.456195,54.315708,31.651782,education,0,47.263,49.58,55.84,50.218
C006_025,6,25,0.5625,32.0,2688.421749,55.33318,0.004779,56.888889,3,5.333333,0,0.0,0,0.0,1,1.777778,1,1.777778,0,0.0,0,0.0,0,0.0,1,1.777778,980.338334,922.789293,436.230659,837.620494,1448.546339,0.0,0.0,0.000967,0.0,0.0,0.0,0.0,0.000967,12.122417,21.550963,70,124.444444,8,0.012461,0.016447,5,-2.69038,0.613083,Cluster 5 · limited retail / low building coverage,30994,41.582385,1777.776164,22.222202,False,1207.168075,15.089601,False,661.669783,8.270872,False,1475.681282,18.446016,False,2132.815001,26.660188,False,0,0,1,0,0,13,1,1,8,0,0,4,0,0,1,4926248353,3.455944,6.43014,2.707282,5.573709,1.245024,6.64314,2.65696,6.942528,4.1928,6.358563,15.914982,71.539658,35.447177,education,0,31.034,53.511,68.25,48.205
C006_026,6,26,0.5625,102.0,11893.72848,52.71194,0.021144,181.333333,8,14.222222,0,0.0,2,3.555556,0,0.0,0,0.0,0,0.0,0,0.0,1,1.777778,5,8.888889,1728.560662,499.543711,1071.408252,762.025171,1539.685861,0.0,0.0,0.028657,0.0,0.0,0.0,0.0,0.028657,11.047275,19.639599,60,106.666667,8,0.012461,0.01394,5,-2.525314,0.255473,Cluster 5 · limited retail / low building coverage,30711,47.849976,2384.921096,29.811514,False,584.557384,7.306967,False,1268.814715,15.860184,False,1419.884405,17.748555,False,2033.564669,25.419558,False,0,0,1,2,2,24,0,0,11,0,0,4,0,0,1,4926248109,4.502255,6.621463,1.244493,5.871442,2.291336,6.921807,2.634992,6.735714,4.558166,5.576708,22.369103,72.268663,38.606976,healthcare,0,35.568,53.826,67.162,49.857
C006_027,6,27,0.5625,131.0,49315.649421,48.52109,0.087672,232.888889,2,3.555556,0,0.0,0,0.0,0,0.0,0,0.0,0,0.0,0,0.0,0,0.0,2,3.555556,2032.790872,522.020081,1535.395287,888.464923,1625.100081,0.0,0.0,0.0,0.0,0.0,0.093558,0.0,0.093558,4.964867,8.826429,45,80.0,8,0.012461,0.010953,5,-3.369633,0.147718,Cluster 5 · limited retail / low building coverage,42272,90.967479,2968.314508,37.103931,False,810.562906,10.132036,False,1940.42844,24.255356,False,1269.342034,15.866775,False,1883.022298,23.537779,False,0,0,0,0,4,23,0,0,6,0,0,3,0,0,1,9482475108,5.070838,7.31712,1.011751,10.014354,2.952916,8.214036,3.708678,4.278283,3.458159,6.806447,30.248834,73.979393,43.0185,market,0,37.418,31.369,68.686,43.118
C006_028,6,28,0.5625,0.0,0.0,0.0,0.0,0.0,3,5.333333,0,0.0,1,1.777778,0,0.0,0,0.0,0,0.0,0,0.0,0,0.0,2,3.555556,2416.704899,651.725032,1857.493173,1457.071541,1444.287271,0.0,0.0,0.0,0.0,0.0,0.0,0.0,0.0,0.0,0.0,0,0.0,8,0.012461,0.008197,4,-5.297068,2.150082,Cluster 4 · road-sparse / intersection-sparse,42527,494.483907,3032.228584,37.902857,False,645.801142,8.072514,False,2614.776192,32.684702,False,2633.926494,32.924081,False,2050.221012,25.627763,False,0,0,0,3,5,12,0,0,0,0,0,0,0,0,1,4926429471,3.038807,12.472941,0.0,,2.111547,15.479031,3.426178,9.609565,1.426128,17.970168,11.430793,77.041213,36.100338,market,0,8.165,9.199,75.109,25.263
C006_029,6,29,0.5625,3.0,74.726798,24.372262,0.000133,5.333333,1,1.777778,0,0.0,0,0.0,0,0.0,0,0.0,0,0.0,0,0.0,0,0.0,1,1.777778,2256.741091,699.949881,1697.610535,2140.501118,1231.120379,0.0,0.0,0.0,0.0,0.0,0.0,0.0,0.0,2.910938,5.175001,2,3.555556,8,0.012461,0.004663,4,-4.777557,1.055218,Cluster 4 · road-sparse / intersection-sparse,30601,91.01085,13004.409769,162.555122,False,1067.920066,13.349001,False,13000.333837,162.504173,False,13013.24036,162.665504,False,12558.311317,156.978891,False,0,0,0,0,2,2,0,0,0,0,0,0,0,0,0,374130814,2.288369,71.035354,0.0,,1.36111,119.39096,2.675741,60.792703,0.675691,232.323624,12.286159,85.157465,40.340535,market,0,14.16,19.032,78.429,31.932
C006_030,6,30,0.320161,29.0,9015.241506,114.963369,0.028158,90.579326,0,0.0,0,0.0,0,0.0,0,0.0,0,0.0,0,0.0,0,0.0,0,0.0,0,0.0,2300.160463,954.488922,1707.598394,2551.930808,1360.804186,0.0,0.0,0.013459,0.0,0.0,0.0,0.0,0.013459,0.121461,0.379375,0,0.0,5,0.007788,0.000691,1,-5.541526,-0.857213,Cluster 1 · market-distant / service-light,30603,507.323275,14156.614321,176.957679,False,2344.835748,29.310447,False,14139.450829,176.743135,False,14082.049919,176.025624,False,13835.226999,172.940337,False,0,0,0,0,0,2,0,0,0,0,0,0,0,0,0,374130814,2.288369,77.329162,0.0,,1.36111,129.85225,2.675741,65.785757,0.675691,255.946042,21.487818,90.143857,47.679511,market,0,20.187,23.367,79.899,36.228
C007_003,7,3,0.078495,493.0,36824.571607,56.961806,0.469131,6280.637772,36,458.626693,1,12.73963,0,0.0,1,12.73963,24,305.751129,0,0.0,0,0.0,0,0.0,10,127.396304,251.571426,239.947255,70.362428,251.656702,251.913969,0.0,0.0,0.0,0.0,0.0,0.0,0.0,0.0,1.697674,21.62774,13,165.615195,3,0.004673,0.0,3,1.231826,-4.378102,Cluster 3 · building-dense / limited recreation POIs,275,23.499599,428.986767,5.362335,False,359.040878,4.488011,False,23.499599,0.293745,False,428.986767,5.362335,False,428.986767,5.362335,False,4,9,22,19,28,82,23,27,85,1,2,13,1,3,9,3308359120,0.791074,6.778552,0.736379,6.094701,0.0,,0.791074,6.778552,0.791074,6.778552,75.816485,28.207621,24.114664,education,0,89.37,77.232,53.064,76.045
C007_004,7,4,0.517967,1962.0,175332.110709,61.25688,0.3385,3787.885152,36,69.50248,3,5.791873,6,11.583747,0,0.0,12,23.167493,0,0.0,0,0.0,0,0.0,15,28.959367,599.437847,264.065821,379.660844,533.02407,576.870742,0.0,0.0,0.0,0.0,0.0,0.0,0.0,0.0,8.935975,17.252011,59,113.906842,7,0.010903,0.004078,3,-0.263643,-1.767297,Cluster 3 · building-dense / limited recreation POIs,255,58.745339,1047.359706,13.091996,False,470.86266,5.885783,False,570.831658,7.135396,False,881.078059,11.013476,False,943.403853,11.792548,False,0,2,29,8,18,95,3,15,95,0,1,13,0,1,16,10083061625,2.620827,4.995368,0.957109,6.149546,1.294015,5.514154,1.903892,5.784716,2.622529,4.496633,65.863142,46.81182,37.223769,healthcare,0,73.523,66.921,62.535,68.465
C007_005,7,5,0.5625,1539.0,187217.627425,64.550015,0.332831,2736.0,88,156.444444,3,5.333333,5,8.888889,5,8.888889,25,44.444444,3,5.333333,6,10.666667,1,1.777778,40,71.111111,151.101748,291.461855,112.698345,497.524468,105.682635,0.092643,0.0,0.045859,0.011366,0.0,0.0,0.0,0.149868,9.932581,17.657922,90,160.0,8,0.012461,0.007909,6,2.218977,-0.829063,Cluster 6 · high building coverage / retail-rich,35844,80.157753,871.792001,10.8974,False,395.263952,4.940799,False,121.520059,1.519001,False,823.817042,10.297713,False,870.816234,10.885203,False,0,3,42,4,14,130,3,11,124,0,3,14,0,4,18,3306536786,1.533305,7.107131,0.445385,11.093327,0.112141,13.545489,1.086179,9.480679,1.199646,9.073679,78.17522,38.753888,33.679118,healthcare,0,70.07,72.03,61.283,68.559
C007_006,7,6,0.5625,2059.0,272471.412003,82.716866,0.484394,3660.444444,217,385.777778,5,8.888889,18,32.0,13,23.111111,66,117.333333,5,8.888889,10,17.777778,1,1.777778,99,176.0,339.348995,219.435487,47.358844,322.532948,136.746415,0.014201,0.00409,0.276125,0.006778,0.013287,0.0,0.001598,0.316079,13.249532,23.554723,152,270.222222,8,0.012461,0.010976,6,3.410254,-1.329093,Cluster 6 · high building coverage / retail-rich,38949,19.661054,446.141877,5.576773,False,347.378863,4.342236,False,81.96223,1.024528,False,919.962222,11.499528,False,192.39486,2.404936,False,8,19,136,27,66,365,26,57,217,0,4,17,6,13,35,3287247976,1.073665,5.194149,0.890735,4.874893,0.169049,6.06055,2.287935,5.026161,0.469273,5.124812,87.610161,27.099533,25.08498,park,0,85.575,89.23,23.608,71.362
C007_007,7,7,0.5625,2701.0,278497.625586,73.557711,0.495107,4801.777778,317,563.555556,16,28.444444,27,48.0,22,39.111111,66,117.333333,2,3.555556,10,17.777778,5,8.888889,169,300.444444,151.588943,64.231054,151.588943,219.410429,190.806703,0.0,0.0,0.0,0.007977,0.018379,0.0,0.0,0.026356,13.171712,23.416376,145,257.777778,8,0.012461,0.014511,6,4.311043,-0.80053,Cluster 6 · high building coverage / retail-rich,38824,17.704737,226.144402,2.826805,False,226.144402,2.826805,False,226.144402,2.826805,False,336.9428,4.211785,False,275.579469,3.444743,False,10,41,185,39,96,542,23,63,306,4,4,24,2,6,56,11663461788,0.542917,5.206703,0.542917,5.206703,0.542917,5.206703,0.823836,5.112409,0.682018,5.050808,75.972006,19.916407,17.0451,education,0,86.703,79.938,18.274,67.228
C007_008,7,8,0.5625,2239.0,284710.103617,93.564982,0.506151,3980.444444,441,784.0,27,48.0,62,110.222222,56,99.555556,67,119.111111,4,7.111111,11,19.555556,3,5.333333,211,375.111111,251.557283,40.428004,101.252686,446.872067,98.30841,0.015016,0.005363,0.0,0.019847,0.015098,0.0,0.004697,0.060021,14.157747,25.169328,138,245.333333,8,0.012461,0.017379,2,4.844024,-0.679605,Cluster 2 · recreation/culture-rich / transport-POI-rich,14531,24.832698,379.997696,4.749971,False,24.832698,0.310409,False,122.153268,1.526916,False,744.782559,9.309782,False,207.388386,2.592355,False,36,69,266,90,203,822,32,95,464,5,11,35,5,10,91,387095973,0.711244,6.678394,0.0,,0.274211,5.568394,1.481555,6.283792,0.274211,9.453863,89.269051,13.180404,12.331775,park,0,88.017,81.54,27.465,70.612
C007_009,7,9,0.5625,1753.0,252594.254475,112.3998,0.449056,3116.444444,938,1667.555556,56,99.555556,113,200.888889,97,172.444444,158,280.888889,9,16.0,19,33.777778,9,16.0,477,848.0,117.105669,100.376333,62.968393,194.064998,182.618488,0.009842,0.0,0.0,0.038898,0.047813,0.0,0.0,0.096553,15.005799,26.676976,150,266.666667,8,0.012461,0.020344,2,5.870625,-0.231092,Cluster 2 · recreation/culture-rich / transport-POI-rich,13907,52.423151,217.284791,2.71606,False,173.297164,2.166215,False,85.685625,1.07107,False,310.577512,3.882219,False,396.618834,4.957735,False,31,86,291,119,281,787,57,145,425,5,11,40,13,22,95,387094471,0.418243,6.49398,0.316532,6.843593,0.090134,11.88315,0.664845,5.839287,0.900326,5.506598,82.581649,9.875583,8.843485,education,0,82.465,78.499,10.521,63.091
C007_010,7,10,0.5625,1658.0,224146.194268,111.361288,0.398482,2947.555556,674,1198.222222,35,62.222222,81,144.0,113,200.888889,120,213.333333,3,5.333333,12,21.333333,11,19.555556,299,531.555556,88.084658,58.759648,76.081046,111.67773,76.247823,0.0,0.024195,0.0,0.234349,0.071167,0.0,0.0,0.329712,14.874415,26.443404,151,268.444444,8,0.012461,0.022741,2,6.094988,0.274847,Cluster 2 · recreation/culture-rich / transport-POI-rich,13011,36.064065,78.10877,0.97636,False,78.10877,0.97636,False,82.473942,1.030924,False,125.491983,1.56865,False,155.078064,1.938476,False,39,105,292,133,268,661,69,184,406,10,14,37,10,37,99,4914245194,0.097661,9.997424,0.097661,9.997424,0.107811,9.562338,0.180866,8.673012,0.275633,7.032803,65.448419,4.432348,3.513481,education,0,77.683,77.317,6.081,59.654
C007_011,7,11,0.5625,1651.0,239355.324262,110.233413,0.425521,2935.111111,645,1146.666667,51,90.666667,54,96.0,47,83.555556,114,202.666667,12,21.333333,17,30.222222,5,8.888889,345,613.333333,72.223156,45.302593,43.974886,238.968671,132.912157,0.023487,0.000546,0.0,0.020252,0.05183,0.0,0.0,0.096114,16.210564,28.81878,188,334.222222,8,0.012461,0.025064,2,5.885579,-0.016597,Cluster 2 · recreation/culture-rich / transport-POI-rich,12650,1.909157,84.962611,1.062033,False,77.618573,0.970232,False,31.553655,0.394421,False,307.274702,3.840934,False,124.747265,1.559341,False,69,133,254,76,158,561,67,135,391,9,13,38,18,36,102,1813536822,0.19204,5.530262,0.175462,5.529596,0.068845,5.729089,0.70677,5.434491,0.285288,5.465842,81.648523,5.870918,5.224478,education,0,80.816,79.044,11.851,62.955
C007_012,7,12,0.5625,1761.0,232254.90567,100.387576,0.412898,3130.666667,560,995.555556,38,67.555556,31,55.111111,26,46.222222,109,193.777778,14,24.888889,14,24.888889,4,7.111111,324,576.0,100.518272,107.040551,108.982761,119.372858,201.535942,0.003606,0.000657,0.0,0.013955,0.002181,0.0,0.0,0.020398,12.429249,22.096443,100,177.777778,8,0.012461,0.026864,2,5.080818,0.133692,Cluster 2 · recreation/culture-rich / transport-POI-rich,12151,64.013263,64.013263,0.800166,False,215.328817,2.69161,False,256.910153,3.211377,False,64.013263,0.800166,False,323.126375,4.03908,False,23,84,215,34,80,429,27,71,360,4,9,33,10,24,84,9992684961,0.0,,0.350232,7.685232,0.446676,7.189494,0.0,,0.602083,6.708507,79.885951,14.210731,12.495719,education,0,78.904,71.695,25.918,63.134
C007_013,7,13,0.5625,1994.0,259141.328152,118.685931,0.460696,3544.888889,266,472.888889,14,24.888889,23,40.888889,24,42.666667,46,81.777778,2,3.555556,10,17.777778,3,5.333333,144,256.0,276.175381,115.208957,145.693616,522.099024,321.70395,0.0,0.0,0.0,0.000292,0.0,0.0,0.0,0.000292,13.946786,24.794286,139,247.111111,8,0.012461,0.028468,6,3.67859,-0.185865,Cluster 6 · high building coverage / retail-rich,11245,4.593132,366.040823,4.57551,False,237.24698,2.965587,False,150.456104,1.880701,False,985.255103,12.315689,False,508.180003,6.35225,False,7,29,200,33,65,382,33,67,346,0,4,31,4,11,86,4595765772,0.748167,6.11563,0.503313,5.892137,0.338935,5.548854,1.606315,7.667045,1.168578,5.435882,71.254536,25.563764,21.15471,park,0,89.355,78.46,61.936,78.687
C007_014,7,14,0.5625,2263.0,261568.717663,106.702528,0.465011,4023.111111,282,501.333333,11,19.555556,12,21.333333,28,49.777778,68,120.888889,3,5.333333,10,17.777778,4,7.111111,146,259.555556,215.951303,236.969615,69.976123,176.353681,104.155087,0.018231,0.0,0.0,0.000741,0.001417,0.0,0.0,0.020389,16.429059,29.207217,198,352.0,8,0.012461,0.029581,6,4.370148,-0.064848,Cluster 6 · high building coverage / retail-rich,10773,14.552538,436.42985,5.455373,False,509.826287,6.372829,False,105.036319,1.312954,False,422.646811,5.283085,False,382.249304,4.778116,False,11,21,159,13,70,447,24,75,468,3,7,29,2,5,72,11409244825,0.978051,5.577802,1.107459,5.754462,0.20983,6.257223,0.946956,5.579019,1.193899,4.002112,88.465526,23.629471,21.99415,education,0,90.0,84.74,29.37,73.002
C007_015,7,15,0.5625,2182.0,290792.934427,121.717,0.516965,3879.111111,448,796.444444,24,42.666667,44,78.222222,48,85.333333,84,149.333333,3,5.333333,6,10.666667,4,7.111111,235,417.777778,104.823232,27.025996,47.417396,35.425968,132.975353,0.0,0.0,0.0,0.013013,0.0,0.0,0.0,0.013013,14.847804,26.396095,164,291.555556,8,0.012461,0.030435,2,5.762872,0.056373,Cluster 2 · recreation/culture-rich / transport-POI-rich,10056,45.517377,209.373633,2.61717,False,190.407859,2.380098,False,45.517377,0.568967,False,60.842861,0.760536,False,130.290581,1.628632,False,20,43,164,61,133,551,54,123,606,3,8,33,6,19,77,11986943310,0.38147,6.860758,0.336031,7.082969,0.0,,0.035445,21.456711,0.212904,7.649625,74.675998,10.95451,9.290038,education,0,93.351,81.82,47.076,77.746
C007_016,7,16,0.5625,1428.0,241268.801703,115.88243,0.428922,2538.666667,714,1269.333333,29,51.555556,42,74.666667,61,108.444444,206,366.222222,8,14.222222,20,35.555556,10,17.777778,338,600.888889,69.400675,12.724915,16.464039,16.556629,228.218538,0.232476,0.006117,0.0,0.065548,0.065802,0.0,0.082434,0.452377,15.194495,27.012435,157,279.111111,8,0.012461,0.030717,2,7.008816,0.531844,Cluster 2 · recreation/culture-rich / transport-POI-rich,9123,10.447037,102.853774,1.285672,False,10.447037,0.130588,False,10.447037,0.130588,False,10.447037,0.130588,False,248.167813,3.102098,False,39,69,184,122,233,583,142,276,603,3,10,40,23,32,85,12012945155,0.110845,11.598828,0.0,,0.0,,0.0,,0.314727,9.856469,84.655262,3.09098,2.806398,healthcare,0,78.997,75.607,4.961,59.302
C007_017,7,17,0.5625,1925.0,265635.041798,111.076092,0.47224,3422.222222,541,961.777778,24,42.666667,44,78.222222,78,138.666667,109,193.777778,3,5.333333,12,21.333333,4,7.111111,267,474.666667,46.562981,76.044775,12.935651,201.822058,276.701952,0.747305,0.0,0.0,0.000811,0.010702,0.0,0.017233,0.776051,17.933034,31.88095,207,368.0,8,0.012461,0.030789,2,5.84797,-0.131682,Cluster 2 · recreation/culture-rich / transport-POI-rich,8740,61.66177,90.300249,1.128753,False,85.177139,1.064714,False,61.66177,0.770772,False,265.444496,3.318056,False,536.549801,6.706873,False,15,39,156,49,130,516,56,178,512,4,7,28,7,21,73,5928110092,0.066549,16.961311,0.054645,19.484094,0.0,,0.466818,7.107809,1.054104,6.362631,93.105236,9.175739,8.796151,park,0,87.652,82.372,21.361,69.231
C007_018,7,18,0.5625,2298.0,309024.89846,67.163633,0.549378,4085.333333,454,807.111111,25,44.444444,31,55.111111,59,104.888889,87,154.666667,12,21.333333,7,12.444444,6,10.666667,227,403.555556,75.920916,79.12046,115.405531,112.175673,156.541965,0.017015,0.0,0.0,0.0,0.0,0.0,0.0,0.017015,14.979277,26.629826,130,231.111111,8,0.012461,0.030406,2,5.523013,0.026356,Cluster 2 · recreation/culture-rich / transport-POI-rich,8331,45.305431,100.728659,1.259108,False,100.728659,1.259108,False,100.728659,1.259108,False,151.762784,1.897035,False,240.491345,3.006142,False,12,30,134,31,115,461,26,95,452,3,7,38,7,20,75,3639300314,0.094102,13.380184,0.094102,13.380184,0.094102,13.380184,0.247357,7.669218,0.418818,7.177685,90.202177,11.226672,10.56669,education,0,94.347,83.204,48.491,78.983
C007_019,7,19,0.5625,1449.0,263803.386246,156.37261,0.468984,2576.0,623,1107.555556,20,35.555556,75,133.333333,57,101.333333,116,206.222222,11,19.555556,14,24.888889,10,17.777778,320,568.888889,224.921552,83.083889,104.78263,111.114516,169.210899,0.0,0.0,0.0,0.030308,0.020379,0.0,0.0,0.050687,13.169119,23.411768,115,204.444444,8,0.012461,0.029562,2,5.461636,0.261572,Cluster 2 · recreation/culture-rich / transport-POI-rich,7988,101.459925,212.128094,2.651601,False,101.459925,1.268249,False,101.459925,1.268249,False,161.419613,2.017745,False,253.710304,3.171379,False,17,35,115,59,122,400,47,85,388,5,8,31,10,21,72,3351543952,0.257192,10.309802,0.0,,0.0,,0.10178,19.824645,0.258437,12.271361,67.055469,12.082037,9.693815,healthcare,0,80.568,71.376,13.655,60.623
C007_020,7,20,0.5625,1115.0,114442.613746,48.10945,0.203454,1982.222222,230,408.888889,11,19.555556,19,33.777778,32,56.888889,49,87.111111,1,1.777778,1,1.777778,3,5.333333,114,202.666667,240.029064,183.180428,178.410626,389.523951,451.402124,0.0,0.0,0.0,0.060271,0.0,0.0,0.0,0.060271,7.953823,14.14013,46,81.777778,8,0.012461,0.028519,6,2.427035,0.564547,Cluster 6 · high building coverage / retail-rich,7433,42.544572,254.008893,3.175111,False,253.930176,3.174127,False,253.930176,3.174127,False,575.855766,7.198197,False,599.718128,7.496477,False,14,27,78,49,123,276,31,94,223,5,12,27,8,23,55,374147875,0.239405,13.262523,0.867263,3.659935,0.348671,9.103504,0.95642,7.526185,0.913933,8.202434,50.155521,19.391524,13.592162,education,0,56.983,53.919,57.963,56.156
C007_021,7,21,0.5625,458.0,98339.852619,179.753639,0.174826,814.222222,140,248.888889,5,8.888889,11,19.555556,6,10.666667,22,39.111111,3,5.333333,1,1.777778,5,8.888889,87,154.666667,353.664429,46.453055,19.598282,332.072122,217.808497,0.0,0.0,0.0,0.077409,0.030518,0.0,0.0,0.107928,7.769702,13.812803,46,81.777778,8,0.012461,0.027148,6,2.762583,0.877478,Cluster 6 · high building coverage / retail-rich,7266,28.626972,608.45691,7.605711,False,38.623996,0.4828,False,28.626972,0.357837,False,374.996988,4.687462,False,327.86397,4.0983,False,7,14,50,24,67,199,18,66,172,6,9,21,8,16,40,4277725783,0.945082,8.04767,0.023104,20.896877,0.0,,0.614814,7.624196,0.572327,7.160769,41.083463,17.719673,11.455783,healthcare,0,44.79,44.938,18.429,38.252
C007_022,7,22,0.5625,208.0,19036.563941,33.178083,0.033843,369.777778,6,10.666667,0,0.0,0,0.0,0,0.0,0,0.0,0,0.0,0,0.0,0,0.0,6,10.666667,759.892389,662.645104,539.689959,621.978544,846.16554,0.0,0.0,0.0,0.0,0.0,0.0,0.0,0.0,5.956424,10.589198,32,56.888889,8,0.012461,0.025452,5,-2.539179,0.898462,Cluster 5 · limited retail / low building coverage,7111,81.250489,1289.222827,16.115285,False,1060.451543,13.255644,False,452.323709,5.654046,False,1124.433442,14.055418,False,1041.795286,13.022441,False,0,0,27,0,3,125,1,5,101,0,1,15,0,2,24,12662983580,2.171108,7.422609,1.798352,7.370994,0.488232,11.58066,1.84084,7.63533,1.798352,7.241318,27.604977,58.417574,33.042724,healthcare,0,30.7,35.84,46.244,36.385
C007_023,7,23,0.5625,68.0,6811.003513,34.69508,0.012108,120.888889,5,8.888889,0,0.0,0,0.0,2,3.555556,1,1.777778,0,0.0,0,0.0,1,1.777778,1,1.777778,989.535622,562.891647,354.941529,789.026159,1584.156463,0.0,0.0,0.0,0.0,0.0,0.0,0.0,0.0,3.153909,5.606949,13,23.111111,8,0.012461,0.023311,5,-2.550996,1.279414,Cluster 5 · limited retail / low building coverage,31198,232.110271,1843.872361,23.048405,False,1146.179575,14.327245,False,874.863855,10.935798,False,1407.232555,17.590407,False,2187.11277,27.33891,False,0,0,1,0,1,14,0,2,13,0,0,4,0,0,2,13119798525,2.765733,8.333562,1.399171,10.239811,0.837191,13.062494,1.781734,9.872632,2.55185,10.71337,18.973561,69.615086,35.771111,healthcare,0,21.361,23.83,67.815,33.839
C007_024,7,24,0.5625,363.0,28124.527676,36.4332,0.049999,645.333333,19,33.777778,0,0.0,1,1.777778,3,5.333333,3,5.333333,0,0.0,0,0.0,1,1.777778,11,19.555556,869.505296,196.936764,115.352738,224.533616,1609.325426,0.0,0.0,0.0,0.0,0.0,0.0,0.0,0.0,11.10665,19.745155,59,104.888889,8,0.012461,0.021042,3,-0.686707,0.441181,Cluster 3 · building-dense / limited recreation POIs,42345,109.682003,1471.623726,18.395297,False,1093.433928,13.667924,False,968.57763,12.10722,False,1015.589454,12.694868,False,2611.510692,32.643884,False,0,0,1,0,1,10,0,1,8,0,1,2,0,0,0,4926399056,1.604222,11.466805,0.23766,57.510475,0.0,,1.328258,9.557535,3.951013,8.262156,32.296527,64.512053,38.305913,education,0,44.557,51.124,52.247,48.778
C007_025,7,25,0.5625,187.0,15051.487259,43.530006,0.026758,332.444444,12,21.333333,0,0.0,1,1.777778,2,3.555556,4,7.111111,0,0.0,0,0.0,0,0.0,5,8.888889,1287.593947,204.590479,36.907829,450.733547,1223.455277,0.0,0.0,0.0,0.0,0.0,0.0,0.0,0.0,12.37669,22.003005,71,126.222222,8,0.012461,0.01847,3,-1.028648,0.333425,Cluster 3 · building-dense / limited recreation POIs,31265,62.562798,1839.856674,22.998208,False,420.247327,5.253092,False,157.203582,1.965045,False,860.453686,10.755671,False,1561.949201,19.524365,False,0,0,6,1,3,39,1,3,23,0,1,5,0,0,4,4926417898,4.160215,5.52813,0.829381,6.333747,0.099378,19.773416,1.561299,6.888925,3.078642,6.341876,26.283048,52.750778,29.419018,healthcare,0,41.221,51.893,60.031,49.659
C007_026,7,26,0.5625,412.0,57303.457263,50.611981,0.101873,732.444444,9,16.0,0,0.0,0,0.0,0,0.0,0,0.0,0,0.0,0,0.0,1,1.777778,8,14.222222,1551.986756,459.810931,543.776566,237.238594,801.349199,0.0,0.0,0.0,0.0,0.0,0.000823,0.0,0.000823,9.690664,17.227848,50,88.888889,8,0.012461,0.015449,5,-1.925245,0.149685,Cluster 5 · limited retail / low building coverage,42511,36.029597,2276.459351,28.455742,False,1092.591871,13.657398,False,1168.386945,14.604837,False,279.389582,3.49237,False,1191.167141,14.889589,False,0,0,4,0,2,39,0,1,17,1,2,4,0,1,9,12107182807,4.007454,7.100703,1.765497,7.735723,1.944035,7.512642,1.087694,3.210801,2.889092,5.153726,36.625194,59.885303,37.113987,healthcare,0,47.504,47.963,52.683,48.959
C007_027,7,27,0.5625,156.0,68001.14693,85.738136,0.120891,277.333333,6,10.666667,0,0.0,0,0.0,0,0.0,0,0.0,0,0.0,2,3.555556,0,0.0,4,7.111111,1908.658365,511.412087,902.948261,514.752084,955.237281,0.0,0.0,0.0,0.0,0.0,0.285777,0.0,0.285777,5.962669,10.600301,30,53.333333,8,0.012461,0.012464,5,-2.56701,0.194634,Cluster 5 · limited retail / low building coverage,32714,94.813322,2126.420521,26.580257,False,894.507446,11.181343,False,1155.133771,14.439172,False,1343.007577,16.787595,False,1127.864753,14.098309,False,0,0,4,0,7,36,0,4,17,0,0,3,0,1,9,9981576557,3.373276,7.879657,1.849377,6.046004,2.187629,6.600376,2.543688,6.599707,2.254914,6.252261,32.426128,66.572706,39.581253,healthcare,0,41.213,34.277,61.719,43.912
C007_028,7,28,0.5625,232.0,35091.336586,41.314678,0.062385,412.444444,13,23.111111,0,0.0,7,12.444444,0,0.0,0,0.0,0,0.0,0,0.0,1,1.777778,5,8.888889,1733.255192,162.821634,1140.340038,1264.38019,895.433784,0.0,0.0,0.0,0.0,0.0,0.0,0.0,0.0,5.031619,8.945101,24,42.666667,8,0.012461,0.008958,5,-2.288622,0.046672,Cluster 5 · limited retail / low building coverage,32744,55.676924,2434.642924,30.433037,False,134.437522,1.680469,False,2135.779943,26.697249,False,2351.146122,29.389327,False,1571.224762,19.64031,False,0,0,0,5,7,30,0,0,5,0,0,1,0,0,3,11330984958,3.928743,7.746252,0.167011,10.062049,3.001484,8.894684,4.316115,6.809209,2.316065,8.480035,30.767237,69.410964,40.577887,market,0,36.369,34.316,72.986,44.805
C007_029,7,29,0.5625,334.0,113610.281089,56.673174,0.201974,593.777778,14,24.888889,0,0.0,3,5.333333,0,0.0,1,1.777778,1,1.777778,0,0.0,0,0.0,9,16.0,1508.420439,85.959171,963.748434,1813.142821,481.137534,0.0,0.0,0.156243,0.0,0.0,0.0,0.0,0.156243,7.025861,12.490419,21,37.333333,8,0.012461,0.005151,5,-1.858297,-0.686238,Cluster 5 · limited retail / low building coverage,32782,77.013468,1847.401465,23.092518,False,77.013468,0.962668,False,1198.088413,14.976105,False,2133.933691,26.674171,False,633.533233,7.919165,False,0,0,8,2,12,25,0,2,8,0,0,1,1,1,5,374130814,2.288369,10.091255,0.0,,1.36111,11.002866,2.675741,9.968893,0.675691,11.720106,39.631934,61.333593,39.11805,healthcare,0,49.386,51.586,76.905,57.036
C007_030,7,30,0.309829,512.0,69121.217601,43.128925,0.223095,1652.526214,0,0.0,0,0.0,0,0.0,0,0.0,0,0.0,0,0.0,0,0.0,0,0.0,0,0.0,1570.629789,647.740075,978.998994,1807.162268,748.120104,0.0,0.0,0.162647,0.0,0.0,0.0,0.0,0.162647,1.708584,5.514608,8,25.820722,5,0.007788,0.000839,1,-3.726961,-2.534947,Cluster 1 · market-distant / service-light,32792,603.92686,2082.159198,26.02699,False,896.082519,11.201031,False,1432.846146,17.910577,False,2368.691423,29.608643,False,868.290965,10.853637,False,0,0,7,0,2,21,0,0,7,0,0,1,0,1,4,1682470496,2.014454,12.920121,0.273915,40.892334,1.087194,16.474126,2.401825,12.327558,0.401775,27.014189,49.585277,76.137247,53.106618,market,0,51.042,50.816,76.851,57.415
C008_002,8,2,0.039517,336.0,19576.733195,45.416014,0.495402,8502.698876,1,25.305651,0,0.0,0,0.0,0,0.0,1,25.305651,0,0.0,0,0.0,0,0.0,0,0.0,521.916901,292.124123,200.096067,520.353062,229.44568,0.0,0.0,0.0,0.0,0.0,0.0,0.00763,0.00763,1.250836,31.653223,8,202.445211,3,0.004673,0.0,3,-0.570243,-4.608758,Cluster 3 · building-dense / limited recreation POIs,816,10.689706,707.104163,8.838802,False,430.801843,5.385023,False,383.06321,4.78829,False,847.270939,10.590887,False,340.611851,4.257648,False,2,8,23,6,18,99,5,23,99,0,2,14,2,3,11,3280622940,1.481157,5.9675,1.04208,5.167574,1.03105,4.644091,2.020501,5.241714,0.850497,5.006071,76.956973,39.735614,34.241841,education,0,96.275,87.636,61.882,84.653
C008_003,8,3,0.476997,4155.0,229183.39633,42.353123,0.480472,8710.75351,290,607.970762,14,29.350313,24,50.314822,11,23.06096,105,220.127345,2,4.192902,5,10.482255,9,18.868058,120,251.574109,219.460265,60.837945,142.153054,450.591478,156.559202,0.0,0.0,0.0,0.0,0.000234,0.0,0.000809,0.001043,14.715861,30.85108,155,324.94989,7,0.010903,0.003523,6,4.143043,-2.107189,Cluster 6 · high building coverage / retail-rich,526,36.819571,408.212518,5.102656,False,293.78736,3.672342,False,160.33782,2.004223,False,614.517364,7.681467,False,250.043813,3.125548,False,8,8,22,16,23,103,18,33,100,1,4,14,3,3,7,3331020465,0.0,,0.43228,8.495287,0.259384,7.726844,0.869672,8.832603,0.869672,3.593939,76.59409,30.103033,25.875499,education,0,92.737,87.481,41.174,78.007
C008_004,8,4,0.5625,2592.0,218932.283385,55.689544,0.389213,4608.0,105,186.666667,6,10.666667,14,24.888889,4,7.111111,22,39.111111,2,3.555556,9,16.0,5,8.888889,43,76.444444,194.681145,69.053469,186.409438,235.265391,265.677019,0.0,0.0,0.0,0.0,0.0,0.0,0.004719,0.004719,11.389984,20.24886,88,156.444444,8,0.012461,0.007385,6,2.985475,-0.950241,Cluster 6 · high building coverage / retail-rich,447,107.880534,340.644024,4.25805,False,107.880534,1.348507,False,451.563804,5.644548,False,247.681761,3.096022,False,389.838258,4.872978,False,4,10,44,20,39,170,13,46,161,4,7,21,1,2,21,3315371585,0.536578,7.935569,0.0,,0.553407,10.199632,0.324159,9.55094,0.579174,8.413674,70.736133,24.251555,19.993389,market,0,81.501,73.67,52.519,71.515
C008_005,8,5,0.5625,1478.0,157009.844478,66.763146,0.279129,2627.555556,95,168.888889,2,3.555556,13,23.111111,1,1.777778,17,30.222222,1,1.777778,5,8.888889,0,0.0,56,99.555556,312.79039,132.951889,111.467394,420.487688,380.000227,0.046357,0.0,0.01483,0.077781,0.011703,0.0,0.385122,0.535793,9.285197,16.507016,65,115.555556,8,0.012461,0.010531,3,1.42951,-0.636328,Cluster 3 · building-dense / limited recreation POIs,623,29.353146,526.308574,6.578857,False,166.546396,2.08183,False,158.029696,1.975371,False,841.610746,10.520134,False,537.650492,6.720631,False,2,12,90,13,35,265,9,24,191,0,2,23,5,9,29,3310338446,1.086199,6.056772,0.372907,5.582712,0.336991,5.861792,1.962988,5.359245,1.092986,6.148873,73.250389,30.589036,25.679567,park,0,60.708,69.059,27.9,55.429
C008_006,8,6,0.5625,1193.0,195918.160183,122.320357,0.348299,2120.888889,489,869.333333,27,48.0,46,81.777778,75,133.333333,96,170.666667,6,10.666667,7,12.444444,4,7.111111,228,405.333333,146.986701,67.029692,103.703725,117.893571,368.539174,0.054576,2.8e-05,0.078539,0.00405,0.003928,0.0,0.367429,0.508551,9.51216,16.910507,77,136.888889,8,0.012461,0.014189,2,4.393801,-0.403047,Cluster 2 · recreation/culture-rich / transport-POI-rich,38986,30.612297,183.24137,2.290517,False,76.87507,0.960938,False,126.770851,1.584636,False,173.4757,2.168446,False,435.558807,5.444485,False,28,62,264,62,157,663,48,111,479,1,6,32,10,21,92,387105178,2.474487,0.925653,0.416181,2.308946,0.230349,6.879284,3.12253,0.694452,2.952294,1.844154,74.909279,10.303266,8.752168,park,0,65.117,68.188,23.585,55.809
C008_007,8,7,0.5625,1159.0,250084.772359,156.817703,0.444595,2060.444444,873,1552.0,57,101.333333,108,192.0,177,314.666667,130,231.111111,2,3.555556,12,21.333333,4,7.111111,383,680.888889,29.680594,13.676329,80.766374,303.36652,189.880029,0.395559,0.0,0.0,0.00046,0.0165,0.0,0.0,0.41252,10.934444,19.439012,70,124.444444,8,0.012461,0.017253,2,5.720413,-0.404479,Cluster 2 · recreation/culture-rich / transport-POI-rich,15611,55.508302,55.508302,0.693854,False,55.508302,0.693854,False,165.469091,2.068364,False,565.709861,7.071373,False,405.283337,5.066042,False,27,74,323,63,169,859,34,93,555,2,8,38,6,11,109,1787162124,0.0,,0.0,,0.132202,15.645503,1.179875,5.993325,1.036341,4.888394,84.4479,11.226672,10.179082,park,0,73.398,61.159,21.998,56.264
C008_008,8,8,0.5625,594.0,224915.333558,308.851662,0.399849,1056.0,641,1139.555556,32,56.888889,81,144.0,77,136.888889,80,142.222222,3,5.333333,6,10.666667,12,21.333333,350,622.222222,207.832635,91.023143,134.122523,203.185437,279.46016,0.848683,0.0,0.0,0.0,0.134899,0.0,0.0,0.983582,10.131713,18.011935,50,88.888889,8,0.012461,0.020431,2,4.663703,0.202837,Cluster 2 · recreation/culture-rich / transport-POI-rich,15624,34.60099,429.754697,5.371934,False,138.035553,1.725444,False,216.425644,2.705321,False,512.397615,6.40497,False,257.18519,3.214815,False,19,103,416,82,307,1100,30,110,575,4,12,45,4,30,104,373099409,0.98311,5.464222,0.420203,4.106219,0.420203,6.438132,1.316742,4.864258,0.900702,3.569233,76.956973,14.337092,12.354872,market,0,63.429,52.5,6.858,45.461
C008_009,8,9,0.5625,652.0,192648.520185,247.485594,0.342486,1159.111111,642,1141.333333,26,46.222222,71,126.222222,51,90.666667,139,247.111111,9,16.0,10,17.777778,3,5.333333,333,592.0,19.386514,53.435739,109.515323,70.283262,181.584649,0.086575,0.000423,0.0,0.004478,0.139937,0.0,0.001447,0.23286,12.812012,22.77691,126,224.0,8,0.012461,0.023087,2,5.564361,0.505147,Cluster 2 · recreation/culture-rich / transport-POI-rich,13920,32.519773,32.519773,0.406497,False,74.66241,0.93328,False,206.393764,2.579922,False,91.680228,1.146003,False,296.294243,3.703678,False,42,91,411,101,235,1087,64,124,508,5,12,56,11,23,105,387093108,0.0,,0.097393,9.582572,0.403279,6.39737,0.13673,8.381502,0.612205,6.049733,69.725246,6.891524,5.639689,market,0,63.701,61.563,2.838,47.737
C008_010,8,10,0.5625,383.0,88801.744955,139.303389,0.15787,680.888889,270,480.0,12,21.333333,26,46.222222,11,19.555556,56,99.555556,5,8.888889,12,21.333333,3,5.333333,145,257.777778,109.993196,183.491273,53.015548,97.325175,125.34709,0.0,0.0,0.0,0.143428,0.13204,0.0,0.0,0.275467,10.855924,19.29942,64,113.777778,8,0.012461,0.025679,2,4.000305,1.122064,Cluster 2 · recreation/culture-rich / transport-POI-rich,12973,17.269441,414.174252,5.177178,False,385.816568,4.822707,False,382.394642,4.779933,False,356.786404,4.45983,False,480.030327,6.000379,False,20,56,295,19,75,700,23,44,414,2,4,46,6,10,109,6905076744,0.0243,213.048928,0.236789,20.367081,0.005184,922.037224,0.005184,860.290152,0.623375,9.625626,39.165371,25.291602,16.059971,education,0,45.941,50.451,3.476,36.903
C008_011,8,11,0.5625,550.0,152223.802657,61.376488,0.27062,977.777778,116,206.222222,39,69.333333,11,19.555556,7,12.444444,5,8.888889,2,3.555556,7,12.444444,2,3.555556,43,76.444444,152.195097,51.522582,354.690621,427.057962,164.178229,0.019196,0.016424,0.0,0.275106,0.03761,0.0,0.0,0.348336,9.405396,16.720705,71,126.222222,8,0.012461,0.027784,6,3.095583,0.803122,Cluster 6 · high building coverage / retail-rich,12619,98.243902,226.516374,2.831455,False,261.481973,3.268525,False,619.009356,7.737617,False,1061.411333,13.267642,False,500.482211,6.256028,False,9,32,196,9,30,333,1,13,212,0,2,32,2,6,59,9990692335,0.186747,15.161958,0.0,,0.699947,11.054574,1.167129,11.367762,0.058572,106.808902,61.793675,34.40902,26.521167,market,0,53.585,49.658,20.552,43.952
C008_012,8,12,0.5625,985.0,148100.770511,57.710331,0.26329,1751.111111,253,449.777778,10,17.777778,21,37.333333,15,26.666667,26,46.222222,2,3.555556,58,103.111111,8,14.222222,113,200.888889,145.462032,23.401886,144.460395,213.787275,369.851685,0.010045,0.016426,0.0,0.004562,0.005108,0.0,0.0,0.03614,14.221137,25.282021,117,208.0,8,0.012461,0.029695,6,4.259038,0.479237,Cluster 6 · high building coverage / retail-rich,12189,41.398844,261.367722,3.267097,False,41.398844,0.517486,False,204.615754,2.557697,False,295.385327,3.692317,False,487.31807,6.091476,False,12,40,183,17,64,321,13,44,287,3,11,26,2,11,66,10140152827,0.224987,14.521237,0.0,,0.238481,10.72497,0.507358,7.277536,1.128967,5.395617,66.148263,16.008942,12.757359,market,0,66.757,70.373,25.233,57.642
C008_013,8,13,0.5625,1919.0,248670.297339,112.940869,0.442081,3411.555556,296,526.222222,4,7.111111,24,42.666667,13,23.111111,75,133.333333,6,10.666667,8,14.222222,3,5.333333,163,289.777778,241.501368,41.947465,41.947465,241.501368,217.503427,0.0,0.0,0.0,0.000158,0.003626,0.0,0.0,0.003783,14.508861,25.79353,125,222.222222,8,0.012461,0.03114,6,4.34494,0.088638,Cluster 6 · high building coverage / retail-rich,38105,30.954945,662.017637,8.27522,False,91.633669,1.145421,False,91.633669,1.145421,False,676.357362,8.454467,False,448.314523,5.603932,False,4,13,145,16,67,296,33,76,268,2,6,23,4,12,50,7146154159,1.426055,5.802876,0.140899,8.129347,0.140899,8.129347,1.885152,4.484768,0.967674,5.791138,69.466045,22.890747,18.697076,healthcare,0,84.409,78.931,28.18,68.434
C008_014,8,14,0.5625,2068.0,272799.541648,120.546756,0.484977,3676.444444,364,647.111111,20,35.555556,33,58.666667,18,32.0,86,152.888889,4,7.111111,11,19.555556,1,1.777778,191,339.555556,47.655303,47.655303,47.655303,574.400083,85.25669,0.0,0.0,0.0,0.0,0.001463,0.0,0.0,0.001463,14.098839,25.064602,137,243.555556,8,0.012461,0.032324,6,4.916637,0.009172,Cluster 6 · high building coverage / retail-rich,10804,35.388188,68.86075,0.860759,False,68.86075,0.860759,False,68.86075,0.860759,False,721.731586,9.021645,False,446.611405,5.582643,False,20,36,138,44,111,463,44,126,413,1,6,27,6,16,59,3648192314,0.0,,0.0,,0.0,,1.502491,6.004458,0.877281,6.363576,73.639191,13.316485,11.210285,park,0,88.686,80.327,42.341,74.174
C008_015,8,15,0.5625,2084.0,284738.594256,118.629494,0.506202,3704.888889,445,791.111111,16,28.444444,46,81.777778,19,33.777778,109,193.777778,7,12.444444,10,17.777778,2,3.555556,236,419.555556,167.220321,27.453751,115.936958,342.077659,149.746045,0.000681,0.0,0.0,0.0,0.001531,0.0,0.000704,0.002917,13.583339,24.148158,117,208.0,8,0.012461,0.032976,2,4.870148,0.050745,Cluster 2 · recreation/culture-rich / transport-POI-rich,10086,30.443296,249.388345,3.117354,False,30.443296,0.380541,False,270.271921,3.378399,False,484.171292,6.052141,False,299.229233,3.740365,False,9,40,162,58,174,554,42,178,566,2,6,30,8,25,76,4424648638,0.488096,6.386761,0.0,,0.555356,6.083298,0.932822,6.487988,0.602127,6.211917,85.588388,14.142691,12.919777,park,0,88.305,78.966,34.961,71.7
C008_016,8,16,0.5625,1682.0,265390.26385,130.846681,0.471805,2990.222222,1252,2225.777778,54,96.0,138,245.333333,60,106.666667,378,672.0,16,28.444444,14,24.888889,12,21.333333,580,1031.111111,147.123828,115.166474,38.172215,144.959903,137.808476,0.031453,0.000176,0.0,0.029827,0.012716,0.0,0.000703,0.074874,14.964072,26.602795,149,264.888889,8,0.012461,0.033405,2,6.392189,0.346039,Cluster 2 · recreation/culture-rich / transport-POI-rich,37536,25.789465,389.355572,4.866945,False,172.357983,2.154475,False,256.786136,3.209827,False,478.442322,5.980529,False,346.12814,4.326602,False,28,43,166,93,177,530,117,204,551,3,7,27,16,24,79,4601103126,0.631886,7.702251,0.358921,6.002649,0.472645,6.791206,0.358921,16.662536,0.762932,5.671021,85.018144,16.971229,15.445666,healthcare,0,84.72,77.691,17.776,65.524
C008_017,8,17,0.5625,3223.0,270273.851663,59.562154,0.480487,5729.777778,615,1093.333333,27,48.0,40,71.111111,52,92.444444,183,325.333333,6,10.666667,8,14.222222,2,3.555556,297,528.0,55.422616,106.782128,61.73175,325.65524,260.515666,0.05215,0.0,0.0,0.015101,0.014674,0.0,0.001276,0.083201,15.440716,27.450163,183,325.333333,8,0.012461,0.033369,2,5.228845,0.00011,Cluster 2 · recreation/culture-rich / transport-POI-rich,8760,9.763386,48.010706,0.600134,False,133.974683,1.674684,False,48.010706,0.600134,False,471.38533,5.892317,False,376.975733,4.712197,False,19,55,145,54,183,553,71,228,489,5,7,34,7,31,79,3772108978,0.088858,6.753886,0.288589,5.802998,0.088858,6.753886,0.967153,6.092432,0.584131,8.067022,92.794194,9.234059,8.834826,park,0,89.541,85.311,23.258,71.49
C008_018,8,18,0.5625,4720.0,286964.057369,36.57493,0.510158,8391.111111,392,696.888889,26,46.222222,28,49.777778,29,51.555556,101,179.555556,7,12.444444,8,14.222222,3,5.333333,190,337.777778,206.293408,117.056243,113.166057,682.949989,131.134561,0.009963,0.0,0.0,0.0,0.00013,0.0,0.024441,0.034534,15.665618,27.849987,166,295.111111,8,0.012461,0.032922,6,4.662437,-0.197914,Cluster 6 · high building coverage / retail-rich,37432,43.893313,285.227898,3.565349,False,266.318699,3.328984,False,254.980196,3.187252,False,1096.805365,13.710067,False,356.98801,4.46235,False,17,32,113,27,63,400,34,80,384,0,1,24,9,17,61,11730741147,0.650989,5.476821,0.516809,6.441419,0.490466,6.498416,2.380446,5.759453,0.817711,5.457123,90.720581,29.344868,27.711048,park,0,92.729,85.902,46.983,78.903
C008_019,8,19,0.5625,3131.0,291257.439802,89.651423,0.517791,5566.222222,350,622.222222,17,30.222222,36,64.0,21,37.333333,84,149.333333,2,3.555556,8,14.222222,6,10.666667,176,312.888889,211.69203,42.681592,62.023446,209.835353,53.073598,0.0,0.0,0.0,0.000498,0.011329,0.0,0.0,0.011826,17.65727,31.390703,165,293.333333,8,0.012461,0.032121,2,5.195068,-0.074603,Cluster 2 · recreation/culture-rich / transport-POI-rich,8015,37.125672,290.775286,3.634691,False,65.593994,0.819925,False,83.943993,1.0493,False,327.061631,4.08827,False,134.369568,1.67962,False,13,37,91,60,117,318,55,88,305,9,11,30,4,17,61,3639369959,0.58728,6.189029,0.065802,12.460564,0.108216,9.696376,0.671611,6.087256,0.225292,7.455316,76.801452,12.305599,10.592767,healthcare,0,91.68,87.076,21.229,72.456
C008_020,8,20,0.5625,1574.0,118908.043605,27.919896,0.211392,2798.222222,413,734.222222,12,21.333333,36,64.0,18,32.0,75,133.333333,6,10.666667,3,5.333333,9,16.0,254,451.555556,261.848828,200.4313,258.645959,272.084043,280.274749,0.083671,0.0,0.0,0.0,0.003706,0.0,0.0,0.087377,8.149737,14.488422,48,85.333333,8,0.012461,0.030961,6,3.330641,0.687551,Cluster 6 · high building coverage / retail-rich,7430,63.279167,979.548021,12.24435,False,327.906374,4.09883,False,327.906374,4.09883,False,1301.394895,16.267436,False,327.906374,4.09883,False,0,8,60,2,15,227,1,9,189,0,0,27,1,3,44,392519674,2.709311,4.519359,2.772664,1.4783,3.1724,1.292028,3.10824,5.233649,3.1724,1.292028,72.420943,48.211509,40.233741,park,0,56.796,58.336,28.849,50.348
C008_021,8,21,0.5625,1138.0,145849.585128,156.782077,0.259288,2023.111111,434,771.555556,12,21.333333,26,46.222222,14,24.888889,58,103.111111,7,12.444444,6,10.666667,3,5.333333,308,547.555556,372.750901,148.584311,14.307262,236.15183,160.683062,0.0,0.0,0.0,0.0,0.031001,0.0,0.0,0.031001,15.256276,27.122269,84,149.333333,8,0.012461,0.029441,6,4.064009,0.473264,Cluster 6 · high building coverage / retail-rich,7249,44.583565,461.074191,5.763427,False,187.330283,2.341629,False,44.583565,0.557295,False,295.276829,3.69096,False,348.069696,4.350871,False,9,15,36,49,64,161,60,73,134,8,10,21,17,18,32,9743015673,0.963127,5.984078,0.330876,7.077067,0.0,,0.581742,6.344669,0.58665,7.416469,53.576983,18.69168,13.485335,healthcare,0,66.267,73.173,15.171,55.91
C008_022,8,22,0.5625,427.0,23201.469292,28.173828,0.041247,759.111111,11,19.555556,0,0.0,2,3.555556,3,5.333333,0,0.0,0,0.0,2,3.555556,0,0.0,4,7.111111,827.651131,225.230032,692.420342,714.636753,800.202641,0.0,0.0,0.0,0.0,0.0,0.0,0.0,0.0,11.664165,20.736294,76,135.111111,8,0.012461,0.027483,3,-1.183618,0.581067,Cluster 3 · building-dense / limited recreation POIs,7131,44.604409,1617.62141,20.220268,False,362.028666,4.525358,False,894.648882,11.183111,False,1559.198382,19.48998,False,1248.62923,15.607865,False,0,0,7,3,5,53,0,1,54,0,0,7,0,0,15,4439999941,3.191309,6.336042,1.062222,4.260276,1.477915,7.566817,2.86104,6.8122,2.818553,5.537545,32.659409,64.269051,38.301556,healthcare,0,45.435,54.436,66.236,53.786
C008_023,8,23,0.5625,112.0,10626.384872,74.505624,0.018891,199.111111,8,14.222222,0,0.0,1,1.777778,3,5.333333,1,1.777778,0,0.0,0,0.0,0,0.0,3,5.333333,1528.634248,188.122827,569.891793,1284.220619,1161.429624,0.0,0.0,0.0,0.0,0.0,0.0,0.0,0.0,7.70702,13.701369,44,78.222222,8,0.012461,0.025314,5,-2.070894,0.842381,Cluster 5 · limited retail / low building coverage,31510,65.897019,2316.993905,28.962424,False,307.284686,3.841059,False,1446.079702,18.075996,False,2000.019208,25.00024,False,1814.600678,22.682508,False,0,0,2,2,4,17,0,0,17,0,0,3,0,0,7,9769598313,4.118571,7.032153,0.571404,6.722142,2.13356,8.472222,3.134573,7.975645,3.437353,6.598831,22.706065,70.849533,37.992098,market,0,31.182,36.917,73.095,43.668
C008_024,8,24,0.5625,156.0,8297.249638,35.178356,0.014751,277.333333,11,19.555556,0,0.0,2,3.555556,0,0.0,1,1.777778,0,0.0,0,0.0,0,0.0,8,14.222222,1283.977698,301.333347,794.920404,908.541798,1047.548213,0.0,0.0,0.0,0.0,0.0,0.0,0.0,0.0,11.830872,21.032662,73,129.777778,8,0.012461,0.022807,5,-2.100706,0.535823,Cluster 5 · limited retail / low building coverage,31385,49.900957,1662.845054,20.785563,False,408.60763,5.107595,False,916.655077,11.458188,False,1044.608739,13.057609,False,1384.93758,17.31172,False,0,0,7,1,1,43,0,2,26,0,1,4,0,0,7,4926417863,3.684079,5.641998,0.790715,6.459466,1.683352,6.806768,1.759025,7.423209,2.343815,7.38613,22.731985,60.643468,32.528666,healthcare,0,36.485,49.323,69.176,49.151
C008_025,8,25,0.5625,363.0,46675.626261,64.662098,0.082979,645.333333,53,94.222222,1,1.777778,3,5.333333,12,21.333333,4,7.111111,0,0.0,0,0.0,0,0.0,33,58.666667,795.558038,340.369964,102.561813,642.518976,627.18219,0.0,0.0,0.0,0.0,0.0,0.0,0.0,0.0,13.680631,24.321122,87,154.666667,8,0.012461,0.019863,3,-0.253409,0.152771,Cluster 3 · building-dense / limited recreation POIs,42347,35.775221,1034.312412,12.928905,False,420.343157,5.254289,False,153.247383,1.915592,False,1100.408814,13.75511,False,756.404938,9.455062,False,0,2,23,5,11,127,1,3,60,0,1,13,1,1,19,9981992725,2.643689,4.890479,0.878541,5.980702,0.271677,7.050986,2.258817,6.089519,2.38914,3.957516,34.940384,46.248056,28.194771,healthcare,0,52.869,59.662,64.821,58.235
C008_026,8,26,0.5625,807.0,88977.669951,66.712767,0.158183,1434.666667,111,197.333333,0,0.0,8,14.222222,14,24.888889,18,32.0,1,1.777778,2,3.555556,2,3.555556,66,117.333333,861.525655,208.195207,230.753154,333.612533,196.693996,0.0,0.0,0.0,0.0,0.0,0.004763,0.0,0.004763,8.376938,14.892334,61,108.444444,8,0.012461,0.016805,3,1.08468,0.060462,Cluster 3 · building-dense / limited recreation POIs,42503,51.058539,1578.683898,19.733549,False,470.649699,5.883121,False,628.29692,7.853711,False,724.09517,9.05119,False,470.649699,5.883121,False,0,0,17,8,15,106,5,6,53,1,2,9,1,2,17,4923880023,3.563257,5.538066,1.537176,3.827227,1.724227,4.554916,2.448889,3.69604,2.579212,2.280976,45.749093,51.62325,34.819601,healthcare,0,53.639,51.641,56.003,53.531
C008_027,8,27,0.5625,875.0,116310.671829,77.075091,0.206775,1555.555556,32,56.888889,0,0.0,7,12.444444,2,3.555556,0,0.0,0,0.0,2,3.555556,0,0.0,21,37.333333,1268.842268,169.195402,452.633867,720.157357,555.883308,0.0,0.0,0.0,0.0,0.0,0.025692,0.0,0.025692,6.378127,11.338893,28,49.777778,8,0.012461,0.013309,3,-0.955496,-0.256708,Cluster 3 · building-dense / limited recreation POIs,42481,101.54146,1650.086582,20.626082,False,410.46825,5.130853,False,678.799832,8.484998,False,866.673638,10.83342,False,651.530813,8.144135,False,0,0,14,7,11,78,4,5,41,0,1,8,1,1,15,13238199087,2.329803,8.853146,0.717665,7.149372,1.144156,7.415948,1.500215,7.221246,1.211441,6.722685,47.693105,54.257387,37.229175,healthcare,0,53.484,47.321,66.4,54.556
C008_028,8,28,0.5625,754.0,88131.870369,73.899319,0.156679,1340.444444,17,30.222222,0,0.0,1,1.777778,0,0.0,0,0.0,0,0.0,3,5.333333,0,0.0,13,23.111111,1030.442963,325.083659,524.852284,1432.115888,735.072867,0.0,0.0,0.0,0.0,0.0,0.0,0.0,0.0,5.323793,9.464521,26,46.222222,8,0.012461,0.009592,5,-1.93741,-0.338268,Cluster 5 · limited retail / low building coverage,32378,122.700867,1291.459493,16.143244,False,381.536118,4.769201,False,1152.894976,14.411187,False,1777.82236,22.222779,False,1091.141192,13.639265,False,0,0,15,1,6,73,0,1,33,0,0,2,0,1,17,4973153835,2.462764,6.55493,0.542398,8.792812,2.128955,6.769136,3.139128,7.079285,2.013232,6.774812,44.764126,64.657854,43.229256,park,0,49.238,44.121,74.782,53.833
C008_029,8,29,0.5625,985.0,133135.451278,65.663595,0.236685,1751.111111,41,72.888889,0,0.0,9,16.0,3,5.333333,6,10.666667,1,1.777778,1,1.777778,1,1.777778,20,35.555556,763.402968,289.741895,300.539298,1081.546689,268.94101,0.0,0.0,0.0,0.0,0.0,0.0,0.0,0.0,8.333486,14.815085,44,78.222222,8,0.012461,0.005511,3,-0.004745,-0.695363,Cluster 3 · building-dense / limited recreation POIs,32917,39.587771,887.400267,11.092503,False,497.727468,6.221593,False,497.727468,6.221593,False,1367.904721,17.098809,False,405.643506,5.070544,False,0,6,11,7,15,46,4,6,16,0,0,1,4,4,9,1682470541,1.335045,8.308713,0.407785,15.257048,0.407785,15.257048,1.722416,9.927224,0.277634,18.263408,51.140487,52.352255,37.004821,park,0,59.557,53.297,70.918,60.206
C008_030,8,30,0.299496,64.0,7307.611848,37.031952,0.0244,213.692348,2,6.677886,0,0.0,1,3.338943,0,0.0,0,0.0,0,0.0,0,0.0,0,0.0,1,3.338943,876.420341,248.06267,355.078428,1069.773331,626.637254,0.0,0.0,0.0,0.0,0.0,0.0,0.0,0.0,0.356549,1.190496,0,0.0,5,0.007788,0.000938,1,-3.750339,-1.011472,Cluster 1 · market-distant / service-light,42561,301.346867,1286.029993,16.075375,False,301.346867,3.766836,False,301.346867,3.766836,False,1556.944109,19.461801,False,815.935295,10.199191,False,0,0,10,5,7,34,3,4,11,0,0,1,0,4,6,4973153899,1.49884,10.725214,0.0,,0.0,,1.886211,10.317935,0.808034,12.622236,23.872473,56.872084,30.894897,healthcare,0,22.084,18.39,70.754,32.959
C009_002,9,2,0.42278,2454.0,190144.52025,58.894465,0.449748,5804.434221,50,118.264756,0,0.0,2,4.73059,2,4.73059,10,23.652951,0,0.0,2,4.73059,1,2.365295,33,78.054739,978.986251,315.079345,107.687737,481.911057,725.621211,0.0,0.0,0.0,0.0,0.0,0.0,0.0,0.0,12.710984,30.065227,156,368.986038,6,0.009346,0.002032,3,0.657538,-2.809504,Cluster 3 · building-dense / limited recreation POIs,1202,13.760998,1237.4732,15.468415,False,445.2082,5.565103,False,174.530141,2.181627,False,560.843753,7.010547,False,787.128569,9.839107,False,0,0,24,3,7,101,5,8,105,1,1,13,1,2,16,3305970507,2.139095,7.231289,1.108881,5.018666,0.43685,4.993994,1.381706,5.073836,1.509369,6.518687,74.883359,47.453344,40.302132,healthcare,0,93.437,86.695,60.902,82.944
C009_003,9,3,0.5625,2723.0,177445.635668,49.207967,0.315459,4840.888889,101,179.555556,3,5.333333,6,10.666667,6,10.666667,26,46.222222,2,3.555556,9,16.0,4,7.111111,45,80.0,288.394886,46.095816,172.56299,348.337486,347.898961,0.0,0.0,0.0,0.000511,0.015832,0.0,0.000335,0.016678,11.711983,20.821303,112,199.111111,8,0.012461,0.006283,6,2.598667,-0.97176,Cluster 6 · high building coverage / retail-rich,879,38.509739,428.490082,5.356126,False,38.509739,0.481372,False,277.301167,3.466265,False,528.87836,6.61098,False,403.782231,5.047278,False,1,11,76,10,36,250,19,49,349,5,8,31,1,1,46,4971967775,0.903298,5.929524,0.0,,0.55365,6.260747,1.136385,5.817554,0.920831,5.481223,66.381545,23.44479,18.715724,healthcare,0,71.353,75.373,24.215,60.976
C009_004,9,4,0.5625,2356.0,201656.52989,63.095652,0.3585,4188.444444,362,643.555556,16,28.444444,26,46.222222,24,42.666667,86,152.888889,0,0.0,17,30.222222,11,19.555556,182,323.555556,55.247699,217.173403,62.025485,362.348556,446.127381,0.001395,0.0,0.0,0.05006,0.0,0.0,0.093448,0.144903,11.513048,20.46764,108,192.0,8,0.012461,0.009561,6,3.835559,-0.825579,Cluster 6 · high building coverage / retail-rich,1029,25.154463,148.478976,1.855987,False,253.209041,3.165113,False,117.271212,1.46589,False,455.462907,5.693286,False,620.731527,7.759144,False,10,24,102,31,79,451,32,66,345,6,14,37,1,4,71,3310537750,0.150976,12.293274,0.496548,6.374233,0.156825,9.347272,0.92199,6.175,1.369141,5.667163,80.196993,17.039269,15.014696,education,0,78.624,73.67,57.255,71.548
C009_005,9,5,0.5625,575.0,117763.32246,97.778752,0.209357,1022.222222,407,723.555556,6,10.666667,23,40.888889,18,32.0,191,339.555556,5,8.888889,5,8.888889,5,8.888889,154,273.777778,251.889832,137.516763,62.738307,249.922739,74.940974,0.0,0.0,0.0,0.232844,0.073719,0.0,0.492261,0.798824,8.793573,15.633019,71,126.222222,8,0.012461,0.013343,2,3.821362,0.293198,Cluster 2 · recreation/culture-rich / transport-POI-rich,975,20.077796,449.663935,5.620799,False,171.622074,2.145276,False,79.508606,0.993858,False,449.663935,5.620799,False,171.622074,2.145276,False,5,26,291,23,132,805,53,128,535,2,9,50,10,22,86,6559115479,0.40181,13.988707,0.224546,9.55384,0.0,,0.902739,6.226381,0.224546,9.55384,44.401244,15.989502,10.655524,healthcare,0,48.367,48.904,10.35,39.051
C009_006,9,6,0.5625,439.0,159297.022192,245.181699,0.283195,780.444444,741,1317.333333,30,53.333333,75,133.333333,120,213.333333,171,304.0,4,7.111111,11,19.555556,3,5.333333,327,581.333333,57.050484,61.088429,113.860412,191.909103,161.000046,0.459079,0.0,0.0,0.178595,0.090998,0.0,0.238832,0.967504,11.145983,19.815081,101,179.555556,8,0.012461,0.016585,2,5.131927,0.223787,Cluster 2 · recreation/culture-rich / transport-POI-rich,39012,38.556523,38.556523,0.481957,False,489.388366,6.117355,False,647.92185,8.099023,False,897.364953,11.217062,False,877.88859,10.973607,False,5,15,225,39,79,588,18,90,427,0,2,29,0,11,77,1806233969,0.0,,0.0,,1.51106,5.359828,1.75325,6.397868,1.857148,5.908848,67.18507,30.501555,24.496117,park,0,55.148,52.97,7.076,42.368
C009_007,9,7,0.5625,489.0,187050.561666,306.85445,0.332534,869.333333,1104,1962.666667,67,119.111111,100,177.777778,82,145.777778,251,446.222222,10,17.777778,16,28.444444,19,33.777778,559,993.777778,17.017419,17.017419,64.633565,127.109855,232.395808,0.821899,0.0,0.001471,5.5e-05,0.146978,0.0,0.000145,0.970548,11.806046,20.988526,66,117.333333,8,0.012461,0.019944,2,6.580653,0.423069,Cluster 2 · recreation/culture-rich / transport-POI-rich,15513,26.30283,26.30283,0.328785,False,26.30283,0.328785,False,26.30283,0.328785,False,143.614902,1.795186,False,408.71831,5.108979,False,110,154,464,146,346,1231,102,211,734,11,15,48,13,44,155,364124846,0.0,,0.0,,0.0,,0.272608,6.585241,0.806222,6.336937,71.021255,1.701011,1.405252,park,0,59.821,64.821,4.152,47.654
C009_008,9,8,0.5625,1097.0,214498.582257,147.815514,0.381331,1950.222222,1090,1937.777778,54,96.0,175,311.111111,69,122.666667,144,256.0,28,49.777778,18,32.0,21,37.333333,581,1032.888889,75.08999,11.310217,41.023453,117.269897,51.813427,0.357652,0.000509,0.0,0.0,0.076367,0.0,0.0,0.434527,13.032103,23.168183,82,145.777778,8,0.012461,0.022825,2,7.055574,0.302954,Cluster 2 · recreation/culture-rich / transport-POI-rich,15842,26.738427,26.738427,0.33423,False,26.738427,0.33423,False,26.738427,0.33423,False,239.59072,2.994884,False,116.447572,1.455595,False,57,168,455,214,419,1269,103,175,771,7,14,54,23,41,159,9988819730,0.0,,0.0,,0.0,,0.399235,7.501566,0.207396,7.018437,79.62675,2.459176,2.158567,park,0,70.295,67.589,5.739,53.209
C009_009,9,9,0.5625,585.0,127724.216964,148.438288,0.227065,1040.0,307,545.777778,14,24.888889,35,62.222222,16,28.444444,54,96.0,4,7.111111,15,26.666667,4,7.111111,165,293.333333,370.968904,55.057825,191.698078,424.349305,257.568207,0.011335,0.0,0.0,0.005404,0.481312,0.0,0.0,0.498051,9.142733,16.253747,47,83.555556,8,0.012461,0.025653,2,3.561187,1.253586,Cluster 2 · recreation/culture-rich / transport-POI-rich,15758,45.787455,471.896973,5.898712,False,169.963648,2.124546,False,389.795795,4.872447,False,476.649468,5.958118,False,273.278261,3.415978,False,4,33,347,18,123,952,8,56,478,2,8,43,2,17,97,12047180001,0.974262,6.054546,0.0,,0.276457,17.624631,0.896963,6.642549,0.573257,5.958899,59.40902,22.064541,16.690813,market,0,49.526,49.751,12.815,40.427
C009_010,9,10,0.5625,59.0,51831.44433,97.179037,0.092145,104.888889,24,42.666667,1,1.777778,2,3.555556,1,1.777778,2,3.555556,0,0.0,1,1.777778,2,3.555556,15,26.666667,298.136622,288.879671,435.609026,185.195955,559.422099,0.0,0.0,0.0,0.0,0.675355,0.0,0.0,0.675355,6.396515,11.371583,20,35.555556,8,0.012461,0.028028,3,-0.227618,2.168889,Cluster 3 · building-dense / limited recreation POIs,19423,77.239037,855.652869,10.695661,False,783.778705,9.797234,False,668.186203,8.352328,False,210.867425,2.635843,False,903.054035,11.288175,False,0,6,264,2,25,769,2,28,383,4,4,42,0,6,88,9993222695,0.42298,25.286472,0.42298,23.162428,0.158069,52.839708,1.043589,2.525749,0.591039,19.098857,27.604977,38.481726,21.766413,education,0,30.529,31.579,4.285,24.336
C009_011,9,11,0.5625,201.0,95440.200753,210.381843,0.169671,357.333333,187,332.444444,2,3.555556,24,42.666667,5,8.888889,26,46.222222,3,5.333333,17,30.222222,2,3.555556,108,192.0,174.965668,106.961888,200.422822,420.87468,200.422822,0.0,0.196364,0.0,0.270706,0.07571,0.0,0.012724,0.555503,10.421046,18.526305,64,113.777778,8,0.012461,0.030204,6,2.954827,1.45687,Cluster 6 · high building coverage / retail-rich,19349,65.107061,620.590381,7.75738,False,134.190956,1.677387,False,369.731771,4.621647,False,708.487468,8.856093,False,463.257268,5.790716,False,3,15,147,29,39,276,6,11,191,2,4,28,2,3,44,12042996046,0.236182,32.844901,0.0,,0.236182,19.568146,0.0,,0.236182,24.518006,36.106791,31.794323,19.605675,market,0,44.075,45.809,16.291,37.736
C009_012,9,12,0.5625,398.0,96018.621723,47.46186,0.1707,707.555556,181,321.777778,4,7.111111,14,24.888889,7,12.444444,53,94.222222,3,5.333333,38,67.555556,9,16.0,53,94.222222,113.814777,79.948754,160.117606,148.527137,248.902239,0.0,0.007053,0.0,0.040331,0.050373,0.0,0.0,0.097757,11.132683,19.791436,59,104.888889,8,0.012461,0.031952,6,3.637378,1.171651,Cluster 6 · high building coverage / retail-rich,19572,105.595194,105.595194,1.31994,False,105.595194,1.31994,False,184.945678,2.311821,False,279.933592,3.49917,False,314.93513,3.936689,False,3,10,131,15,52,251,3,19,188,2,6,18,2,5,45,4218982239,0.310808,4.246807,0.234535,5.627899,0.928574,2.489647,0.497464,7.03401,0.464113,8.482184,39.839295,20.616252,13.174522,market,0,48.126,52.084,8.686,39.651
C009_013,9,13,0.5625,593.0,92719.579185,118.891454,0.164835,1054.222222,248,440.888889,4,7.111111,28,49.777778,14,24.888889,47,83.555556,4,7.111111,5,8.888889,5,8.888889,141,250.666667,210.970067,98.35486,66.660098,416.785648,304.27669,0.0,0.0,0.0,0.001029,0.011889,0.0,0.005165,0.018083,7.072852,12.573959,53,94.222222,8,0.012461,0.033437,6,3.034076,1.042805,Cluster 6 · high building coverage / retail-rich,19593,70.632837,290.44209,3.630526,False,70.632837,0.88291,False,70.632837,0.88291,False,770.098168,9.626227,False,410.623899,5.132799,False,10,20,96,42,74,274,29,64,218,3,7,21,8,12,37,3739988771,0.268706,13.511128,0.0,,0.0,,1.632273,5.897436,0.415635,12.349284,42.742354,19.041602,12.499938,park,0,45.544,45.505,27.473,41.013
C009_014,9,14,0.5625,1422.0,196829.42869,118.514097,0.349919,2528.0,371,659.555556,15,26.666667,35,62.222222,12,21.333333,87,154.666667,2,3.555556,4,7.111111,4,7.111111,212,376.888889,312.511503,88.011623,115.82082,671.098219,272.356246,0.0,0.0,0.0,0.001645,0.0,0.0,0.018276,0.019921,8.738361,15.534864,69,122.666667,8,0.012461,0.034421,6,3.396528,0.466399,Cluster 6 · high building coverage / retail-rich,40035,22.848084,452.320167,5.654002,False,248.124622,3.101558,False,248.124622,3.101558,False,1069.960077,13.374501,False,410.454287,5.130679,False,11,28,106,35,84,377,21,75,341,0,2,21,4,11,45,4494365186,0.996666,5.672917,0.522118,5.940342,0.522118,5.940342,2.424444,5.516522,0.898156,5.712459,60.212545,28.479782,21.680954,park,0,69.51,58.126,65.474,64.517
C009_015,9,15,0.5625,2197.0,246619.039279,92.422826,0.438434,3905.777778,212,376.888889,6,10.666667,29,51.555556,13,23.111111,49,87.111111,3,5.333333,4,7.111111,3,5.333333,105,186.666667,290.108951,162.102223,195.271842,404.180527,406.894398,0.001532,0.0,0.0,0.0,0.001505,0.0,0.000153,0.00319,11.773271,20.930259,90,160.0,8,0.012461,0.035167,6,3.229564,0.256867,Cluster 6 · high building coverage / retail-rich,40007,79.741285,572.34553,7.154319,False,256.528263,3.206603,False,309.565745,3.869572,False,842.63327,10.532916,False,636.513206,7.956415,False,2,21,109,22,82,409,16,50,375,0,2,21,1,9,49,4609337182,1.143225,6.258014,0.409672,7.827243,0.532914,7.261151,1.766009,5.964248,1.290114,6.16722,84.085018,30.248834,27.360376,park,0,81.882,73.756,37.014,67.821
C009_016,9,16,0.5625,1588.0,229099.614318,103.578053,0.407288,2823.111111,234,416.0,12,21.333333,35,62.222222,13,23.111111,41,72.888889,2,3.555556,13,23.111111,3,5.333333,115,204.444444,122.618666,73.582051,169.787883,422.995858,228.890516,0.026368,0.0,0.0,0.045211,0.031595,0.0,0.0,0.103174,14.92965,26.541601,145,257.777778,8,0.012461,0.035478,6,4.066463,0.369069,Cluster 6 · high building coverage / retail-rich,20622,12.051144,163.488359,2.043604,False,99.454847,1.243186,False,346.081329,4.326017,False,629.544897,7.869311,False,337.968882,4.224611,False,10,25,134,45,135,457,25,122,416,1,3,20,3,18,64,3809370840,0.350634,5.828318,0.0,,0.523467,8.264162,1.430766,5.50007,0.642948,6.570687,80.508035,19.284603,17.029235,park,0,78.958,76.804,21.555,63.853
C009_017,9,17,0.5625,2516.0,250538.793366,73.588962,0.445402,4472.888889,142,252.444444,7,12.444444,12,21.333333,10,17.777778,27,48.0,3,5.333333,6,10.666667,0,0.0,77,136.888889,359.922287,145.213378,151.497218,299.967821,251.830374,0.089438,0.034216,0.0,0.001763,0.000909,0.0,0.0,0.126326,11.979628,21.297117,111,197.333333,8,0.012461,0.035402,6,3.008653,0.26669,Cluster 6 · high building coverage / retail-rich,40181,26.899344,688.489029,8.606113,False,460.950555,5.761882,False,289.122923,3.614037,False,650.217133,8.127714,False,550.553252,6.881916,False,1,11,98,10,48,337,5,55,337,2,2,18,3,5,55,3797824880,1.534374,5.608877,1.006519,5.724563,0.607396,5.950051,1.526736,5.323587,1.214022,5.668692,91.653707,34.146579,32.436594,education,0,83.841,75.747,34.463,68.664
C009_018,9,18,0.5625,3949.0,244881.77596,42.386607,0.435345,7020.444444,104,184.888889,2,3.555556,12,21.333333,12,21.333333,25,44.444444,0,0.0,2,3.555556,1,1.777778,50,88.888889,302.006915,143.833663,201.253402,707.333454,460.764771,0.342353,0.0,0.0,0.01366,0.015174,0.0,0.000205,0.371392,18.835864,33.48598,236,419.555556,8,0.012461,0.034926,6,2.384125,-0.252322,Cluster 6 · high building coverage / retail-rich,20508,11.229733,452.358243,5.654478,False,227.650883,2.845636,False,357.67393,4.470924,False,971.819642,12.147746,False,528.836209,6.610453,False,7,17,89,25,47,279,18,42,266,0,3,22,6,10,47,386278615,0.95838,5.900038,0.478735,5.94407,0.684258,6.533976,1.990618,6.102501,1.018787,6.488552,94.608605,31.590202,30.568311,park,0,87.745,87.823,33.624,74.242
C009_019,9,19,0.5625,3578.0,206102.241196,36.435743,0.366404,6360.888889,156,277.333333,10,17.777778,14,24.888889,20,35.555556,31,55.111111,2,3.555556,2,3.555556,4,7.111111,73,129.777778,257.084958,299.8243,182.151659,302.698073,227.611212,0.145495,0.0,0.0,0.00547,0.042966,0.0,0.0,0.193931,15.120171,26.880303,128,227.555556,8,0.012461,0.03411,6,3.244351,0.247548,Cluster 6 · high building coverage / retail-rich,21223,66.738037,507.787838,6.347348,False,516.277885,6.453474,False,533.681242,6.671016,False,693.69729,8.671216,False,341.279169,4.26599,False,6,12,66,10,40,226,9,27,201,3,9,20,3,6,42,9748033874,1.459953,4.34764,0.795362,8.113882,1.032919,6.458409,1.969832,4.402008,0.876162,4.86895,88.698808,34.204899,31.885562,education,0,79.393,84.844,14.666,65.119
C009_020,9,20,0.5625,1100.0,112862.431125,59.392154,0.200644,1955.555556,72,128.0,4,7.111111,8,14.222222,10,17.777778,8,14.222222,1,1.777778,0,0.0,0,0.0,41,72.888889,236.540854,85.335862,69.716057,197.425313,347.086843,0.173114,0.0,0.0,0.011618,0.011191,0.0,0.0,0.195924,13.057354,23.213073,87,154.666667,8,0.012461,0.032838,3,1.851793,0.554877,Cluster 3 · building-dense / limited recreation POIs,21256,30.92227,607.256374,7.590705,False,87.683087,1.096039,False,120.575596,1.507195,False,446.224352,5.577804,False,808.57796,10.107224,False,1,5,43,5,13,186,3,16,160,2,4,23,0,5,35,11290408209,1.370181,5.539928,0.131194,8.354346,0.207625,7.259204,0.332046,16.798284,1.642229,6.154575,68.79212,29.053266,23.613121,healthcare,0,59.798,67.768,20.886,52.86
C009_021,9,21,0.5625,447.0,66196.392738,139.383406,0.117682,794.666667,229,407.111111,5,8.888889,8,14.222222,30,53.333333,42,74.666667,3,5.333333,1,1.777778,2,3.555556,138,245.333333,338.068341,142.205884,150.060225,260.287831,172.993556,0.0,0.006694,0.041739,0.0,0.0,0.0,0.0,0.048433,8.574142,15.24292,51,90.666667,8,0.012461,0.031122,6,2.311683,0.974189,Cluster 6 · high building coverage / retail-rich,40290,73.638896,881.448501,11.018106,False,829.659766,10.370747,False,700.031262,8.750391,False,981.962201,12.274528,False,1032.856121,12.910702,False,0,2,22,0,7,100,3,13,102,0,3,22,0,2,23,4901515572,0.731377,15.064879,0.087116,119.044716,0.087116,100.444817,0.600624,20.436278,0.225884,57.156343,38.284085,48.775272,30.714009,education,0,47.722,55.972,53.227,51.986
C009_022,9,22,0.5625,94.0,7644.932589,40.066754,0.013591,167.111111,2,3.555556,0,0.0,0,0.0,0,0.0,0,0.0,1,1.777778,0,0.0,0,0.0,1,1.777778,910.427955,381.076006,620.266348,745.522392,308.639381,0.0,0.0,0.0,0.0,0.0,0.0,0.0,0.0,7.322211,13.017264,42,74.666667,8,0.012461,0.029133,5,-2.220681,1.256968,Cluster 5 · limited retail / low building coverage,21484,186.39772,1371.615735,17.145197,False,1267.858409,15.84823,False,1318.752329,16.484404,False,1267.858409,15.84823,False,417.246052,5.215576,False,0,0,11,0,0,57,0,0,61,0,0,8,1,1,18,9450110306,4.224941,4.058092,1.752636,9.042513,2.511547,6.563447,3.894672,4.069207,3.852185,1.353927,20.217729,74.92224,39.057441,education,0,28.289,35.268,66.89,40.382
C009_023,9,23,0.5625,581.0,61600.559269,75.683994,0.109512,1032.888889,4,7.111111,0,0.0,1,1.777778,0,0.0,0,0.0,0,0.0,1,1.777778,0,0.0,2,3.555556,1353.805356,371.057443,571.151823,1335.525727,464.539525,0.0,0.0,0.0,0.0,0.00065,0.0,0.0,0.00065,5.706354,10.14463,31,55.111111,8,0.012461,0.026785,5,-2.071483,0.598143,Cluster 5 · limited retail / low building coverage,31461,111.75016,2018.570433,25.23213,False,753.267593,9.415845,False,764.15735,9.551967,False,2460.799193,30.75999,False,577.674122,7.220927,False,0,0,2,2,5,12,2,2,4,0,0,0,1,1,6,3566818722,3.85616,6.543331,1.487277,6.330928,1.511062,6.32136,5.497096,5.59568,1.079593,6.688564,39.942976,68.604199,43.883215,park,0,41.796,41.928,54.199,44.943
C009_024,9,24,0.5625,432.0,38589.630508,57.606086,0.068604,768.0,14,24.888889,0,0.0,3,5.333333,2,3.555556,2,3.555556,1,1.777778,0,0.0,0,0.0,6,10.666667,1052.217797,431.065978,747.898355,1042.069189,420.463439,0.0,0.0,0.0,0.0,0.0,0.0,0.0,0.0,6.989666,12.426073,34,60.444444,8,0.012461,0.02401,5,-1.414983,0.592213,Cluster 5 · limited retail / low building coverage,31776,113.716668,1495.998695,18.699984,False,1388.204235,17.352553,False,1836.957538,22.961969,False,2025.299838,25.316248,False,623.693288,7.796166,False,0,0,15,0,0,50,0,0,40,0,0,1,1,1,10,4896302798,3.014263,6.203834,2.637336,6.579575,3.529974,6.504856,3.605646,7.021279,1.180691,6.603053,35.018144,78.888025,48.130283,education,0,41.68,42.255,70.482,49.082
C009_025,9,25,0.5625,1112.0,107021.379981,69.322055,0.19026,1976.888889,116,206.222222,2,3.555556,10,17.777778,6,10.666667,25,44.444444,1,1.777778,2,3.555556,2,3.555556,68,120.888889,302.450252,81.950204,265.865325,754.069062,160.581541,0.084224,0.0,0.0,0.0,0.0,0.0,0.0,0.084224,7.371069,13.104122,45,80.0,8,0.012461,0.021023,6,1.632659,0.14613,Cluster 6 · high building coverage / retail-rich,31428,140.806487,915.20626,11.440078,False,821.800907,10.272511,False,1173.781752,14.672272,False,1000.876396,12.510955,False,637.298787,7.966235,False,0,2,49,0,8,212,0,1,115,0,1,14,1,1,35,4896302695,2.350381,4.867328,1.727068,5.947949,1.977242,7.420576,1.989905,6.287211,1.00706,7.910387,67.23691,55.919518,44.926941,market,0,55.669,52.815,67.053,57.516
C009_026,9,26,0.5625,916.0,120966.194991,95.909509,0.215051,1628.444444,111,197.333333,5,8.888889,9,16.0,7,12.444444,19,33.777778,4,7.111111,4,7.111111,0,0.0,63,112.0,313.486153,69.586044,235.981016,445.021579,109.971579,0.062235,0.0,0.0,0.019845,0.0,0.0,0.0,0.08208,9.989128,17.75845,72,128.0,8,0.012461,0.017616,6,2.089771,-0.090377,Cluster 6 · high building coverage / retail-rich,42492,76.915735,482.26878,6.02836,False,470.239232,5.87799,False,398.073984,4.975925,False,676.599255,8.457491,False,200.260216,2.503253,False,5,14,85,20,59,344,13,38,187,2,6,21,9,14,51,13700407190,2.197971,2.742693,0.835976,7.031293,1.012324,4.91535,0.975039,8.674003,0.285665,8.762887,66.148263,32.037325,25.53021,education,0,59.51,56.135,59.759,58.391
C009_027,9,27,0.5625,1203.0,190214.418714,92.8921,0.338159,2138.666667,32,56.888889,0,0.0,4,7.111111,1,1.777778,6,10.666667,2,3.555556,2,3.555556,1,1.777778,16,28.444444,699.568658,177.282282,527.916535,778.057519,363.538429,0.098622,0.0,0.0,0.0,0.0,0.0,0.0,0.098622,7.015486,12.471975,39,69.333333,8,0.012461,0.013972,3,0.200745,-0.412291,Cluster 3 · building-dense / limited recreation POIs,32412,63.247206,987.072084,12.338401,False,195.5939,2.444924,False,781.618954,9.770237,False,1294.154513,16.176931,False,512.341398,6.404267,False,0,4,77,6,26,303,2,9,157,0,0,17,1,8,51,4370711176,1.874677,6.581613,0.264336,9.24932,1.438462,6.792143,2.264802,7.142758,0.919523,6.96477,75.790565,49.484837,42.296837,park,0,65.264,52.426,67.706,61.381
C009_028,9,28,0.5625,1745.0,188832.342588,67.270317,0.335702,3102.222222,16,28.444444,1,1.777778,2,3.555556,1,1.777778,1,1.777778,0,0.0,1,1.777778,0,0.0,10,17.777778,494.420711,6.810865,569.783055,1095.978971,684.35495,0.0,0.0,0.0,0.0,0.0,0.0,0.0,0.0,10.03123,17.833298,73,129.777778,8,0.012461,0.010067,3,0.057163,-0.973649,Cluster 3 · building-dense / limited recreation POIs,32851,73.19788,572.621257,7.157766,False,420.245863,5.253073,False,764.409369,9.555117,False,1399.809317,17.497616,False,884.955661,11.061946,False,1,7,44,10,20,188,1,7,97,0,0,9,0,2,37,4923877078,1.159623,6.172496,0.6573,7.991897,1.603006,5.960749,2.924929,5.982235,1.838802,6.015843,62.182478,50.505443,39.045499,park,0,71.625,64.114,71.19,68.887
C009_029,9,29,0.5625,1657.0,174875.076953,59.290173,0.310889,2945.777778,65,115.555556,8,14.222222,6,10.666667,4,7.111111,9,16.0,3,5.333333,2,3.555556,4,7.111111,29,51.555556,80.08455,142.41228,116.38517,420.713193,108.676692,0.0,0.0,0.0,0.0,0.0,0.0,0.0,0.0,9.665751,17.183557,59,104.888889,8,0.012461,0.00577,6,2.435646,-0.695915,Cluster 6 · high building coverage / retail-rich,32893,25.251347,141.174159,1.764677,False,275.925097,3.449064,False,141.174159,1.764677,False,694.387267,8.679841,False,85.990073,1.074876,False,7,10,15,13,23,78,7,11,37,1,1,2,3,6,17,6059535745,0.267946,6.585944,0.621971,5.545381,0.267946,6.585944,1.510712,5.745528,0.052618,20.428034,60.057024,31.842924,24.211517,park,0,68.717,62.426,58.942,64.071
C009_030,9,30,0.289163,81.0,10420.536443,52.333498,0.036037,280.118539,0,0.0,0,0.0,0,0.0,0,0.0,0,0.0,0,0.0,0,0.0,0,0.0,0,0.0,349.499343,441.768891,506.579357,384.82385,546.126801,0.0,0.0,0.0,0.0,0.0,0.0,0.0,0.0,1.890246,6.536951,7,24.207775,5,0.007788,0.001009,1,-3.170289,-1.550158,Cluster 1 · market-distant / service-light,32947,137.684007,490.090026,6.126125,False,803.116191,10.038952,False,668.030514,8.350381,False,490.090026,6.126125,False,723.258023,9.040725,False,2,8,14,0,4,48,1,3,22,1,1,2,1,4,13,11305104291,0.612084,10.00863,1.048764,9.572175,1.08426,7.701454,0.906611,6.757171,0.994301,9.092543,26.775531,46.345257,25.983616,education,0,30.397,28.787,57.854,36.698
C010_001,10,1,0.355318,1764.0,117284.724107,48.862061,0.330084,4964.567854,54,151.976567,2,5.628762,2,5.628762,11,30.95819,5,14.071904,0,0.0,3,8.443143,0,0.0,31,87.245807,57.280343,244.132179,147.72676,1106.917301,408.322554,0.0,0.0,0.0,0.0,0.018181,0.0,0.0,0.018181,7.024002,19.768217,54,151.976567,5,0.007788,0.001273,3,1.080579,-2.990375,Cluster 3 · building-dense / limited recreation POIs,1269,31.104594,134.639718,1.682996,False,376.321474,4.704018,False,221.237388,2.765467,False,2282.066049,28.525826,False,523.504354,6.543804,False,3,8,19,10,18,37,5,13,42,0,0,1,1,2,5,2484557921,0.342265,4.917236,0.349165,13.472193,0.534799,5.171037,3.765792,7.574986,0.400225,16.350333,67.314671,43.954121,35.334192,park,0,71.081,73.297,37.636,63.495
C010_002,10,2,0.5625,1385.0,120501.727596,64.394118,0.214225,2462.222222,35,62.222222,0,0.0,6,10.666667,1,1.777778,5,8.888889,0,0.0,3,5.333333,1,1.777778,19,33.777778,636.08858,305.057645,320.833537,303.756805,500.835573,0.0,0.0,0.0,0.0,0.008182,0.0,0.0,0.008182,8.827628,15.69356,88,156.444444,7,0.010903,0.003799,3,-0.095541,-1.401913,Cluster 3 · building-dense / limited recreation POIs,1674,28.171932,1732.463514,21.655794,False,394.10485,4.926311,False,380.522002,4.756525,False,947.574897,11.844686,False,1381.1159,17.263949,False,0,0,11,2,2,54,1,4,62,0,1,10,0,0,8,3314130480,3.204528,6.757873,0.82291,5.986455,0.786076,6.050971,2.041558,5.801788,2.574802,6.704961,53.317781,55.482115,39.941946,healthcare,0,56.166,58.149,25.793,49.267
C010_003,10,3,0.5625,2047.0,239059.754571,85.022761,0.424995,3639.111111,312,554.666667,5,8.888889,30,53.333333,56,99.555556,65,115.555556,3,5.333333,11,19.555556,6,10.666667,136,241.777778,438.270163,134.864288,101.900535,12.710283,249.668588,0.0,0.0,0.0,0.0,0.069546,0.0,0.0,0.069546,11.631475,20.678177,110,195.555556,8,0.012461,0.007908,2,4.380989,-0.601353,Cluster 2 · recreation/culture-rich / transport-POI-rich,36056,87.981424,1108.476894,13.855961,False,342.086944,4.276087,False,524.403073,6.555038,False,87.981424,1.099768,False,844.137759,10.551722,False,0,3,81,9,22,244,4,20,314,1,3,32,0,6,43,1392394760,0.964107,14.371814,0.142925,29.918307,0.0,,0.0,,1.185166,8.903156,70.26957,36.994557,30.395372,healthcare,0,76.796,72.162,4.705,57.151
C010_004,10,4,0.5625,876.0,193549.079669,140.606271,0.344087,1557.333333,333,592.0,20,35.555556,41,72.888889,43,76.444444,40,71.111111,2,3.555556,28,49.777778,5,8.888889,154,273.777778,23.973485,53.814237,63.482499,102.607645,259.630381,0.084138,0.0,0.0,0.310263,0.028522,0.0,0.0,0.422923,10.911574,19.398354,92,163.555556,8,0.012461,0.011869,2,5.149732,-0.110759,Cluster 2 · recreation/culture-rich / transport-POI-rich,1479,4.694756,242.955566,3.036945,False,4.694756,0.058684,False,4.694756,0.058684,False,456.576148,5.707202,False,332.433934,4.155424,False,17,22,253,62,122,674,38,84,596,7,12,53,5,17,98,387097037,0.0,,0.0,,0.0,,0.55849,10.21899,0.412206,10.080936,72.343183,11.236392,9.371815,healthcare,0,63.079,57.928,11.267,48.323
C010_005,10,5,0.5625,415.0,116819.386491,162.49133,0.207679,737.777778,597,1061.333333,4,7.111111,50,88.888889,22,39.111111,259,460.444444,7,12.444444,11,19.555556,9,16.0,235,417.777778,98.684783,128.730541,168.424425,262.316901,187.444588,0.161423,0.0,0.0,0.59045,0.089212,0.0,0.005383,0.846469,12.782361,22.724197,113,200.888889,8,0.012461,0.015305,2,4.400804,0.411004,Cluster 2 · recreation/culture-rich / transport-POI-rich,36040,66.708133,185.586956,2.319837,False,281.191515,3.514894,False,426.251677,5.328146,False,482.076588,6.025957,False,362.917434,4.536468,False,3,15,288,39,212,719,40,135,452,5,7,43,9,29,94,11237343271,0.673069,3.446657,0.09978,35.226559,0.673069,7.9162,0.808412,7.454064,0.662129,6.851339,60.342146,20.713453,15.784746,market,0,52.317,57.185,9.463,43.307
C010_006,10,6,0.5625,947.0,241132.112584,163.317874,0.428679,1683.555556,1946,3459.555556,23,40.888889,97,172.444444,49,87.111111,925,1644.444444,25,44.444444,21,37.333333,10,17.777778,796,1415.111111,127.887225,50.591208,23.464044,191.964703,55.610131,0.003707,0.0,0.0,0.120579,0.01993,0.0,0.0,0.144216,13.151286,23.380063,86,152.888889,8,0.012461,0.018842,2,6.527374,-0.011212,Cluster 2 · recreation/culture-rich / transport-POI-rich,16332,27.712303,178.345615,2.22932,False,67.23417,0.840427,False,46.606596,0.582582,False,418.778091,5.234726,False,73.115038,0.913938,False,17,98,387,96,233,1072,126,233,651,4,9,56,31,51,133,3345579689,0.2955,7.544234,0.08909,9.433453,0.037815,15.40593,0.628738,8.325763,0.090878,10.056761,73.302229,7.503888,6.301866,park,0,74.984,66.594,16.532,57.434
C010_007,10,7,0.5625,1467.0,274096.510835,145.722092,0.487283,2608.0,695,1235.555556,63,112.0,53,94.222222,43,76.444444,95,168.888889,8,14.222222,26,46.222222,3,5.333333,404,718.222222,96.99517,11.554949,21.234063,328.828768,132.070954,0.0,0.0,0.0,0.0,0.004159,0.0,0.0,0.004159,11.177682,19.871434,77,136.888889,8,0.012461,0.021934,2,5.853524,-0.244934,Cluster 2 · recreation/culture-rich / transport-POI-rich,16246,48.698937,188.230065,2.352876,False,48.698937,0.608737,False,48.698937,0.608737,False,489.887981,6.1236,False,136.841321,1.710517,False,93,178,439,91,338,1227,93,248,699,4,13,54,14,52,156,7030653351,0.324269,7.255939,0.0,,0.0,,1.137253,5.384554,0.20374,8.395599,68.040435,6.726283,5.436469,park,0,79.572,65.086,30.295,62.183
C010_008,10,8,0.5625,1576.0,250929.334333,120.490882,0.446097,2801.777778,1167,2074.666667,72,128.0,188,334.222222,59,104.888889,194,344.888889,12,21.333333,29,51.555556,13,23.111111,600,1066.666667,26.88631,17.437343,26.298983,427.461431,22.018498,0.0,0.000372,0.0,0.02527,0.000239,0.0,1.8e-05,0.025898,12.136504,21.576007,88,156.444444,8,0.012461,0.024972,2,7.112807,0.077537,Cluster 2 · recreation/culture-rich / transport-POI-rich,15890,1.176281,47.225255,0.590316,False,1.176281,0.014704,False,1.176281,0.014704,False,471.639499,5.895494,False,9.110048,0.113876,False,122,218,443,315,557,1211,145,280,736,7,19,50,25,66,157,10978454189,0.071414,8.266089,0.0,,0.0,,0.967215,6.09533,0.009998,11.389775,67.26283,2.993779,2.405732,park,0,80.358,69.238,40.42,66.482
C010_009,10,9,0.5625,1246.0,225660.231568,112.164474,0.401174,2215.111111,920,1635.555556,37,65.777778,173,307.555556,55,97.777778,105,186.666667,11,19.555556,32,56.888889,22,39.111111,485,862.222222,29.036014,11.727669,24.271666,172.221845,134.678175,0.007564,0.0,0.002207,0.022896,0.087449,0.0,0.075989,0.196106,12.142734,21.587083,87,154.666667,8,0.012461,0.027589,2,6.890232,0.504538,Cluster 2 · recreation/culture-rich / transport-POI-rich,15993,40.810831,117.458257,1.468228,False,40.810831,0.510135,False,40.810831,0.510135,False,312.992556,3.912407,False,416.021527,5.200269,False,27,92,335,156,346,953,43,118,534,4,12,48,11,29,116,2413019069,0.0,,0.0,,0.0,,0.52962,7.387196,0.775778,6.703298,75.324002,5.501555,4.687017,park,0,71.664,74.93,6.555,56.53
C010_010,10,10,0.5625,562.0,117396.080462,156.373738,0.208704,999.111111,499,887.111111,12,21.333333,31,55.111111,17,30.222222,73,129.777778,5,8.888889,17,30.222222,9,16.0,335,595.555556,268.382773,176.866096,25.524163,275.991457,263.492979,0.0,0.0,0.0,0.000467,0.238905,0.0,0.007472,0.246845,13.251115,23.557538,70,124.444444,8,0.012461,0.030009,2,4.194931,1.168698,Cluster 2 · recreation/culture-rich / transport-POI-rich,19286,12.552831,276.082811,3.451035,False,276.082811,3.451035,False,12.552831,0.15691,False,490.620717,6.132759,False,332.205903,4.152574,False,9,24,240,28,141,784,43,70,383,2,9,37,6,14,102,4926544730,0.211863,16.288997,0.0,,0.0,,1.124403,5.454237,0.869327,4.776767,44.038362,17.12675,11.376104,education,0,54.992,62.053,8.297,45.79
C010_011,10,11,0.5625,84.0,42972.644821,88.465317,0.076396,149.333333,47,83.555556,0,0.0,5,8.888889,4,7.111111,5,8.888889,2,3.555556,4,7.111111,0,0.0,27,48.0,525.975738,312.014977,123.562155,683.575682,298.364435,0.0,0.0,0.0,0.0,0.308597,0.0,0.0,0.308597,5.147292,9.150741,25,44.444444,8,0.012461,0.032033,3,0.173539,2.033667,Cluster 3 · building-dense / limited recreation POIs,19317,143.562784,1021.198205,12.764978,False,375.496246,4.693703,False,143.562784,1.794535,False,962.225045,12.027813,False,280.965263,3.512066,False,0,7,106,9,32,381,1,26,190,0,1,20,2,5,50,6556709944,0.724234,17.6255,0.027192,172.612187,0.027192,65.994498,1.205373,9.978498,0.68081,5.158655,27.397615,38.802488,21.899569,healthcare,0,28.274,29.666,19.844,26.654
C010_012,10,12,0.5625,140.0,38795.679555,107.564853,0.06897,248.888889,8,14.222222,0,0.0,0,0.0,0,0.0,0,0.0,0,0.0,1,1.777778,0,0.0,7,12.444444,478.12071,490.750253,498.753501,575.392921,458.619079,0.0,0.0,0.0,0.001191,0.037017,0.0,0.041625,0.079833,3.434721,6.10617,14,24.888889,8,0.012461,0.033784,5,-2.09512,1.619892,Cluster 5 · limited retail / low building coverage,19128,179.866969,531.412441,6.642656,False,817.50608,10.218826,False,1027.724841,12.846561,False,947.716505,11.846456,False,991.527945,12.394099,False,1,1,70,0,12,159,0,6,132,0,1,13,0,2,33,386830249,2.741286,2.42319,2.37125,4.309467,2.501316,5.135921,3.363495,3.522068,2.973918,4.1676,29.108346,51.292768,29.475393,education,0,27.605,27.543,25.062,26.948
C010_013,10,13,0.5625,888.0,134240.262642,109.918738,0.238649,1578.666667,61,108.444444,7,12.444444,2,3.555556,3,5.333333,7,12.444444,0,0.0,5,8.888889,2,3.555556,35,62.222222,355.525956,257.732605,203.622481,356.120269,401.008201,0.0,0.0,0.0,0.0,0.001586,0.0,0.016804,0.01839,7.911601,14.065069,58,103.111111,8,0.012461,0.035075,3,1.249248,0.774883,Cluster 3 · building-dense / limited recreation POIs,19096,31.51424,532.037929,6.650474,False,399.715253,4.996441,False,278.403995,3.48005,False,541.973008,6.774663,False,553.958816,6.924485,False,6,9,50,7,15,164,6,9,82,2,3,9,1,2,16,4588741990,1.320323,5.037005,0.982297,5.086489,1.115406,3.119984,1.634357,4.145154,1.24128,5.578506,50.05184,36.168351,25.329096,education,0,55.132,51.26,35.249,48.806
C010_014,10,14,0.5625,1978.0,238747.199883,90.067877,0.424439,3516.444444,273,485.333333,16,28.444444,20,35.555556,33,58.666667,55,97.777778,1,1.777778,6,10.666667,3,5.333333,139,247.111111,123.750969,89.682206,178.284174,172.510987,156.342358,0.0,0.0,0.0,0.0,0.011465,0.0,0.0,0.011465,12.164274,21.625375,98,174.222222,8,0.012461,0.036117,6,4.103023,0.424335,Cluster 6 · high building coverage / retail-rich,20106,56.86646,168.634378,2.10793,False,165.087151,2.063589,False,258.165447,3.227068,False,325.7637,4.072046,False,258.165447,3.227068,False,11,19,82,21,50,291,14,29,175,4,4,10,1,2,38,4601051436,0.303287,6.950281,0.29332,7.035276,0.491394,6.567174,0.730302,5.57584,0.510351,6.323234,69.232763,22.696345,18.506522,market,0,78.826,72.807,19.448,61.875
C010_015,10,15,0.5625,1590.0,182994.172329,73.903857,0.325323,2826.666667,205,364.444444,15,26.666667,32,56.888889,25,44.444444,29,51.555556,2,3.555556,8,14.222222,2,3.555556,92,163.555556,98.372513,175.339274,128.3605,207.994236,183.815707,0.0,0.021673,0.0,0.019731,0.017024,0.0,0.0,0.058428,11.87041,21.102952,84,149.333333,8,0.012461,0.036746,6,3.875045,0.770909,Cluster 6 · high building coverage / retail-rich,20226,21.700947,144.319247,1.803991,False,343.348624,4.291858,False,161.803064,2.022538,False,580.53463,7.256683,False,479.95824,5.999478,False,8,14,80,26,53,282,11,25,222,2,5,12,2,4,31,6786095754,0.283967,6.352817,0.526298,8.15481,0.324032,6.241787,1.182483,6.136816,0.843551,7.11217,60.264386,25.486003,19.409791,education,0,68.305,69.09,18.647,56.165
C010_016,10,16,0.5625,1131.0,172366.676221,52.245033,0.30643,2010.666667,59,104.888889,5,8.888889,8,14.222222,2,3.555556,5,8.888889,4,7.111111,4,7.111111,0,0.0,31,55.111111,216.683516,121.80183,331.075113,337.407449,239.795416,0.0,0.001333,0.054153,0.0,0.011987,0.0,0.0,0.067473,8.946505,15.904897,66,117.333333,8,0.012461,0.036997,6,1.813813,0.67175,Cluster 6 · high building coverage / retail-rich,20312,49.479152,721.02108,9.012764,False,625.832641,7.822908,False,488.827854,6.110348,False,1457.96713,18.224589,False,1000.483933,12.506049,False,1,6,57,1,20,234,1,6,214,0,0,9,0,1,30,13041179300,1.207163,7.466072,1.3138,5.954414,1.079417,5.660786,2.843366,6.409511,1.624811,7.696923,55.132193,52.138414,38.102396,park,0,60.039,66.198,25.086,53.456
C010_017,10,17,0.5625,1974.0,159126.15544,54.143869,0.282891,3509.333333,21,37.333333,2,3.555556,5,8.888889,1,1.777778,6,10.666667,0,0.0,1,1.777778,1,1.777778,5,8.888889,353.269735,285.134588,472.46137,958.445489,421.996413,0.029448,0.0,0.0,0.000526,0.0,0.0,0.0,0.029973,6.990556,12.427656,49,87.111111,8,0.012461,0.036858,3,0.320431,0.577187,Cluster 3 · building-dense / limited recreation POIs,20283,43.323909,515.290388,6.44113,False,515.290388,6.44113,False,668.571019,8.357138,False,1477.170284,18.464629,False,793.795281,9.922441,False,2,3,43,7,16,177,1,3,127,0,0,8,1,1,20,4951983338,0.999436,6.444764,0.999436,6.444764,1.259224,6.636735,3.047833,6.05828,1.595187,6.220235,76.827372,53.1007,45.717803,park,0,65.404,59.036,69.72,64.254
C010_018,10,18,0.5625,1419.0,117826.261186,47.721093,0.209469,2522.666667,59,104.888889,0,0.0,3,5.333333,13,23.111111,8,14.222222,2,3.555556,0,0.0,0,0.0,33,58.666667,494.894078,340.131057,341.292528,916.207651,247.642332,0.206773,0.0,0.007995,0.000196,0.003717,0.0,0.000313,0.218994,10.350871,18.401548,66,117.333333,8,0.012461,0.0364,3,0.460264,0.624619,Cluster 3 · building-dense / limited recreation POIs,40148,76.565134,591.720879,7.396511,False,463.139603,5.789245,False,884.716778,11.05896,False,1588.113863,19.851423,False,710.458957,8.880737,False,1,1,48,7,8,134,0,5,95,0,0,9,1,1,23,12056751616,0.932292,7.933681,0.454799,12.729243,1.364824,8.102847,2.898123,6.849751,1.255403,7.074014,72.783826,56.104199,46.942549,park,0,58.491,70.747,44.316,59.237
C010_019,10,19,0.5625,708.0,82289.768085,68.275082,0.146293,1258.666667,31,55.111111,3,5.333333,4,7.111111,1,1.777778,7,12.444444,0,0.0,1,1.777778,0,0.0,15,26.666667,358.730417,191.908253,254.429749,763.564075,507.716564,0.003074,0.0,0.0,0.000175,0.0,0.0,0.000741,0.00399,5.626767,10.003142,30,53.333333,8,0.012461,0.035461,3,-0.049196,0.946254,Cluster 3 · building-dense / limited recreation POIs,40376,19.983229,937.949469,11.724368,False,127.201171,1.590015,False,649.994984,8.124937,False,1394.683026,17.433538,False,1069.941352,13.374267,False,0,4,28,2,8,116,1,2,87,0,0,14,0,1,14,4613503114,2.126408,5.513697,0.221836,7.167537,1.460612,5.562696,3.250875,5.362722,2.664152,5.020084,56.091239,51.273328,37.765238,park,0,48.289,43.694,67.271,51.426
C010_020,10,20,0.5625,1031.0,113206.944164,67.893487,0.201257,1832.888889,29,51.555556,0,0.0,4,7.111111,0,0.0,8,14.222222,1,1.777778,2,3.555556,0,0.0,14,24.888889,601.952606,163.238409,263.749915,428.923133,118.218943,0.009374,0.0,0.0,0.0,0.0,0.0,0.01029,0.019664,8.14435,14.478844,58,103.111111,8,0.012461,0.034102,3,0.404853,0.70175,Cluster 3 · building-dense / limited recreation POIs,21558,16.014878,812.685575,10.15857,False,289.437198,3.617965,False,624.381595,7.80477,False,745.988069,9.324851,False,225.548894,2.819361,False,0,1,20,5,9,97,2,9,94,1,3,15,1,1,18,9739256819,1.644668,6.17667,0.633891,5.707551,1.316521,5.92833,1.803475,5.170492,0.284517,9.909295,62.623121,43.75,33.938569,healthcare,0,56.4,53.149,59.378,56.007
C010_021,10,21,0.5625,911.0,108319.342471,72.598654,0.192568,1619.555556,37,65.777778,1,1.777778,0,0.0,1,1.777778,6,10.666667,0,0.0,0,0.0,2,3.555556,27,48.0,1030.091527,633.390648,96.122358,341.534061,648.949411,0.007701,0.0,0.0,0.0,0.000422,0.0,0.13308,0.141203,5.795687,10.303443,29,51.555556,8,0.012461,0.032374,3,-0.460032,0.830716,Cluster 3 · building-dense / limited recreation POIs,40314,23.924988,1469.556189,18.369452,False,1035.797862,12.947473,False,141.401614,1.76752,False,390.113371,4.876417,False,1323.238638,16.540483,False,0,0,8,0,2,40,3,4,43,2,2,6,0,0,9,4389161729,2.430678,7.557337,1.665295,7.774883,0.0,,0.518168,9.410881,2.360002,7.008673,60.91239,50.476283,38.638299,healthcare,0,49.261,46.563,37.131,45.284
C010_022,10,22,0.5625,1223.0,100057.448816,59.633544,0.17788,2174.222222,17,30.222222,1,1.777778,1,1.777778,2,3.555556,3,5.333333,0,0.0,1,1.777778,0,0.0,9,16.0,1320.75503,476.86723,478.370452,468.477155,450.422151,0.0,0.0,0.0,0.0,0.001337,0.0,0.00155,0.002887,5.30108,9.424142,29,51.555556,8,0.012461,0.030263,3,-0.864632,0.604475,Cluster 3 · building-dense / limited recreation POIs,21592,86.100696,2185.37499,27.317187,False,762.427975,9.53035,False,1707.706063,21.346326,False,1499.617455,18.745218,False,2072.660785,25.90826,False,0,0,1,1,3,8,0,0,6,0,0,2,0,0,4,4954113698,2.228366,12.25884,1.509225,6.31473,3.209911,6.65013,2.691743,6.96397,2.955769,8.76532,50.336962,73.48367,51.587137,market,0,49.844,48.946,39.642,46.979
C010_023,10,23,0.5625,1058.0,105519.001329,73.817158,0.187589,1880.888889,28,49.777778,2,3.555556,3,5.333333,2,3.555556,10,17.777778,1,1.777778,0,0.0,1,1.777778,9,16.0,851.626012,297.241239,309.633335,1203.036232,398.259304,0.0,0.0,0.0,0.0,0.001229,0.0,0.0,0.001229,5.798949,10.309242,28,49.777778,8,0.012461,0.027732,3,-0.164122,0.516088,Cluster 3 · building-dense / limited recreation POIs,42376,33.955076,1227.716224,15.346453,False,589.382844,7.367286,False,632.991878,7.912398,False,2031.03341,25.387918,False,819.475106,10.243439,False,0,0,13,2,2,72,2,3,52,0,0,3,0,1,11,4928389996,1.700703,9.023596,1.221402,6.031829,1.511056,5.236336,3.681464,6.896148,1.942525,5.273259,48.755832,65.173017,45.134595,park,0,49.627,48.048,51.82,49.623
C010_024,10,24,0.5625,706.0,71551.560238,79.918343,0.127203,1255.111111,26,46.222222,1,1.777778,2,3.555556,3,5.333333,3,5.333333,3,5.333333,1,1.777778,1,1.777778,12,21.333333,363.910454,344.270762,569.834803,719.867042,139.397898,0.0,0.0,0.0,0.0,0.027133,0.0,0.0,0.027133,5.706593,10.145054,24,42.666667,8,0.012461,0.024927,3,0.127579,0.769556,Cluster 3 · building-dense / limited recreation POIs,31761,109.241067,822.947377,10.286842,False,919.689047,11.496113,False,1250.315692,15.628946,False,1740.389544,21.754869,False,799.351002,9.991888,False,0,2,36,0,2,162,0,0,96,0,0,4,1,3,32,4896302634,1.750094,5.877879,1.974798,5.821413,2.621807,5.961136,3.565243,6.101931,1.694083,5.89811,42.586833,66.990669,43.91379,market,0,41.47,43.849,29.65,39.348
C010_025,10,25,0.5625,1582.0,217354.980931,133.960679,0.386409,2812.444444,462,821.333333,18,32.0,62,110.222222,42,74.666667,74,131.555556,5,8.888889,5,8.888889,6,10.666667,250,444.444444,112.603254,132.544459,138.842946,30.339979,260.363122,0.049821,0.0,0.0,0.015365,0.005005,0.0,0.0,0.070192,10.584355,18.81663,63,112.0,8,0.012461,0.021704,2,4.690937,0.101937,Cluster 2 · recreation/culture-rich / transport-POI-rich,31737,12.927328,239.377935,2.992224,False,150.97446,1.887181,False,239.377935,2.992224,False,12.927328,0.161592,False,389.261976,4.865775,False,16,40,116,73,166,447,32,91,294,2,11,25,7,20,88,10600643482,0.469245,6.376677,0.320387,5.89032,0.469245,6.376677,0.0,,0.849076,5.730667,80.300674,13.034603,11.493966,market,0,71.633,63.974,20.381,56.139
C010_026,10,26,0.5625,1559.0,260356.218496,151.230519,0.462855,2771.555556,904,1607.111111,30,53.333333,100,177.777778,63,112.0,142,252.444444,14,24.888889,9,16.0,21,37.333333,525,933.333333,135.464866,82.597761,77.979605,139.773978,126.185528,0.007762,0.0,0.0,0.0,0.036971,0.0,0.0,0.044733,14.916653,26.518494,90,160.0,8,0.012461,0.018202,2,5.770272,-0.216493,Cluster 2 · recreation/culture-rich / transport-POI-rich,31892,31.022047,168.932434,2.111655,False,155.246825,1.940585,False,105.661542,1.320769,False,209.049956,2.613124,False,161.165247,2.014566,False,33,58,124,144,216,513,68,115,294,10,14,28,25,35,87,11521131071,0.300531,7.026417,0.217259,8.932138,0.19793,6.672903,0.865523,3.019129,0.2252,8.945661,81.28564,8.981337,7.972858,education,0,82.411,76.353,10.848,62.4
C010_027,10,27,0.5625,2008.0,227781.598186,83.998215,0.404945,3569.777778,137,243.555556,2,3.555556,14,24.888889,8,14.222222,23,40.888889,1,1.777778,2,3.555556,2,3.555556,85,151.111111,442.751017,142.670159,88.772832,468.189348,346.092943,0.053993,0.0,0.0,0.0,0.0,0.0,0.0,0.053993,10.589336,18.825486,67,119.111111,8,0.012461,0.014444,6,2.125951,-0.67835,Cluster 6 · high building coverage / retail-rich,42467,20.457598,592.280845,7.403511,False,308.634688,3.857934,False,118.315718,1.478946,False,843.134836,10.539185,False,648.787879,8.109848,False,1,18,96,13,102,388,10,53,217,0,5,21,3,16,72,11333389802,1.390006,5.326242,0.667173,5.78251,0.261619,5.653059,1.824383,5.776849,1.356015,5.98065,85.484707,26.55521,24.24247,healthcare,0,79.58,67.908,60.412,70.703
C010_028,10,28,0.5625,2263.0,213334.753087,63.238268,0.379262,4023.111111,65,115.555556,1,1.777778,9,16.0,1,1.777778,18,32.0,0,0.0,4,7.111111,0,0.0,32,56.888889,445.221364,277.260645,273.696169,687.149685,405.772486,0.0,0.0,0.0,0.0,0.0,0.0,0.0,0.0,9.464975,16.826623,64,113.777778,8,0.012461,0.010406,3,0.611427,-0.993603,Cluster 3 · building-dense / limited recreation POIs,33095,39.121916,552.43145,6.905393,False,354.844879,4.435561,False,332.337737,4.154222,False,849.97847,10.624731,False,693.641952,8.670524,False,3,7,68,14,50,244,13,29,133,0,1,14,4,10,46,3108615182,0.982017,7.031849,0.597932,7.418174,0.555439,7.479168,1.669698,6.363265,1.352484,6.410816,69.051322,37.062597,30.180367,park,0,76.835,67.313,65.747,70.73
C010_029,10,29,0.5625,2284.0,197820.083821,52.277671,0.35168,4060.444444,119,211.555556,9,16.0,10,17.777778,7,12.444444,15,26.666667,6,10.666667,1,1.777778,2,3.555556,69,122.666667,277.475121,137.788909,109.116187,556.10785,125.080702,0.0,0.0,0.0,0.0,0.004915,0.0,0.0,0.004915,11.632089,20.67927,73,129.777778,8,0.012461,0.005955,6,2.486374,-0.933465,Cluster 6 · high building coverage / retail-rich,32996,25.650362,390.396505,4.879956,False,214.497955,2.681224,False,181.068731,2.263359,False,777.864664,9.723308,False,178.277172,2.228465,False,6,12,36,15,27,121,12,15,63,1,2,3,5,6,22,4952518763,0.808368,6.036799,0.172512,15.542292,0.333639,6.783856,1.66079,5.854629,0.354204,6.291481,67.625713,31.493002,25.375621,park,0,74.463,73.974,36.905,64.902
C010_030,10,30,0.278831,277.0,27896.615025,51.324378,0.100049,993.434691,3,10.75922,1,3.586407,0,0.0,0,0.0,0,0.0,0,0.0,0,0.0,0,0.0,2,7.172814,312.630845,262.732971,581.631577,526.173653,264.128986,0.0,0.0,0.0,0.0,0.0,0.0,0.0,0.0,2.457202,8.812525,6,21.518441,5,0.007788,0.001059,1,-2.167544,-1.964009,Cluster 1 · market-distant / service-light,32965,126.317772,392.309299,4.903866,False,460.696715,5.758709,False,668.77839,8.35973,False,588.608793,7.35761,False,355.440797,4.44301,False,3,10,16,4,13,76,3,9,43,1,1,2,2,5,15,7466081399,0.0,,0.0,,1.179508,7.087471,1.524196,4.827208,0.491666,9.036649,38.854329,41.018663,25.969981,education,0,42.893,39.844,62.154,46.641
C011_000,11,0,0.273677,1496.0,125241.390145,60.162413,0.457624,5466.292556,37,135.195738,4,14.615755,3,10.961817,1,3.653939,6,21.923633,0,0.0,2,7.307878,0,0.0,21,76.732716,285.578966,135.782514,23.566507,1150.900167,524.274854,0.0,0.0,0.0,0.0,0.0,0.0,0.0,0.0,7.029027,25.683636,40,146.157555,4,0.006231,0.000113,3,1.273407,-3.94791,Cluster 3 · building-dense / limited recreation POIs,36177,4.030989,379.580568,4.744757,False,157.807503,1.972594,False,11.413857,0.142673,False,1783.074119,22.288426,False,491.055242,6.138191,False,6,7,78,8,22,123,7,14,257,0,0,9,1,3,24,3429856671,0.776991,6.106576,0.285251,6.915284,0.0,,3.556198,6.267488,0.944756,6.497117,74.98704,38.588647,32.797349,park,0,92.138,83.733,71.952,84.15
C011_001,11,1,0.5625,2287.0,225744.287934,67.863179,0.401323,4065.777778,213,378.666667,9,16.0,20,35.555556,24,42.666667,50,88.888889,5,8.888889,7,12.444444,2,3.555556,96,170.666667,171.614054,35.887993,105.821788,1135.173073,305.601055,0.0,0.0,0.0,0.0,0.013635,0.0,0.0,0.013635,13.060932,23.219434,100,177.777778,7,0.010903,0.002449,6,3.294816,-1.866199,Cluster 6 · high building coverage / retail-rich,2120,39.142526,369.736887,4.621711,False,39.142526,0.489282,False,175.197542,2.189969,False,1723.817442,21.547718,False,528.791661,6.609896,False,7,9,80,16,25,129,12,19,270,0,0,14,3,4,32,11339203452,0.765611,6.036632,0.0,,0.314932,6.95379,3.190449,6.75382,1.134754,5.824958,70.839813,37.587481,31.011133,park,0,80.397,78.507,39.891,69.609
C011_002,11,2,0.5625,1641.0,182514.086388,74.636357,0.324469,2917.333333,153,272.0,4,7.111111,10,17.777778,15,26.666667,34,60.444444,2,3.555556,8,14.222222,1,1.777778,79,140.444444,163.830272,90.582528,163.830272,468.483052,359.917891,0.0,0.0,0.0,0.0,0.005436,0.0,0.0,0.005436,8.720109,15.502415,72,128.0,8,0.012461,0.006293,6,2.419781,-0.855103,Cluster 6 · high building coverage / retail-rich,2068,83.106271,236.188821,2.95236,False,83.106271,1.038828,False,236.188821,2.95236,False,429.729557,5.371619,False,429.729557,5.371619,False,37,71,159,70,98,385,196,227,440,8,11,40,15,27,91,1778189159,0.185779,15.89176,0.0,,0.185779,15.89176,0.943412,5.693819,0.943412,5.693819,60.575428,12.849922,9.810306,market,0,64.238,60.233,33.429,55.134
C011_003,11,3,0.5625,2158.0,263415.421094,86.293357,0.468294,3836.444444,532,945.777778,11,19.555556,21,37.333333,27,48.0,177,314.666667,18,32.0,18,32.0,12,21.333333,248,440.888889,146.854321,51.22084,71.268398,333.302663,38.44239,0.0,0.0,0.0,0.0,0.024254,0.0,3.9e-05,0.024292,9.760523,17.352041,96,170.666667,8,0.012461,0.00956,2,5.257298,-0.690173,Cluster 2 · recreation/culture-rich / transport-POI-rich,2046,62.872151,156.763837,1.959548,False,214.598068,2.682476,False,207.576373,2.594705,False,521.92771,6.524096,False,62.872151,0.785902,False,8,72,176,41,163,499,57,256,517,4,16,57,25,41,156,1778185452,0.255554,7.667836,0.408855,6.56094,0.352323,7.36456,0.977841,6.671939,0.0,,73.328149,12.636081,10.613915,education,0,78.033,67.17,19.759,59.662
C011_004,11,4,0.5625,713.0,179942.529257,103.090866,0.319898,1267.555556,210,373.333333,19,33.777778,45,80.0,7,12.444444,11,19.555556,3,5.333333,14,24.888889,2,3.555556,109,193.777778,111.483588,65.681194,64.799882,35.213002,274.651982,0.028822,0.000357,0.0,0.522434,0.076763,0.0,0.0,0.628376,10.078614,17.917536,73,129.777778,8,0.012461,0.013386,2,4.284536,0.207007,Cluster 2 · recreation/culture-rich / transport-POI-rich,2001,52.761788,164.441318,2.055516,False,122.421702,1.530271,False,179.11678,2.23896,False,168.775878,2.109698,False,610.229601,7.62787,False,28,50,284,68,142,657,15,62,680,5,9,61,4,22,203,1119027946,0.863375,2.380793,0.431164,3.549164,1.246749,1.795838,1.28488,1.641942,1.566368,4.869781,66.666667,12.52916,10.023328,market,0,57.908,54.036,3.958,43.065
C011_005,11,5,0.5625,242.0,109762.292909,196.446347,0.195133,430.222222,275,488.888889,8,14.222222,85,151.111111,6,10.666667,22,39.111111,1,1.777778,19,33.777778,10,17.777778,124,220.444444,33.826722,33.173772,141.394878,289.166325,258.243578,0.380191,4.8e-05,0.0,0.785498,0.234416,0.0,0.014433,1.0,14.17888,25.206898,150,266.666667,8,0.012461,0.017085,2,4.395166,0.752739,Cluster 2 · recreation/culture-rich / transport-POI-rich,1942,25.928674,25.928674,0.324108,False,71.969189,0.899615,False,218.487295,2.731091,False,450.320843,5.629011,False,338.596119,4.232451,False,13,68,317,86,220,818,7,38,765,4,15,64,1,4,168,2340431400,0.280222,1.156614,0.0,,0.670478,4.073351,0.267344,21.055285,0.160744,26.330357,58.605495,11.353033,8.533314,market,0,52.006,58.83,8.725,43.574
C011_006,11,6,0.5625,401.0,146424.874631,148.959174,0.260311,712.888889,587,1043.555556,45,80.0,99,176.0,32,56.888889,117,208.0,5,8.888889,23,40.888889,9,16.0,257,456.888889,86.570641,94.777528,117.111294,191.799119,266.048778,0.051983,0.038687,0.005148,0.421669,0.191352,0.0,0.031293,0.740132,11.49906,20.442774,86,152.888889,8,0.012461,0.020384,2,5.273092,0.998366,Cluster 2 · recreation/culture-rich / transport-POI-rich,39166,37.315453,316.002903,3.950036,False,443.366702,5.542084,False,383.146712,4.789334,False,913.898069,11.423726,False,535.043343,6.688042,False,25,57,368,46,151,825,16,73,537,0,5,43,5,14,128,354469717,0.0,,0.0,,0.0,,1.331188,8.5816,0.985991,6.783066,61.016071,26.059487,19.96408,park,0,54.082,62.076,5.607,44.761
C011_007,11,7,0.5625,970.0,216729.274173,148.396921,0.385296,1724.444444,1487,2643.555556,43,76.444444,86,152.888889,71,126.222222,383,680.888889,21,37.333333,30,53.333333,11,19.555556,842,1496.888889,40.099031,107.368842,119.299295,182.185993,68.084109,0.059352,0.000891,0.001231,0.003129,0.029235,0.0,0.000123,0.093962,12.468339,22.165936,99,176.0,8,0.012461,0.023619,2,6.231257,0.249289,Cluster 2 · recreation/culture-rich / transport-POI-rich,16503,36.159247,107.131029,1.339138,False,97.936038,1.2242,False,131.952158,1.649402,False,455.352844,5.691911,False,131.952158,1.649402,False,33,89,419,69,190,1193,56,170,616,4,12,54,22,38,144,5720972267,0.0,,0.195083,6.275286,0.386302,4.269724,0.985113,5.777929,0.386302,4.269724,75.272162,8.757776,7.458411,park,0,70.0,72.714,13.569,56.842
C011_008,11,8,0.5625,694.0,212103.108,121.232342,0.377072,1233.777778,1300,2311.111111,20,35.555556,76,135.111111,68,120.888889,381,677.333333,14,24.888889,45,80.0,17,30.222222,679,1207.111111,34.650765,71.537672,47.158755,211.95139,101.234345,0.0,0.0,0.003537,0.007515,0.012602,0.0,0.0,0.023654,13.558205,24.103475,89,158.222222,8,0.012461,0.026463,2,6.295423,0.416684,Cluster 2 · recreation/culture-rich / transport-POI-rich,17754,28.31819,28.31819,0.353977,False,28.31819,0.353977,False,141.330247,1.766628,False,306.290257,3.828628,False,183.860567,2.298257,False,28,123,403,96,345,1089,83,194,609,9,12,51,20,47,149,2320383426,0.0,,0.0,,0.0,,0.602143,6.358335,0.359613,6.390912,54.406428,5.307154,3.855321,market,0,70.194,73.6,20.272,58.906
C011_009,11,9,0.5625,981.0,165831.684279,89.436027,0.294812,1744.0,340,604.444444,11,19.555556,69,122.666667,21,37.333333,40,71.111111,11,19.555556,9,16.0,6,10.666667,173,307.555556,335.467449,62.550286,97.398834,188.544203,401.243235,0.000387,0.002606,0.0,0.095457,0.017201,0.0,0.0,0.11565,11.325065,20.133449,48,85.333333,8,0.012461,0.029095,2,4.144247,0.627012,Cluster 2 · recreation/culture-rich / transport-POI-rich,17790,32.027726,1471.708523,18.396357,False,32.027726,0.400347,False,557.52451,6.969056,False,631.777095,7.897214,False,1628.524493,20.356556,False,0,0,100,3,3,341,1,1,211,1,1,24,0,0,51,11356104627,2.016016,9.125103,0.0,,1.946605,3.580109,2.148251,3.676114,1.949014,10.444538,64.696734,50.02916,39.432004,healthcare,0,62.014,60.886,17.683,50.536
C011_010,11,10,0.5625,1370.0,196479.747677,81.595487,0.349297,2435.555556,220,391.111111,4,7.111111,14,24.888889,9,16.0,45,80.0,0,0.0,8,14.222222,4,7.111111,136,241.777778,298.067238,73.55532,107.191938,213.73478,473.62798,0.0,0.0,0.0,0.0,0.061761,0.0,0.0,0.061761,12.967194,23.052789,53,94.222222,8,0.012461,0.031372,6,2.933303,0.404528,Cluster 6 · high building coverage / retail-rich,17819,14.524757,589.413846,7.367673,False,14.524757,0.181559,False,112.081773,1.401022,False,954.169761,11.927122,False,674.407194,8.43009,False,5,19,182,18,101,616,26,69,313,0,7,28,1,10,81,11897873211,1.247051,5.908075,0.0,,0.226543,6.184366,2.179922,5.471353,1.483707,5.681775,59.797823,21.325816,16.181751,healthcare,0,69.603,69.992,10.117,54.868
C011_011,11,11,0.5625,1362.0,186020.070565,96.893871,0.330702,2421.333333,195,346.666667,4,7.111111,18,32.0,23,40.888889,33,58.666667,3,5.333333,10,17.777778,5,8.888889,99,176.0,114.184038,58.448031,158.686026,76.849588,77.494578,0.0,0.0,0.0,0.002654,0.053644,0.0,0.0,0.056297,13.919859,24.746416,81,144.0,8,0.012461,0.033379,6,4.31798,0.725991,Cluster 6 · high building coverage / retail-rich,17874,55.102122,479.675002,5.995938,False,165.332025,2.06665,False,211.242382,2.64053,False,686.334682,8.579184,False,55.102122,0.688777,False,4,14,115,22,56,412,15,53,234,1,3,22,4,8,63,4472174708,0.888468,6.748622,0.0,,0.362035,7.293582,0.0,,0.0,,58.501814,27.089813,20.344745,healthcare,0,69.673,72.947,6.796,55.1
C011_012,11,12,0.5625,678.0,159340.459428,165.603728,0.283272,1205.333333,754,1340.444444,17,30.222222,57,101.333333,34,60.444444,86,152.888889,8,14.222222,13,23.111111,7,12.444444,532,945.777778,48.318574,80.89991,85.102253,326.028699,148.087554,0.344185,0.0,0.061871,0.089538,0.057712,0.0,0.0,0.553305,10.782971,19.169726,59,104.888889,8,0.012461,0.034948,2,5.020701,0.93809,Cluster 2 · recreation/culture-rich / transport-POI-rich,39786,9.338426,101.824089,1.272801,False,101.824089,1.272801,False,101.824089,1.272801,False,413.000436,5.162505,False,206.395734,2.579947,False,20,39,107,60,99,325,34,64,209,3,6,17,13,23,65,4452950531,0.213795,5.953371,0.0,,0.213795,5.953371,1.712711,3.01423,0.456669,5.649486,70.036288,14.01633,11.496442,park,0,56.866,65.257,14.114,49.115
C011_013,11,13,0.5625,591.0,128247.484056,183.961189,0.227996,1050.666667,361,641.777778,9,16.0,20,35.555556,6,10.666667,18,32.0,11,19.555556,10,17.777778,2,3.555556,285,506.666667,162.748399,176.078599,88.007512,543.841682,110.910139,0.293187,0.000327,0.0,0.006183,0.031229,0.0,0.0,0.330925,8.640604,15.361074,62,110.222222,8,0.012461,0.036254,6,3.363238,1.053495,Cluster 6 · high building coverage / retail-rich,18957,61.92659,192.621548,2.407769,False,192.621548,2.407769,False,94.596589,1.182457,False,518.495998,6.4812,False,130.177523,1.627219,False,16,19,101,52,65,353,26,40,197,2,3,18,12,14,62,386832688,0.56391,4.269773,0.345638,6.966162,0.707079,1.672313,1.057439,6.129146,0.345638,4.707873,65.889062,21.93818,17.448189,park,0,50.482,48.88,25.249,43.613
C011_014,11,14,0.5625,479.0,116771.36359,155.599242,0.207594,851.555556,77,136.888889,3,5.333333,12,21.333333,2,3.555556,7,12.444444,2,3.555556,2,3.555556,2,3.555556,47,83.555556,207.944664,142.014677,84.057026,596.330248,244.683741,0.0,0.0,0.0,0.106877,0.079394,0.0,0.0,0.186271,10.236793,18.198743,60,106.666667,8,0.012461,0.037188,6,2.018912,1.252601,Cluster 6 · high building coverage / retail-rich,22562,103.364348,426.714204,5.333928,False,426.714204,5.333928,False,404.588875,5.057361,False,1073.727833,13.421598,False,357.341944,4.466774,False,3,13,115,10,32,388,2,13,201,0,2,23,2,3,66,386850476,0.328709,16.226898,0.328709,16.226898,0.0,,1.549441,8.662219,1.159864,3.851119,42.664593,38.112364,25.001237,park,0,48.709,50.735,20.793,42.439
C011_015,11,15,0.5625,937.0,130340.032829,63.646436,0.231716,1665.777778,176,312.888889,7,12.444444,11,19.555556,10,17.777778,26,46.222222,0,0.0,9,16.0,3,5.333333,110,195.555556,82.513821,343.596051,301.391529,725.435342,817.012729,0.0,0.0,0.0,0.004286,0.32166,0.0,0.046401,0.372348,9.399784,16.710726,51,90.666667,8,0.012461,0.037751,6,2.19365,1.450749,Cluster 6 · high building coverage / retail-rich,20189,28.931911,218.963608,2.737045,False,462.153737,5.776922,False,431.405448,5.392568,False,1239.115411,15.488943,False,1168.077616,14.60097,False,8,13,98,21,45,351,16,24,176,0,0,17,0,1,47,13524501046,0.427059,6.409058,0.734874,7.861101,0.427059,12.627225,3.126613,4.953905,2.860852,5.103714,50.155521,41.368585,28.996611,park,0,52.838,54.813,20.723,45.5
C011_016,11,16,0.5625,1069.0,111483.364609,42.627806,0.198193,1900.444444,102,181.333333,4,7.111111,16,28.444444,5,8.888889,20,35.555556,1,1.777778,5,8.888889,2,3.555556,49,87.111111,361.751059,178.525621,361.751059,455.98522,608.5912,0.0027,0.0,0.0,0.0,0.088149,0.0,0.0,0.090849,9.42343,16.752765,51,90.666667,8,0.012461,0.037923,6,1.790756,1.05507,Cluster 6 · high building coverage / retail-rich,20203,32.532195,547.712286,6.846404,False,261.271366,3.265892,False,547.712286,6.846404,False,1792.409924,22.405124,False,1271.992805,15.89991,False,3,6,34,17,22,145,9,11,65,0,0,3,0,0,20,11303873420,0.978165,6.999232,0.433543,7.533037,0.978165,6.999232,3.396417,6.596694,2.544641,6.248391,61.741835,48.279549,37.197027,park,0,51.19,56.26,16.369,44.259
C011_017,11,17,0.5625,2217.0,137015.536823,28.040723,0.243583,3941.333333,47,83.555556,4,7.111111,8,14.222222,2,3.555556,7,12.444444,1,1.777778,2,3.555556,1,1.777778,22,39.111111,487.53439,170.610497,269.607107,1000.153206,160.017232,0.221391,0.0,0.0,0.016825,0.059316,0.0,0.0,0.297531,9.741551,17.318313,58,103.111111,8,0.012461,0.037788,3,1.443672,0.712163,Cluster 3 · building-dense / limited recreation POIs,20390,19.856335,602.436948,7.530462,False,169.81469,2.122684,False,436.497729,5.456222,False,1273.416584,15.917707,False,169.81469,2.122684,False,2,7,23,8,16,90,1,2,44,0,0,2,1,3,8,9986624131,0.935361,8.050861,0.220658,9.619795,0.854423,6.385852,1.843073,8.636502,0.220658,9.619795,81.622602,47.433904,42.203633,park,0,61.641,67.453,28.709,55.442
C011_018,11,18,0.5625,1212.0,155489.053905,94.596199,0.276425,2154.666667,219,389.333333,10,17.777778,23,40.888889,26,46.222222,33,58.666667,3,5.333333,2,3.555556,1,1.777778,121,215.111111,249.147799,262.968583,153.306279,387.520699,325.747083,0.0,0.0,0.0,0.0,0.060444,0.0,0.068477,0.128921,10.572681,18.795878,36,64.0,8,0.012461,0.037206,6,2.692186,0.91893,Cluster 6 · high building coverage / retail-rich,40414,71.124328,638.111668,7.976396,False,450.863457,5.635793,False,450.863457,5.635793,False,885.926899,11.074086,False,768.36985,9.604623,False,2,6,12,7,17,51,5,10,23,0,1,1,1,1,8,7846232857,1.186969,6.719973,0.880718,6.399091,0.880718,6.399091,1.561031,7.094084,1.417555,6.775487,54.821151,43.905521,32.003916,education,0,59.401,60.583,16.26,49.029
C011_019,11,19,0.5625,1839.0,160243.342571,53.928813,0.284877,3269.333333,142,252.444444,6,10.666667,7,12.444444,36,64.0,24,42.666667,2,3.555556,3,5.333333,1,1.777778,63,112.0,390.331056,110.56559,19.941314,381.289653,483.520064,0.0,0.0,0.0,0.016214,0.041422,0.0,0.246379,0.304016,9.23434,16.416604,76,135.111111,8,0.012461,0.036236,6,2.912301,0.673076,Cluster 6 · high building coverage / retail-rich,21841,57.50102,641.581794,8.019772,False,163.808605,2.047608,False,57.50102,0.718763,False,552.107177,6.90134,False,669.664227,8.370803,False,2,7,11,10,24,61,10,18,28,1,1,3,1,1,9,4959668409,1.221093,6.567699,0.288214,7.104476,0.0,,0.963396,7.163551,2.307685,3.627359,60.627268,31.463841,24.030937,healthcare,0,61.765,62.792,17.97,51.176
C011_020,11,20,0.5625,476.0,78203.274337,76.813717,0.139028,846.222222,38,67.555556,2,3.555556,2,3.555556,1,1.777778,5,8.888889,0,0.0,1,1.777778,0,0.0,27,48.0,391.790117,290.758071,575.146159,708.434755,813.63501,0.002477,0.0,0.0,0.0,0.011441,0.0,0.889728,0.903646,6.295661,11.192287,46,81.777778,8,0.012461,0.034855,3,-0.520611,0.953202,Cluster 3 · building-dense / limited recreation POIs,40344,22.611849,1010.971913,12.637149,False,931.006822,11.637585,False,736.499625,9.206245,False,1037.42032,12.967754,False,1269.920495,15.874006,False,0,1,7,0,2,38,1,1,23,0,1,4,0,0,4,8857301686,1.184844,10.665667,1.000037,11.63716,1.06835,8.617255,2.704253,4.795317,2.744414,5.784115,51.892172,58.067652,41.3066,education,0,41.641,41.695,35.498,40.124
C011_021,11,21,0.5625,163.0,40916.897393,88.534543,0.072741,289.777778,5,8.888889,0,0.0,0,0.0,0,0.0,0,0.0,0,0.0,0,0.0,0,0.0,5,8.888889,1088.744571,635.190636,507.414119,499.599543,931.601938,0.0,0.0,0.0,0.0,0.025558,0.0,1.0,1.0,4.034543,7.172521,16,28.444444,8,0.012461,0.033096,5,-2.612496,1.459099,Cluster 5 · limited retail / low building coverage,21617,119.144563,1670.489028,20.881113,False,1264.528375,15.806605,False,535.286434,6.69108,False,836.207129,10.452589,False,463.574359,5.794679,False,0,0,2,0,0,16,1,2,14,0,1,4,1,1,2,4901059550,2.362607,8.838166,2.1778,7.258061,0.109413,61.15423,3.882017,2.692567,3.922177,1.477414,29.989632,63.462286,36.804178,education,0,29.565,29.806,24.946,28.495
C011_022,11,22,0.5625,876.0,79378.094766,61.258676,0.141117,1557.333333,8,14.222222,0,0.0,3,5.333333,0,0.0,0,0.0,0,0.0,0,0.0,0,0.0,5,8.888889,710.445059,140.606848,1002.714031,1004.060781,903.107213,0.0,0.0,0.0,0.0,0.001954,0.0,0.193978,0.195931,2.766457,4.918147,0,0.0,8,0.012461,0.030883,5,-2.448211,1.245026,Cluster 5 · limited retail / low building coverage,42390,56.066497,2013.427315,25.167841,False,56.066497,0.700831,False,1713.457536,21.418219,False,2429.190274,30.364878,False,1989.830939,24.872887,False,0,0,2,1,2,7,0,0,3,0,0,0,0,0,5,4828335696,1.376239,18.287407,0.0,,3.416537,6.268985,4.315602,7.03607,3.62241,6.866393,45.152929,68.69168,46.086455,market,0,41.042,37.562,47.768,41.506
C011_023,11,23,0.5625,138.0,11950.268475,56.068465,0.021245,245.333333,3,5.333333,0,0.0,0,0.0,0,0.0,0,0.0,0,0.0,0,0.0,0,0.0,3,5.333333,494.339592,426.320748,924.91874,1206.677716,835.281133,0.0,0.0,0.0,0.0,0.0,0.0,0.0,0.0,1.871079,3.326363,3,5.333333,8,0.012461,0.028346,5,-3.232921,1.551619,Cluster 5 · limited retail / low building coverage,31616,74.47753,638.635695,7.982946,False,878.095281,10.976191,False,1844.281575,23.05352,False,2083.229733,26.040372,False,1599.020064,19.987751,False,1,1,5,0,1,19,0,0,6,0,0,2,0,0,43,7130059727,0.0,,0.479301,22.900416,2.040298,11.299093,2.939363,8.859189,2.246171,8.89859,23.768792,69.828927,37.890066,market,0,23.227,21.82,72.496,35.052
C011_024,11,24,0.5625,561.0,114952.623669,136.105698,0.20436,997.333333,111,197.333333,3,5.333333,12,21.333333,9,16.0,21,37.333333,4,7.111111,0,0.0,0,0.0,62,110.222222,258.057487,179.106757,178.088846,563.360688,347.200999,0.0,0.0,0.0,0.0,0.0,0.0,0.0,0.0,4.581359,8.144637,19,33.777778,8,0.012461,0.025393,3,0.99474,0.660338,Cluster 3 · building-dense / limited recreation POIs,31634,129.220822,258.196484,3.227456,False,258.196484,3.227456,False,415.751155,5.196889,False,781.252903,9.765661,False,513.699126,6.421239,False,6,17,109,18,84,447,15,53,275,1,1,29,5,12,80,11292944919,0.72332,4.462,0.012995,248.364521,0.493805,10.524169,1.437242,6.794724,0.790574,8.122251,43.623639,30.093313,19.914004,park,0,48.826,39.184,63.351,49.083
C011_025,11,25,0.5625,1229.0,218211.357056,164.033407,0.387931,2184.888889,729,1296.0,27,48.0,55,97.777778,107,190.222222,125,222.222222,5,8.888889,7,12.444444,8,14.222222,395,702.222222,187.937223,30.226455,52.429858,218.165021,204.923184,0.001124,0.0,0.0,0.0,0.002215,0.0,0.0,0.003339,15.312615,27.222427,119,211.555556,8,0.012461,0.022124,2,5.22826,-0.137015,Cluster 2 · recreation/culture-rich / transport-POI-rich,32010,14.277661,248.71134,3.108892,False,14.277661,0.178471,False,66.870684,0.835884,False,276.276702,3.453459,False,582.518628,7.281483,False,25,57,146,91,228,607,65,138,378,3,13,34,11,38,107,1683090849,0.542916,5.726286,0.0,,0.121546,6.877091,0.59942,5.761339,1.316738,5.52994,73.043027,6.852644,5.744285,healthcare,0,78.142,74.417,29.036,64.562
C011_026,11,26,0.5625,1200.0,229192.501499,171.797986,0.407453,2133.333333,1031,1832.888889,49,87.111111,85,151.111111,131,232.888889,180,320.0,15,26.666667,7,12.444444,16,28.444444,548,974.222222,67.826774,41.334837,59.527373,118.978681,110.481375,0.020958,0.0,0.0,0.0,0.021717,0.0,0.0,0.042675,13.821559,24.57166,88,156.444444,8,0.012461,0.018567,2,6.15796,-0.062722,Cluster 2 · recreation/culture-rich / transport-POI-rich,32135,72.835373,142.634098,1.782926,False,72.835373,0.910442,False,72.835373,0.910442,False,177.425555,2.217819,False,132.039204,1.65049,False,44,76,153,119,287,599,70,153,386,6,22,31,22,44,111,391665015,0.162217,10.990997,0.0,,0.0,,0.241714,9.175402,0.137594,11.995389,76.879212,5.268274,4.537434,healthcare,0,76.314,71.267,13.834,58.928
C011_027,11,27,0.5625,1086.0,184813.818567,163.254989,0.328558,1930.666667,591,1050.666667,36,64.0,59,104.888889,53,94.222222,87,154.666667,9,16.0,5,8.888889,7,12.444444,335,595.555556,131.22063,103.324299,106.402156,378.992499,210.030724,0.008119,0.0,0.0,0.05369,0.004959,0.0,0.0,0.066769,10.954797,19.475195,49,87.111111,8,0.012461,0.014747,2,4.368895,-0.179087,Cluster 2 · recreation/culture-rich / transport-POI-rich,32212,65.699578,284.522468,3.556531,False,253.915295,3.173941,False,301.310617,3.766383,False,623.601708,7.795021,False,420.791501,5.259894,False,24,41,134,69,145,509,35,87,287,1,4,30,11,28,87,4737703079,0.412485,8.622199,0.319976,9.919302,0.400881,9.395267,1.114307,6.995398,0.601332,8.747076,69.103162,21.646579,17.633714,park,0,64.689,60.498,31.361,54.89
C011_028,11,28,0.5625,768.0,131922.528559,112.513447,0.234529,1365.333333,198,352.0,7,12.444444,15,26.666667,13,23.111111,28,49.777778,4,7.111111,3,5.333333,2,3.555556,126,224.0,144.112747,144.112747,144.112747,159.376322,144.112747,0.0,0.0,0.0,0.264124,0.019769,0.0,0.0,0.283893,7.937751,14.111556,29,51.555556,8,0.012461,0.010629,6,2.944989,0.10945,Cluster 6 · high building coverage / retail-rich,32216,61.255974,223.302795,2.791285,False,223.302795,2.791285,False,223.302795,2.791285,False,527.322229,6.591528,False,223.302795,2.791285,False,3,5,75,12,23,260,4,14,159,1,1,17,4,7,49,6760431979,0.147528,18.920406,0.147528,18.920406,0.147528,18.920406,0.342235,19.260252,0.147528,18.920406,48.49663,32.630249,22.546842,park,0,52.138,50.039,15.537,42.253
C011_029,11,29,0.5625,569.0,191359.447763,63.267327,0.340195,1011.555556,37,65.777778,1,1.777778,3,5.333333,0,0.0,8,14.222222,0,0.0,1,1.777778,0,0.0,24,42.666667,426.286925,362.866807,382.898522,615.397104,526.33472,0.0,0.0,0.130391,0.167388,0.057034,0.0,0.0,0.354812,6.344375,11.278889,26,46.222222,8,0.012461,0.006079,3,-0.524265,-0.640835,Cluster 3 · building-dense / limited recreation POIs,33171,47.878624,927.033871,11.587923,False,447.089008,5.588613,False,910.424229,11.380303,False,887.262223,11.090778,False,997.430803,12.467885,False,0,5,49,3,22,126,0,11,65,0,1,4,0,7,25,4986209235,,,1.261164,4.431314,1.261164,9.023653,,,,,50.622084,47.190902,33.209772,market,0,53.872,53.927,23.033,46.182
C011_030,11,30,0.268498,1092.0,57907.518297,27.88738,0.215672,4067.070581,3,11.173271,0,0.0,1,3.724424,0,0.0,0,0.0,0,0.0,0,0.0,0,0.0,2,7.448847,715.035125,224.997631,797.06977,1163.656616,755.579536,0.0,0.0,0.074927,0.0,0.0,0.0,0.0,0.074927,1.559456,5.808075,5,18.622118,5,0.007788,0.001094,1,-2.585775,-2.542874,Cluster 1 · market-distant / service-light,42587,368.256614,1496.037031,18.700463,False,746.347744,9.329347,False,1479.42739,18.492842,False,1456.265384,18.203317,False,1356.070694,16.950884,False,0,0,21,1,3,64,0,0,38,0,0,2,0,0,12,12862217662,,,2.071509,4.503648,2.071509,8.927233,,,,,61.249352,71.267496,54.697526,market,0,58.079,63.227,72.17,63.404
C012_000,12,0,0.469876,2327.0,206308.666353,64.804599,0.439071,4952.37116,47,100.026405,0,0.0,5,10.641107,3,6.384664,11,23.410435,0,0.0,1,2.128221,0,0.0,27,57.461977,523.867196,203.430945,240.09127,627.707304,711.261637,0.0,0.0,0.0,0.0,0.0,0.0,0.0,0.0,10.494794,22.335245,95,202.181031,5,0.007788,0.000274,3,0.147535,-3.335993,Cluster 3 · building-dense / limited recreation POIs,3657,54.041595,970.58921,12.132365,False,269.901914,3.373774,False,403.603479,5.045043,False,941.644427,11.770555,False,992.659244,12.408241,False,0,5,19,6,16,39,6,20,47,0,2,2,0,1,6,11425010057,2.378431,5.100995,0.482982,6.985303,0.920902,5.478374,1.909787,6.163281,2.378431,5.216985,73.794712,41.047823,34.593803,healthcare,0,87.457,77.582,64.495,78.26
C012_001,12,1,0.5625,2129.0,260264.524553,79.644693,0.462692,3784.888889,102,181.333333,1,1.777778,6,10.666667,3,5.333333,34,60.444444,1,1.777778,4,7.111111,3,5.333333,50,88.888889,314.831807,105.850256,155.281404,570.161548,448.297352,0.0,0.0,0.0,0.0,0.0,0.0,0.0,0.0,12.20478,21.697386,88,156.444444,8,0.012461,0.003996,6,1.927055,-1.323389,Cluster 6 · high building coverage / retail-rich,3631,18.437451,429.983905,5.374799,False,86.247153,1.078089,False,158.512461,1.981406,False,684.670419,8.55838,False,622.046069,7.775576,False,1,6,77,14,21,122,25,31,255,1,2,9,2,3,23,11425897406,0.84205,6.382993,0.145841,7.392205,0.280375,7.066981,1.396775,6.127245,1.231362,6.314614,72.913427,29.68507,24.860669,healthcare,0,87.395,74.635,63.406,76.932
C012_002,12,2,0.5625,1344.0,209592.73028,100.657992,0.372609,2389.333333,2001,3557.333333,84,149.333333,88,156.444444,52,92.444444,561,997.333333,16,28.444444,19,33.777778,10,17.777778,1171,2081.777778,59.060917,21.842787,59.060917,376.756932,190.748208,0.0,0.0,0.0,0.099427,0.031777,0.0,0.0,0.131203,12.922285,22.972951,119,211.555556,8,0.012461,0.007302,2,6.164281,-0.677118,Cluster 2 · recreation/culture-rich / transport-POI-rich,36346,35.193851,35.193851,0.439923,False,249.097852,3.113723,False,63.245338,0.790567,False,480.913824,6.011423,False,339.232473,4.240406,False,66,81,175,89,129,455,214,283,544,8,16,46,25,44,182,393358016,0.186927,2.353447,0.0,,0.244004,3.239969,1.007346,5.967587,0.467383,9.072651,60.88647,9.681182,7.409191,education,0,71.656,69.549,19.93,57.987
C012_003,12,3,0.5625,4631.0,382331.3953,55.481917,0.6797,8232.888889,573,1018.666667,14,24.888889,40,71.111111,44,78.222222,101,179.555556,11,19.555556,21,37.333333,7,12.444444,335,595.555556,73.491744,20.733781,33.004546,151.547868,64.49133,0.0,0.0,0.0,0.020888,0.038616,0.0,0.005615,0.065119,18.275326,32.489468,292,519.111111,8,0.012461,0.011142,2,6.511888,-1.258464,Cluster 2 · recreation/culture-rich / transport-POI-rich,2700,20.382287,103.249811,1.290623,False,20.382287,0.254779,False,41.409158,0.517614,False,194.341901,2.429274,False,92.155566,1.151945,False,58,104,242,111,159,573,231,331,632,15,20,56,32,80,203,2528366591,0.172999,7.460303,0.0,,0.035696,14.500797,0.295337,8.225436,0.121867,9.452474,77.319855,3.304821,2.855098,healthcare,0,90.941,87.737,10.513,69.713
C012_004,12,4,0.5625,1934.0,213328.628963,56.383243,0.379251,3438.222222,299,531.555556,29,51.555556,38,67.555556,20,35.555556,65,115.555556,2,3.555556,17,30.222222,3,5.333333,125,222.222222,84.341029,127.563933,124.536963,419.30323,150.704187,0.001151,0.0,0.0,0.423199,0.121501,0.0,6e-05,0.545912,17.225248,30.622664,232,412.444444,8,0.012461,0.014605,2,4.662893,-0.324552,Cluster 2 · recreation/culture-rich / transport-POI-rich,3052,57.904621,95.193672,1.189921,False,268.452991,3.355662,False,300.839763,3.760497,False,585.953984,7.324425,False,178.991423,2.237393,False,40,67,328,38,118,811,40,114,836,4,15,71,4,30,271,401832218,0.047161,25.231265,0.044799,74.904899,0.305996,12.289363,0.727316,10.070482,0.893428,2.504279,77.760498,15.940902,13.813796,education,0,78.033,82.006,14.082,63.436
C012_005,12,5,0.5625,183.0,90489.116565,139.087818,0.16087,325.333333,188,334.222222,6,10.666667,30,53.333333,5,8.888889,23,40.888889,2,3.555556,38,67.555556,8,14.222222,76,135.111111,303.741965,21.313794,222.452201,375.318493,329.981337,0.0,0.0,0.0,0.13839,0.404483,0.0,0.00024,0.543113,13.09238,23.275342,124,220.444444,8,0.012461,0.018192,2,3.45844,1.128449,Cluster 2 · recreation/culture-rich / transport-POI-rich,2608,34.003338,541.124626,6.764058,False,34.003338,0.425042,False,215.835097,2.697939,False,695.180845,8.689761,False,564.193936,7.052424,False,18,75,320,25,96,829,7,49,750,2,9,67,1,9,297,3014828312,0.405455,16.682615,0.259045,1.640802,0.088449,30.502886,0.405455,21.432095,0.468907,15.04012,35.381026,19.216563,11.766036,market,0,47.83,54.137,11.431,40.938
C012_006,12,6,0.5625,107.0,35488.032817,92.720046,0.06309,190.222222,132,234.666667,15,26.666667,12,21.333333,2,3.555556,13,23.111111,0,0.0,18,32.0,7,12.444444,65,115.555556,255.094403,272.773175,289.741793,45.388159,460.660975,0.004473,0.005522,0.0,0.0,1.0,0.0,0.008153,1.0,12.792068,22.741454,80,142.222222,8,0.012461,0.021592,6,2.294434,1.633023,Cluster 6 · high building coverage / retail-rich,16707,18.110863,572.375815,7.154698,False,905.529908,11.319124,False,744.878568,9.310982,False,18.110863,0.226386,False,572.375815,7.154698,False,2,43,336,0,46,833,2,20,729,3,5,58,1,4,177,9952309380,0.37622,19.017328,0.382306,29.607462,0.37622,24.748774,0.0,,0.889664,8.042025,40.020736,32.435848,20.762978,education,0,37.869,49.961,0.381,32.729
C012_007,12,7,0.5625,594.0,150698.061327,146.181376,0.267908,1056.0,415,737.777778,17,30.222222,27,48.0,15,26.666667,35,62.222222,6,10.666667,37,65.777778,3,5.333333,275,488.888889,104.967974,156.079109,192.22821,132.647694,34.094221,0.075423,0.0,0.01425,0.033336,0.03009,0.0,0.0,0.1531,9.069043,16.122743,75,133.333333,8,0.012461,0.024643,2,4.333004,0.58029,Cluster 2 · recreation/culture-rich / transport-POI-rich,16648,47.476838,125.279209,1.56599,False,125.279209,1.56599,False,401.588392,5.019855,False,125.279209,1.56599,False,125.279209,1.56599,False,8,66,366,26,122,840,9,62,518,4,7,39,3,19,148,2433739038,0.0,,0.0,,0.498619,10.067508,0.0,,0.0,,65.137377,15.007776,11.868513,market,0,53.834,59.257,11.944,45.26
C012_008,12,8,0.5625,898.0,169185.619194,135.302354,0.300774,1596.444444,504,896.0,17,30.222222,33,58.666667,43,76.444444,47,83.555556,5,8.888889,18,32.0,6,10.666667,335,595.555556,83.448779,148.636686,123.814538,157.783744,211.682031,0.006831,0.003273,0.0,0.00331,0.004822,0.0,0.0,0.018236,18.2414,32.429156,114,202.666667,8,0.012461,0.027463,2,4.586822,0.341907,Cluster 2 · recreation/culture-rich / transport-POI-rich,17687,43.652082,97.563063,1.219538,False,199.882671,2.498533,False,102.256222,1.278203,False,306.261807,3.828273,False,218.750261,2.734378,False,23,54,349,47,142,922,28,77,495,3,13,38,9,27,122,9354841428,0.091553,13.320618,0.421253,5.931201,0.421253,3.034291,1.120809,3.415634,0.788495,3.467843,66.096423,11.362753,9.051325,education,0,70.233,73.243,23.507,59.605
C012_009,12,9,0.5625,596.0,174038.553712,117.122015,0.309402,1059.555556,161,286.222222,3,5.333333,17,30.222222,9,16.0,12,21.333333,4,7.111111,14,24.888889,0,0.0,102,181.333333,285.611278,124.946907,382.978096,510.955873,211.429182,0.0,0.002682,0.0,0.109117,0.0,0.0,0.0,0.111799,11.088492,19.712874,66,117.333333,8,0.012461,0.029974,6,2.331678,0.488248,Cluster 6 · high building coverage / retail-rich,17594,2.619304,379.368889,4.742111,False,53.596123,0.669952,False,374.151202,4.67689,False,440.996357,5.512454,False,226.907484,2.836344,False,4,13,232,20,65,693,2,21,411,1,4,35,4,7,103,642586849,0.674762,7.027829,0.24932,2.687118,0.648347,7.213557,0.74825,7.367126,0.382807,7.409336,49.377916,24.688958,17.190119,market,0,64.409,55.241,61.61,60.5
C012_010,12,10,0.5625,667.0,231635.782008,163.107527,0.411797,1185.777778,212,376.888889,9,16.0,20,35.555556,9,16.0,15,26.666667,4,7.111111,10,17.777778,3,5.333333,142,252.444444,70.309887,63.7665,71.012754,268.119237,257.277439,0.028975,0.0,0.0,0.0,0.001051,0.0,0.0,0.030026,7.865914,13.983848,45,80.0,8,0.012461,0.032203,6,3.71584,0.643883,Cluster 6 · high building coverage / retail-rich,18029,53.729497,203.826458,2.547831,False,172.021436,2.150268,False,255.542375,3.19428,False,399.580311,4.994754,False,788.305489,9.853819,False,6,11,121,26,51,397,6,15,256,1,4,24,1,6,60,6333909836,0.0,,0.0,,0.255429,12.505573,0.960508,5.200114,0.486251,20.264879,71.90254,25.359642,21.084393,market,0,66.081,48.359,33.18,51.653
C012_011,12,11,0.5625,1545.0,243212.516548,94.989599,0.432378,2746.666667,370,657.777778,13,23.111111,18,32.0,24,42.666667,44,78.222222,11,19.555556,17,30.222222,7,12.444444,236,419.555556,250.493109,119.860937,209.521983,76.091596,48.49201,0.010104,0.0,0.0,0.0,0.0,0.0,0.0,0.010104,11.415078,20.293472,70,124.444444,8,0.012461,0.034024,2,4.813201,0.604335,Cluster 2 · recreation/culture-rich / transport-POI-rich,17948,26.19756,301.410557,3.767632,False,139.240506,1.740506,False,244.347694,3.054346,False,291.076426,3.638455,False,154.361838,1.929523,False,13,44,125,32,83,368,29,71,277,2,5,33,12,20,81,1551032458,0.1972,19.105667,0.261279,6.661494,0.405504,7.532228,0.277647,13.104609,0.0,,79.860031,18.225117,16.022797,market,0,80.575,66.419,47.729,67.409
C012_012,12,12,0.5625,1157.0,199849.2125,83.413656,0.355287,2056.888889,478,849.777778,26,46.222222,27,48.0,25,44.444444,46,81.777778,6,10.666667,28,49.777778,8,14.222222,312,554.666667,101.034168,148.276506,155.338551,282.410692,325.518929,0.089672,0.0,0.026106,0.027727,0.019507,0.0,0.03884,0.201852,15.527463,27.604378,88,156.444444,8,0.012461,0.035593,2,4.585479,0.597446,Cluster 2 · recreation/culture-rich / transport-POI-rich,39773,98.544914,180.76476,2.259559,False,190.050901,2.375636,False,98.544914,1.231811,False,470.324415,5.879055,False,678.202057,8.477526,False,19,45,130,20,61,399,15,53,274,3,6,24,3,14,90,6556681031,0.190936,11.834116,0.190936,12.442051,0.0,,1.376118,4.272202,1.174641,7.21712,76.101607,17.768274,15.220475,education,0,73.18,83.507,19.829,63.457
C012_013,12,13,0.5625,855.0,139585.84038,144.936949,0.248153,1520.0,586,1041.777778,12,21.333333,39,69.333333,6,10.666667,66,117.333333,11,19.555556,20,35.555556,7,12.444444,425,755.555556,161.960442,21.993162,57.737198,350.871694,46.320317,0.144873,0.0,0.0,0.017062,0.077703,0.0,0.0,0.239638,12.810979,22.775074,62,110.222222,8,0.012461,0.036814,2,5.008914,1.08902,Cluster 2 · recreation/culture-rich / transport-POI-rich,18813,45.665369,257.040175,3.213002,False,119.764214,1.497053,False,144.186548,1.802332,False,539.164422,6.739555,False,96.726808,1.209085,False,9,32,177,34,136,534,21,78,333,1,5,33,12,22,119,4927946877,0.489959,6.557695,0.171885,8.709626,0.227713,7.914916,1.14555,5.883247,0.0,,68.68844,17.19479,13.964416,park,0,59.432,63.942,13.709,49.58
C012_014,12,14,0.5625,626.0,185157.47916,258.307959,0.329169,1112.888889,1149,2042.666667,28,49.777778,104,184.888889,111,197.333333,115,204.444444,16,28.444444,18,32.0,18,32.0,739,1313.777778,90.120422,43.644366,92.021274,215.110052,124.179335,0.0,0.0,0.0,0.011854,0.084094,0.0,0.0,0.095948,15.797807,28.08499,102,181.333333,8,0.012461,0.037653,2,6.07574,1.116957,Cluster 2 · recreation/culture-rich / transport-POI-rich,22588,66.186309,140.193993,1.752425,False,148.215754,1.852697,False,148.215754,1.852697,False,539.520681,6.744009,False,277.771518,3.472144,False,26,51,179,159,225,523,66,108,326,5,11,38,22,38,108,98767926,0.093222,18.798312,0.220667,8.395882,0.220667,8.395882,0.730184,9.236046,0.26652,13.027723,50.829445,12.52916,8.832766,park,0,66.291,68.134,8.507,52.49
C012_015,12,15,0.5625,235.0,79757.013455,292.88611,0.14179,417.777778,324,576.0,5,8.888889,22,39.111111,13,23.111111,33,58.666667,4,7.111111,8,14.222222,10,17.777778,229,407.111111,142.325067,142.325067,142.325067,665.74205,340.521223,0.0,0.0,0.0,0.03954,0.532859,0.0,0.184413,0.756812,12.831752,22.812004,55,97.777778,8,0.012461,0.038131,2,3.287535,2.140317,Cluster 2 · recreation/culture-rich / transport-POI-rich,22481,119.838051,329.10903,4.113863,False,329.10903,4.113863,False,329.10903,4.113863,False,2111.262222,26.390778,False,1649.305631,20.61632,False,1,4,50,2,4,194,2,5,90,0,0,8,0,0,26,12686520152,0.0,,0.0,,0.0,,0.979095,26.954245,0.53743,38.360948,35.510627,50.466563,30.939221,park,0,46.563,54.203,18.919,42.326
C012_016,12,16,0.5625,191.0,77833.885894,166.052487,0.138371,339.555556,32,56.888889,1,1.777778,0,0.0,2,3.555556,2,3.555556,0,0.0,2,3.555556,1,1.777778,24,42.666667,389.164345,512.401161,512.401161,983.269021,492.603888,0.0,0.0,0.0,0.0,0.184362,0.0,0.095921,0.280283,11.163494,19.846211,58,103.111111,8,0.012461,0.038316,3,-0.433338,1.575438,Cluster 3 · building-dense / limited recreation POIs,40545,78.410155,468.019193,5.85024,False,590.904798,7.38631,False,600.860636,7.510758,False,1845.558274,23.069478,False,1484.618614,18.557733,False,3,6,63,15,19,236,9,11,108,0,0,11,0,0,36,6514107798,1.470261,3.979049,1.860298,3.970499,2.06243,3.641702,3.047925,7.568912,2.436833,7.615514,34.34422,51.389969,31.145678,park,0,42.916,48.305,24.697,40.247
C012_017,12,17,0.5625,346.0,105750.219412,116.62918,0.188,615.111111,22,39.111111,2,3.555556,1,1.777778,1,1.777778,0,0.0,1,1.777778,0,0.0,2,3.555556,15,26.666667,272.535073,305.19592,654.961642,1109.114493,591.731512,0.0,0.0,0.0,0.119913,0.018284,0.0,0.0,0.138198,11.835247,21.040439,65,115.555556,8,0.012461,0.038062,3,-0.212493,1.190948,Cluster 3 · building-dense / limited recreation POIs,22306,34.88955,466.488467,5.831106,False,411.489887,5.143624,False,1094.648538,13.683107,False,1465.73893,18.321737,False,734.487449,9.181093,False,2,5,39,4,29,113,0,7,69,0,0,5,1,3,18,2869303557,0.334179,17.44904,0.939901,5.472516,1.661951,8.233159,1.911844,9.583282,1.300751,7.058302,39.372732,50.777605,32.30656,park,0,50.684,53.748,37.644,48.496
C012_018,12,18,0.5625,449.0,104888.58788,121.543456,0.186469,798.222222,61,108.444444,4,7.111111,10,17.777778,0,0.0,3,5.333333,0,0.0,5,8.888889,0,0.0,39,69.333333,497.008992,99.332003,249.948475,765.446356,635.454479,0.0,0.0,0.0,0.0,0.082026,0.0,0.793461,0.875487,11.852424,21.070977,58,103.111111,8,0.012461,0.037438,3,0.540474,0.965693,Cluster 3 · building-dense / limited recreation POIs,21922,29.580458,575.999312,7.199991,False,149.992817,1.87491,False,388.008151,4.850102,False,1048.420665,13.105258,False,899.9657,11.249571,False,2,5,20,11,18,77,3,9,38,0,1,1,0,3,9,4849107633,0.828678,8.688524,0.250706,7.478534,0.605557,8.009327,1.758118,7.454142,1.614641,6.967227,41.083463,40.163297,25.965603,park,0,50.156,55.778,24.067,45.601
C012_019,12,19,0.5625,280.0,62071.834672,93.267631,0.11035,497.777778,6,10.666667,0,0.0,3,5.333333,0,0.0,0,0.0,0,0.0,0,0.0,0,0.0,3,5.333333,755.223778,382.279532,449.244726,762.310718,757.229697,0.0,0.0,0.0,0.01614,0.094421,0.0,0.998449,1.0,6.116423,10.87364,45,80.0,8,0.012461,0.036442,5,-1.723544,1.375425,Cluster 5 · limited retail / low building coverage,40439,153.518991,1240.911385,15.511392,False,567.45119,7.09314,False,883.06174,11.038272,False,1637.350131,20.466877,False,1754.90718,21.93634,False,0,0,11,4,7,42,0,1,21,0,0,2,0,0,5,4954054557,2.138812,7.252339,1.733017,4.092944,1.678369,6.576786,2.364197,8.657009,2.522068,8.697758,35.018144,64.550933,39.383097,park,0,35.793,37.644,23.142,33.278
C012_020,12,20,0.5625,143.0,36241.155437,87.500285,0.064429,254.222222,12,21.333333,0,0.0,3,5.333333,0,0.0,2,3.555556,0,0.0,1,1.777778,0,0.0,6,10.666667,1034.239842,74.865643,74.867082,1304.349316,867.4447,0.0,0.0,0.0,0.00483,0.016762,0.0,0.968788,0.99038,1.004736,1.786198,2,3.555556,8,0.012461,0.035093,5,-1.754397,1.882699,Cluster 5 · limited retail / low building coverage,40454,231.216262,2100.443835,26.255548,False,615.505462,7.693818,False,931.116012,11.63895,False,2496.882581,31.211032,False,2585.016254,32.312703,False,0,0,1,1,6,16,0,1,8,0,0,0,0,0,0,4954050467,3.575899,7.342362,0.889514,8.649464,1.622515,7.173403,4.459266,6.99914,1.622515,19.915201,28.615863,69.498445,39.731926,healthcare,0,23.53,19.996,40.731,26.593
C012_021,12,21,0.5625,25.0,9116.795562,200.195711,0.016208,44.444444,2,3.555556,0,0.0,0,0.0,0,0.0,0,0.0,1,1.777778,0,0.0,0,0.0,1,1.777778,1332.453025,675.823685,675.838422,1222.405359,202.353792,0.0,0.0,0.0,0.0,0.001807,0.0,0.444233,0.44604,0.0,0.0,0,0.0,8,0.012461,0.03328,4,-3.75875,2.729226,Cluster 4 · road-sparse / intersection-sparse,40337,406.770896,2302.545157,28.781814,False,1896.584504,23.707306,False,1167.342563,14.591782,False,1468.263258,18.353291,False,406.770896,5.084636,False,0,0,1,0,0,5,0,1,3,0,0,2,1,1,2,4869126740,2.198734,13.090178,2.013926,11.771685,1.321673,11.040391,3.718143,4.936144,3.758304,1.352907,18.040435,75.816485,38.533169,education,0,12.267,11.159,50.365,21.404
C012_022,12,22,0.5625,14.0,582.100701,18.069647,0.001035,24.888889,14,24.888889,0,0.0,1,1.777778,1,1.777778,0,0.0,4,7.111111,0,0.0,1,1.777778,7,12.444444,624.556254,512.691599,512.691599,720.42324,154.635176,0.0,0.0,0.0,0.0,0.0,0.0,0.006735,0.006735,0.011781,0.020945,0,0.0,8,0.012461,0.031118,4,-2.504753,2.914041,Cluster 4 · road-sparse / intersection-sparse,31617,603.476401,4787.366155,59.842077,False,4431.100094,55.388751,False,4828.44876,60.355609,False,5067.396917,63.342461,False,4583.187249,57.289841,False,0,0,0,0,0,0,0,0,0,0,0,0,0,0,0,4901057540,3.203389,18.680864,2.190466,25.286291,2.804559,21.520533,2.286391,27.704121,0.0,,13.841369,89.793935,43.3748,education,0,10.778,11.404,66.454,24.916
C012_023,12,23,0.5625,134.0,86541.839973,113.486878,0.153852,238.222222,39,69.333333,2,3.555556,5,8.888889,2,3.555556,7,12.444444,1,1.777778,2,3.555556,0,0.0,20,35.555556,360.152696,349.24239,522.389491,603.102907,432.412792,0.0,3.8e-05,0.0,0.0,0.0,0.0,0.0,3.8e-05,2.551202,4.53547,10,17.777778,8,0.012461,0.02851,3,-0.435669,1.276716,Cluster 3 · building-dense / limited recreation POIs,34811,59.096841,415.377095,5.192214,False,264.170428,3.30213,False,1010.625448,12.632818,False,1249.573605,15.61967,False,765.363937,9.567049,False,1,3,25,2,12,107,0,4,92,0,0,5,1,26,71,484674479,0.609166,8.52348,0.0,,0.478585,26.396165,0.478585,32.637166,0.267478,35.767596,33.411094,50.466563,30.303484,park,0,37.449,23.865,64.168,39.374
C012_024,12,24,0.5625,701.0,207728.386148,210.49091,0.369295,1246.222222,538,956.444444,13,23.111111,47,83.555556,56,99.555556,89,158.222222,6,10.666667,8,14.222222,3,5.333333,316,561.777778,95.683016,60.143638,97.501811,439.28629,57.038173,0.0,0.0,0.0,0.0,0.0,0.0,0.0,0.0,14.030733,24.943526,85,151.111111,8,0.012461,0.025558,2,4.661124,0.194213,Cluster 2 · recreation/culture-rich / transport-POI-rich,34698,70.649967,239.956705,2.999459,False,125.644707,1.570559,False,304.834179,3.810427,False,611.135338,7.639192,False,125.038062,1.562976,False,8,27,112,41,104,470,33,100,308,1,5,27,13,23,127,1506171502,0.392638,7.639241,0.12755,12.313325,0.542674,7.021578,1.252828,6.097556,0.126142,12.390589,54.095386,20.062208,14.536521,park,0,75.171,66.135,59.65,68.128
C012_025,12,25,0.5625,776.0,221107.470242,242.39086,0.39308,1379.555556,1113,1978.666667,27,48.0,72,128.0,85,151.111111,295,524.444444,20,35.555556,13,23.111111,11,19.555556,590,1048.888889,43.732617,43.732617,69.087161,419.91598,34.054283,0.0,0.0,0.0,0.007589,0.025424,0.0,0.0,0.033013,16.158287,28.725843,110,195.555556,8,0.012461,0.022286,2,6.187119,0.120658,Cluster 2 · recreation/culture-rich / transport-POI-rich,34346,65.713053,117.863048,1.473288,False,117.863048,1.473288,False,117.863048,1.473288,False,592.872826,7.41091,False,65.713053,0.821413,False,21,52,159,107,234,591,102,157,377,5,10,36,23,39,103,3842988187,0.120529,12.223558,0.120529,12.223558,0.120529,12.223558,1.201629,6.167387,0.0,,56.842924,10.94479,8.110719,park,0,74.191,70.482,22.379,59.94
C012_026,12,26,0.5625,969.0,209781.658684,197.88204,0.372945,1722.666667,978,1738.666667,42,74.666667,117,208.0,81,144.0,207,368.0,16,28.444444,10,17.777778,16,28.444444,489,869.333333,36.427633,80.373814,42.59177,165.392234,51.954684,0.005382,0.0,0.0,0.003214,0.02242,0.0,0.0,0.031016,17.052054,30.314763,128,227.555556,8,0.012461,0.018724,2,6.352316,-0.019456,Cluster 2 · recreation/culture-rich / transport-POI-rich,34279,37.831804,37.831804,0.472898,False,142.752809,1.78441,False,139.010843,1.737636,False,263.660826,3.29576,False,142.752809,1.78441,False,26,64,167,114,240,645,68,164,403,11,15,37,17,50,103,1683090873,0.0,,0.242479,7.359037,0.234457,7.411333,0.524143,6.287898,0.242479,7.359037,70.34733,7.406687,6.088919,education,0,74.059,73.266,14.378,58.861
C012_027,12,27,0.5625,1219.0,175751.146667,114.459463,0.312446,2167.111111,435,773.333333,3,5.333333,33,58.666667,18,32.0,119,211.555556,13,23.111111,6,10.666667,3,5.333333,240,426.666667,371.420902,51.318728,114.554774,329.077227,57.053953,0.00074,0.0,0.002047,0.009556,0.0,0.0,0.0,0.012343,13.168998,23.411553,70,124.444444,8,0.012461,0.01489,6,3.918519,-0.301851,Cluster 6 · high building coverage / retail-rich,34146,33.392952,548.19897,6.852487,False,33.392952,0.417412,False,121.732513,1.521656,False,421.837794,5.272972,False,77.767593,0.972095,False,6,26,142,34,122,544,36,77,341,3,7,29,9,21,95,391697509,0.987284,6.940747,0.0,,0.205307,7.411619,0.900721,5.854167,0.10313,9.425959,67.910835,16.708787,13.491761,healthcare,0,72.698,77.932,55.622,70.261
C012_028,12,28,0.5625,1062.0,131696.798491,52.720929,0.234128,1888.0,155,275.555556,8,14.222222,5,8.888889,6,10.666667,48,85.333333,1,1.777778,3,5.333333,1,1.777778,83,147.555556,286.633103,268.534067,105.322013,305.544284,259.614706,0.362696,0.0,0.0,0.087007,0.008689,0.0,0.03594,0.494333,7.296282,12.971169,30,53.333333,8,0.012461,0.010744,6,1.881769,-0.290257,Cluster 6 · high building coverage / retail-rich,42601,123.223435,630.559304,7.881991,False,596.605896,7.457574,False,386.409347,4.830117,False,630.559304,7.881991,False,640.513259,8.006416,False,3,15,55,4,26,196,4,15,102,1,1,9,1,6,36,262297517,0.74146,10.630373,0.988535,7.544063,0.0,,0.74146,10.630373,1.230998,6.504005,72.161742,39.356532,32.782828,education,0,53.857,51.796,25.443,46.032
C012_029,12,29,0.5625,642.0,155637.166719,87.069048,0.276688,1141.333333,37,65.777778,3,5.333333,5,8.888889,0,0.0,4,7.111111,5,8.888889,5,8.888889,0,0.0,15,26.666667,376.134184,180.023952,294.08522,870.428148,252.721027,0.121115,0.0,0.0,0.287807,0.034336,0.0,0.0,0.443257,8.801093,15.646387,39,69.333333,8,0.012461,0.00615,3,0.828446,-0.392964,Cluster 3 · building-dense / limited recreation POIs,33220,52.967618,624.110756,7.801384,False,332.899732,4.161247,False,332.899732,4.161247,False,1286.491007,16.081138,False,543.600052,6.795001,False,6,9,29,3,10,97,2,5,62,0,0,4,1,3,22,12045966021,,,0.340648,12.215665,0.340648,12.215665,,,,,67.081389,47.929627,38.462966,park,0,54.098,50.117,30.358,46.77
C012_030,12,30,0.258165,935.0,103288.110812,27.91513,0.400085,3621.711498,14,54.228835,0,0.0,0,0.0,0,0.0,0,0.0,2,7.746976,1,3.873488,0,0.0,11,42.608371,680.934285,475.143882,477.937484,1393.736516,57.450543,0.391763,0.0,0.0,0.0,0.0,0.0,0.0,0.391763,2.876776,11.143159,8,30.987906,5,0.007788,0.001115,7,-0.899798,-2.730484,Cluster 7 · residential land use / road-dense,33442,68.296568,797.24941,9.965618,False,967.531193,12.09414,False,887.29639,11.091205,False,1566.357077,19.579463,False,239.804252,2.997553,False,1,9,18,0,4,44,0,3,19,0,0,1,1,2,13,484699546,0.981101,10.15759,1.227037,9.856375,1.227037,9.039012,1.984124,9.868066,0.0,,89.787455,58.728616,55.130004,park,0,73.818,58.281,74.401,68.526
C013_000,13,0,0.480036,2197.0,210540.172164,76.520417,0.438592,4576.738508,37,77.077526,1,2.083176,5,10.415882,2,4.166353,7,14.582235,0,0.0,2,4.166353,0,0.0,20,41.663528,826.981152,298.031761,444.89195,360.495576,797.977926,0.0,0.0,0.0,0.0,0.0,0.0,0.0,0.0,9.993975,20.819212,88,183.319521,5,0.007788,0.00037,3,0.051655,-3.264229,Cluster 3 · building-dense / limited recreation POIs,3740,64.963555,1972.539348,24.656742,False,820.975144,10.262189,False,1032.024486,12.900306,False,1087.912857,13.598911,False,2164.601511,27.057519,False,0,0,6,0,4,21,0,4,29,0,1,2,0,0,3,4875837293,3.365268,7.326829,0.925045,11.093721,1.514691,8.516791,1.573841,8.640588,3.75458,7.206537,73.43183,61.702955,51.866947,healthcare,0,85.995,75.086,57.146,74.965
C013_001,13,1,0.5625,732.0,151003.26862,124.604285,0.26845,1301.333333,482,856.888889,4,7.111111,20,35.555556,20,35.555556,207,368.0,10,17.777778,5,8.888889,2,3.555556,214,380.444444,156.826549,111.559056,111.559056,111.559056,264.986944,0.0,0.0,0.0,0.022222,0.002621,0.0,0.0,0.024843,6.612875,11.756223,60,106.666667,8,0.012461,0.004253,6,3.369128,-0.446147,Cluster 6 · high building coverage / retail-rich,36582,134.862085,342.072619,4.275908,False,134.862085,1.685776,False,134.862085,1.685776,False,134.862085,1.685776,False,497.641107,6.220514,False,6,17,132,40,81,322,32,70,417,1,5,32,3,15,143,366002298,0.0,,0.0,,0.0,,0.0,,1.026073,6.062447,49.94816,17.846034,12.486673,healthcare,0,54.207,46.617,24.829,44.206
C013_002,13,2,0.5625,2162.0,251955.42777,69.98508,0.447921,3843.555556,840,1493.333333,17,30.222222,67,119.111111,51,90.666667,245,435.555556,8,14.222222,45,80.0,8,14.222222,399,709.333333,235.750324,68.71194,156.690675,332.088156,211.490943,0.0,0.0,0.0,0.074898,0.040044,0.0,0.0,0.114942,14.061577,24.998359,152,270.222222,8,0.012461,0.008179,2,5.144334,-0.925441,Cluster 2 · recreation/culture-rich / transport-POI-rich,36606,52.011815,502.75071,6.284384,False,52.011815,0.650148,False,504.9509,6.311886,False,593.386569,7.417332,False,557.797417,6.972468,False,9,30,169,72,117,414,38,114,563,4,7,47,11,73,182,394270354,1.093205,5.748585,0.0,,1.33103,4.742107,1.33103,5.572626,0.633998,10.997626,72.498704,20.985614,17.522825,market,0,83.911,80.731,16.563,65.961
C013_003,13,3,0.5625,3903.0,251692.005148,41.592117,0.447452,6938.666667,1064,1891.555556,10,17.777778,29,51.555556,60,106.666667,337,599.111111,83,147.555556,18,32.0,11,19.555556,516,917.333333,207.129422,36.920704,36.422906,39.363405,57.512377,0.0,0.0,0.0,0.000543,0.005224,0.0,0.0,0.005766,11.625931,20.668322,108,192.0,8,0.012461,0.011801,2,6.461943,-0.566464,Cluster 2 · recreation/culture-rich / transport-POI-rich,3877,32.701644,304.415975,3.8052,False,32.701644,0.408771,False,32.701644,0.408771,False,32.701644,0.408771,False,75.468624,0.943358,False,10,43,307,43,146,692,83,184,843,11,21,62,97,129,278,387097628,0.49391,7.70423,0.0,,0.0,,0.0,,0.080995,11.647156,74.883359,6.512442,5.531018,healthcare,0,82.869,75.521,20.14,64.615
C013_004,13,4,0.5625,800.0,179187.130308,60.56135,0.318555,1422.222222,1066,1895.111111,23,40.888889,30,53.333333,30,53.333333,371,659.555556,25,44.444444,32,56.888889,37,65.777778,518,920.888889,67.751548,189.75773,168.565942,205.038302,177.591321,0.027642,0.0,0.0,0.001474,0.194708,0.0,0.027671,0.251495,13.531993,24.056876,101,179.555556,8,0.012461,0.015514,2,5.47034,0.31894,Cluster 2 · recreation/culture-rich / transport-POI-rich,3889,20.209407,121.308763,1.51636,False,190.197894,2.377474,False,190.197894,2.377474,False,333.982502,4.174781,False,190.197894,2.377474,False,25,117,326,34,198,828,104,342,898,11,26,69,47,133,303,9722018309,0.0,,0.878998,2.704756,0.769911,3.087984,1.266026,3.297547,1.402647,1.69499,67.858994,9.642302,7.782822,education,0,64.386,66.454,6.104,50.539
C013_005,13,5,0.5625,641.0,230281.392922,217.8029,0.409389,1139.555556,1888,3356.444444,74,131.555556,57,101.333333,58,103.111111,203,360.888889,21,37.333333,105,186.666667,24,42.666667,1346,2392.888889,98.861126,67.656212,101.42759,313.159807,84.013451,0.000268,0.0,0.0,0.015392,0.00454,0.0,0.005228,0.025429,12.595024,22.391154,93,165.333333,8,0.012461,0.018877,2,6.24365,0.008526,Cluster 2 · recreation/culture-rich / transport-POI-rich,3913,10.99396,102.903605,1.286295,False,102.903605,1.286295,False,189.315074,2.366438,False,556.62128,6.957766,False,227.700768,2.84626,False,86,115,316,142,242,775,223,338,663,11,18,55,41,96,275,6649783920,0.212427,6.055247,0.212427,6.055247,0.370674,6.384143,0.915099,7.603293,0.417254,6.821402,67.18507,9.253499,7.431582,park,0,71.851,60.7,29.152,57.273
C013_006,13,6,0.5625,736.0,217421.140194,202.362591,0.386526,1308.444444,903,1605.333333,24,42.666667,44,78.222222,31,55.111111,75,133.333333,14,24.888889,55,97.777778,13,23.111111,647,1150.222222,81.298225,81.298225,7.710136,495.817449,6.452707,0.020404,0.004862,0.005553,0.03224,0.00576,0.0,0.0,0.068819,11.861344,21.086833,121,215.111111,8,0.012461,0.022174,2,6.347371,0.214595,Cluster 2 · recreation/culture-rich / transport-POI-rich,16760,20.778711,103.793982,1.297425,False,103.793982,1.297425,False,20.778711,0.259734,False,687.131298,8.589141,False,20.778711,0.259734,False,36,102,366,85,220,793,71,179,707,3,4,50,24,58,255,4448065520,0.290191,4.470935,0.184252,7.041577,0.0,,1.369044,6.273825,0.0,,70.865734,11.00311,9.079705,park,0,69.549,69.409,33.88,60.583
C013_007,13,7,0.5625,875.0,220615.447999,177.144523,0.392205,1555.555556,815,1448.888889,37,65.777778,71,126.222222,111,197.333333,188,334.222222,3,5.333333,17,30.222222,11,19.555556,377,670.222222,191.960521,50.882021,47.703056,272.613074,248.803962,0.08034,0.0,0.042329,0.086307,0.026187,0.0,0.000144,0.235307,12.91552,22.960925,111,197.333333,8,0.012461,0.025133,2,5.388262,0.104617,Cluster 2 · recreation/culture-rich / transport-POI-rich,16932,38.286081,422.832888,5.285411,False,220.780876,2.759761,False,38.286081,0.478576,False,751.194884,9.389936,False,597.870918,7.473386,False,21,67,294,83,162,617,51,105,518,2,7,35,5,30,144,5833179545,0.893126,5.917879,0.423674,6.513881,0.0,,1.499063,6.263872,1.298935,5.753471,74.883359,16.767107,14.240307,park,0,70.84,74.576,17.278,58.757
C013_008,13,8,0.5625,2146.0,240824.606159,79.146084,0.428133,3815.111111,481,855.111111,28,49.777778,43,76.444444,44,78.222222,77,136.888889,8,14.222222,13,23.111111,10,17.777778,258,458.666667,77.329569,75.146588,41.692873,175.284628,146.177872,0.048562,0.001064,0.0,0.003143,0.00798,0.0,7e-05,0.060819,15.295364,27.191757,136,241.777778,8,0.012461,0.02785,2,5.589514,0.065356,Cluster 2 · recreation/culture-rich / transport-POI-rich,17216,22.838168,83.525578,1.04407,False,124.667796,1.558347,False,82.760997,1.034512,False,281.814593,3.522682,False,220.600482,2.757506,False,27,66,228,49,158,616,30,92,437,4,7,37,8,23,106,898245949,0.0,,0.095294,16.353131,0.309543,3.342064,0.702913,5.011545,0.601364,4.585416,87.402799,9.739502,9.00336,park,0,84.806,82.512,21.431,68.159
C013_009,13,9,0.5625,1786.0,187895.059705,77.007287,0.334036,3175.111111,142,252.444444,9,16.0,13,23.111111,12,21.333333,28,49.777778,0,0.0,6,10.666667,1,1.777778,73,129.777778,204.07852,161.709747,64.063796,481.284592,706.386634,0.032394,0.000491,0.0,0.0,0.010789,0.0,0.000302,0.043976,15.796138,28.082023,132,234.666667,8,0.012461,0.030272,6,2.605925,-0.018452,Cluster 6 · high building coverage / retail-rich,39509,35.499496,536.138592,6.701732,False,417.166775,5.214585,False,175.827453,2.197843,False,758.583761,9.482297,False,848.66243,10.60828,False,2,14,165,13,42,436,9,28,301,1,2,36,0,3,77,4072832002,1.665869,4.022966,0.856269,6.089893,0.351246,6.257279,1.798103,5.273501,1.657085,6.401773,78.12338,33.019051,28.68498,education,0,75.568,79.821,30.622,65.82
C013_010,13,10,0.5625,693.0,160254.321702,118.924349,0.284897,1232.0,140,248.888889,4,7.111111,14,24.888889,3,5.333333,8,14.222222,0,0.0,11,19.555556,0,0.0,100,177.777778,184.274866,135.716142,286.335432,558.973216,525.560361,0.0,0.0,0.004883,0.010969,0.004489,0.0,0.0,0.020342,10.946928,19.461205,57,101.333333,8,0.012461,0.032315,3,1.490268,0.42768,Cluster 3 · building-dense / limited recreation POIs,18092,47.99254,649.712361,8.121405,False,218.875592,2.735945,False,770.962864,9.637036,False,885.17637,11.064705,False,838.485735,10.481072,False,3,10,115,13,35,284,1,18,210,0,2,32,0,8,61,386846392,1.098757,7.391449,0.349191,7.835099,1.098757,8.770854,1.879785,5.886155,1.358817,7.713378,49.844479,38.394246,26.840145,market,0,59.984,64.712,37.465,56.009
C013_011,13,11,0.5625,1088.0,233892.650516,116.47506,0.415809,1934.222222,729,1296.0,16,28.444444,25,44.444444,43,76.444444,81,144.0,13,23.111111,14,24.888889,11,19.555556,526,935.111111,143.734874,53.27575,49.923187,348.19991,132.398305,0.377974,0.010324,0.007705,0.091463,0.0,0.0,0.0,0.487466,12.665196,22.515903,107,190.222222,8,0.012461,0.034106,2,5.460597,0.543875,Cluster 2 · recreation/culture-rich / transport-POI-rich,39658,40.42373,278.099488,3.476244,False,61.797683,0.772471,False,40.42373,0.505297,False,445.703765,5.571297,False,123.877924,1.548474,False,15,29,138,30,51,371,36,60,281,2,13,37,16,24,83,6132262636,0.558607,6.223059,0.057894,13.342828,0.0,,0.945924,5.889793,0.202171,7.659248,82.063245,14.716174,13.132412,healthcare,0,79.308,75.156,56.711,72.206
C013_012,13,12,0.5625,1631.0,207554.009845,65.900096,0.368985,2899.555556,511,908.444444,28,49.777778,60,106.666667,34,60.444444,63,112.0,6,10.666667,19,33.777778,7,12.444444,294,522.666667,111.34103,92.340678,55.158012,289.147756,67.799576,0.177438,0.0,0.0,0.184501,0.002189,0.0,0.0,0.364128,11.676328,20.757916,84,149.333333,8,0.012461,0.035592,2,5.458338,0.694239,Cluster 2 · recreation/culture-rich / transport-POI-rich,18395,55.323841,193.117834,2.413973,False,172.282781,2.153535,False,121.590189,1.519877,False,454.263808,5.678298,False,111.535726,1.394197,False,21,45,194,68,111,552,39,88,402,6,11,47,8,26,130,11285758245,0.594811,4.058387,0.096287,22.365796,0.0,,1.251047,4.538837,0.331929,4.200282,82.115086,14.162131,12.6424,education,0,72.978,68.523,31.314,61.003
C013_013,13,13,0.5625,6696.0,208833.777071,20.832116,0.37126,11904.0,178,316.444444,3,5.333333,19,33.777778,3,5.333333,33,58.666667,4,7.111111,6,10.666667,3,5.333333,107,190.222222,374.736495,87.681883,319.108861,504.691577,228.301965,0.432021,0.0,0.039704,0.002802,0.0,0.0,0.0,0.474527,13.774954,24.488807,160,284.444444,8,0.012461,0.03672,6,3.197638,-0.030493,Cluster 6 · high building coverage / retail-rich,18702,39.998971,645.218165,8.065227,False,268.578163,3.357227,False,472.53964,5.906746,False,1012.929902,12.661624,False,223.741601,2.79677,False,2,13,164,14,83,463,12,47,323,0,2,33,4,12,107,415392314,1.593535,5.061216,0.0,,1.146958,5.149924,2.36146,5.361779,0.714771,3.912817,91.757387,34.3993,32.698059,park,0,84.829,92.652,61.501,81.735
C013_014,13,14,0.5625,689.0,200485.402596,245.507881,0.356418,1224.888889,1545,2746.666667,42,74.666667,102,181.333333,234,416.0,221,392.888889,17,30.222222,18,32.0,30,53.333333,881,1566.222222,33.887199,14.44476,47.530844,181.171929,79.870501,0.057474,0.0,0.0,0.0,0.033672,0.0,0.0,0.091145,13.153418,23.383854,106,188.444444,8,0.012461,0.037485,2,7.134444,1.045928,Cluster 2 · recreation/culture-rich / transport-POI-rich,22695,35.524741,35.524741,0.444059,False,35.524741,0.444059,False,90.535097,1.131689,False,275.815695,3.447696,False,90.535097,1.131689,False,47,74,168,142,242,528,76,140,334,11,16,40,27,54,117,4992397642,0.0,,0.0,,0.093894,12.052828,0.504127,6.838942,0.093894,12.052828,69.984448,4.607309,3.777564,market,0,66.734,63.344,12.706,52.04
C013_015,13,15,0.5625,479.0,160015.801667,272.19452,0.284473,851.555556,264,469.333333,7,12.444444,14,24.888889,16,28.444444,30,53.333333,6,10.666667,5,8.888889,2,3.555556,184,327.111111,289.070293,90.833636,151.023548,315.311254,87.754755,0.0,0.0,0.0,0.11697,0.070601,0.0,0.012041,0.199612,9.842697,17.498129,67,119.111111,8,0.012461,0.037961,6,3.471634,1.260794,Cluster 6 · high building coverage / retail-rich,22780,58.842494,654.704502,8.183806,False,344.143064,4.301788,False,238.500079,2.981251,False,433.301834,5.416273,False,181.003644,2.262546,False,10,41,133,16,100,395,12,62,244,3,12,29,8,23,77,6382162978,1.378609,5.93628,0.700127,6.144295,0.416673,7.154889,0.853042,6.349362,0.577021,3.921082,46.759979,22.793546,15.512373,education,0,53.888,49.825,12.986,42.24
C013_016,13,16,0.5625,321.0,121558.175325,239.800401,0.216103,570.666667,97,172.444444,2,3.555556,4,7.111111,15,26.666667,9,16.0,1,1.777778,1,1.777778,1,1.777778,64,113.777778,343.740453,218.111866,597.956665,343.740453,343.740453,0.0,0.0,0.0,0.0,0.036261,0.0,0.132553,0.168814,4.714618,8.381542,20,35.555556,8,0.012461,0.038034,3,0.854755,1.464719,Cluster 3 · building-dense / limited recreation POIs,40593,82.249893,1056.896145,13.211202,False,709.705765,8.871322,False,725.164592,9.064557,False,585.124047,7.314051,False,909.100414,11.363755,False,0,2,100,1,14,297,2,7,175,3,4,22,0,5,61,86776690,1.989427,6.640706,1.371915,6.466377,1.389962,6.521443,1.117865,6.542877,1.670839,6.801229,40.6169,45.966174,29.588491,education,0,42.045,35.218,18.134,33.678
C013_017,13,17,0.5625,257.0,68346.443784,199.692671,0.121505,456.888889,45,80.0,0,0.0,0,0.0,1,1.777778,11,19.555556,1,1.777778,3,5.333333,2,3.555556,27,48.0,468.153327,439.30034,323.897827,422.912436,395.80299,0.074609,0.036597,0.0,0.0,0.087729,0.0,0.001643,0.200578,7.588475,13.490622,28,49.777778,8,0.012461,0.037754,3,0.095386,1.734808,Cluster 3 · building-dense / limited recreation POIs,40520,211.573869,1432.337333,17.904217,False,976.023027,12.200288,False,734.803236,9.18504,False,2064.134658,25.801683,False,960.010849,12.000136,False,0,0,32,0,3,91,2,2,72,0,0,5,0,3,19,1615203327,1.005072,17.813868,0.648762,18.805485,1.005072,9.138691,1.671536,15.435915,1.250164,9.598849,52.255054,67.884914,48.437945,park,0,38.219,40.653,15.435,33.375
C013_018,13,18,0.5625,242.0,87788.87,154.719991,0.156069,430.222222,50,88.888889,4,7.111111,1,1.777778,4,7.111111,2,3.555556,4,7.111111,1,1.777778,1,1.777778,33,58.666667,126.564686,526.493609,409.120504,580.50129,298.874357,0.0,0.061434,0.0,0.0,0.076568,0.0,0.86528,1.0,9.544772,16.968484,47,83.555556,8,0.012461,0.037108,3,0.893041,1.69742,Cluster 3 · building-dense / limited recreation POIs,40522,45.612906,224.078297,2.800979,False,655.980383,8.199755,False,1116.686391,13.95858,False,2003.525227,25.044065,False,592.077893,7.400974,False,1,2,28,1,4,87,0,2,75,0,0,3,3,5,22,4899157726,1.138009,2.461298,1.752198,4.679698,1.789493,7.800299,2.624548,9.542239,0.862706,8.578791,36.391913,57.659409,35.653781,park,0,42.698,44.623,20.879,37.917
C013_019,13,19,0.5625,173.0,40354.638876,105.228016,0.071742,307.555556,10,17.777778,0,0.0,1,1.777778,1,1.777778,0,0.0,0,0.0,1,1.777778,0,0.0,7,12.444444,786.007306,211.042999,811.79803,1145.066446,1012.560848,0.0,0.0,0.101121,0.0,0.069523,0.0,0.811823,0.982468,6.503376,11.561558,21,37.333333,8,0.012461,0.036122,5,-1.888834,1.336645,Cluster 5 · limited retail / low building coverage,40501,81.066515,1341.156342,16.764454,False,571.803322,7.147542,False,1410.781128,17.634764,False,2636.281083,32.953514,False,1224.833749,15.310422,False,0,0,5,1,3,24,0,0,7,0,0,0,0,0,5,4899155751,1.931396,8.679969,1.136748,6.287708,2.58288,6.827559,3.417935,9.641352,1.656093,9.244906,30.404355,72.569984,42.266655,market,0,32.092,46.563,29.79,36.581
C013_020,13,20,0.5625,17.0,2818.763146,56.990355,0.005011,30.222222,3,5.333333,0,0.0,1,1.777778,0,0.0,1,1.777778,0,0.0,0,0.0,0,0.0,1,1.777778,963.040526,524.72796,743.979163,809.212863,727.93065,0.0,0.0,0.110302,0.0,0.0,0.0,0.17041,0.280712,1.491964,2.65238,1,1.777778,8,0.012461,0.034754,4,-3.359178,2.266723,Cluster 4 · road-sparse / intersection-sparse,22117,184.587786,3518.904833,43.98631,False,2789.24625,34.865578,False,3562.642902,44.533036,False,3845.940106,48.074251,False,3562.642902,44.533036,False,0,0,0,0,0,0,0,0,0,0,0,0,0,0,0,4848834041,3.419386,12.863803,0.0,,0.0,,4.302753,11.172904,0.0,,15.292898,87.51944,43.038331,education,0,14.953,26.357,67.978,32.201
C013_021,13,21,0.5625,19.0,7711.436015,22.761368,0.013709,33.777778,2,3.555556,0,0.0,0,0.0,0,0.0,1,1.777778,0,0.0,0,0.0,0,0.0,1,1.777778,1094.093666,503.261311,1002.326039,888.261767,476.473282,0.0,0.0,0.293863,0.0,0.0,0.0,0.0,0.293863,0.120452,0.214137,0,0.0,8,0.012461,0.033046,4,-4.054069,2.261507,Cluster 4 · road-sparse / intersection-sparse,22077,703.097577,1648.296948,20.603712,False,703.097577,8.78872,False,1692.035016,21.150438,False,1975.332221,24.691653,False,1344.109483,16.801369,False,0,0,6,2,2,38,0,0,34,0,0,3,0,0,15,13120861890,,,,,,,,,0.0,,17.23691,73.862753,37.184095,market,0,15.381,23.491,68.631,31.532
C013_022,13,22,0.5625,165.0,68375.194919,36.26946,0.121556,293.333333,121,215.111111,0,0.0,9,16.0,5,8.888889,12,21.333333,44,78.222222,5,8.888889,3,5.333333,43,76.444444,560.941091,321.583818,469.372836,302.394658,53.663643,0.0,0.000394,0.386283,0.0,0.0,0.0,0.0,0.386677,7.757594,13.791279,45,80.0,8,0.012461,0.030863,6,1.634999,0.855762,Cluster 6 · high building coverage / retail-rich,34846,27.080315,985.048278,12.313103,False,788.806327,9.860079,False,835.285105,10.441064,False,664.59703,8.307463,False,27.080315,0.338504,False,0,1,38,2,14,155,0,8,80,1,1,10,36,51,76,12386412820,0.0,,,,,,,,0.0,,32.86677,50.408243,30.103834,education,0,43.849,50.284,54.642,48.799
C013_023,13,23,0.5625,391.0,98368.4813,89.183465,0.174877,695.111111,90,160.0,2,3.555556,7,12.444444,14,24.888889,8,14.222222,9,16.0,5,8.888889,4,7.111111,41,72.888889,379.504882,240.302987,53.048298,376.004188,167.497482,0.199806,0.01173,0.004122,0.0,0.012252,0.0,0.0,0.22791,13.672188,24.306112,73,129.777778,8,0.012461,0.028327,6,2.560963,0.79926,Cluster 6 · high building coverage / retail-rich,34889,47.653696,686.672369,8.583405,False,509.718424,6.37148,False,47.653696,0.595671,False,354.721393,4.434017,False,214.128724,2.676609,False,3,14,70,9,53,311,5,20,193,1,6,14,3,58,98,391699737,0.890105,9.643142,0.238702,26.692174,0.0,,0.347736,12.751087,0.238702,11.213173,59.201659,27.896579,21.067774,education,0,54.207,68.904,26.244,52.36
C013_024,13,24,0.5625,1501.0,196440.878527,98.559451,0.349228,2668.444444,227,403.555556,8,14.222222,26,46.222222,20,35.555556,29,51.555556,4,7.111111,9,16.0,6,10.666667,125,222.222222,166.809703,105.043632,116.276743,285.153871,228.529594,0.0,0.0,0.0,0.00565,0.041228,0.0,0.0,0.046877,11.802676,20.982536,60,106.666667,8,0.012461,0.025424,6,3.738806,0.22727,Cluster 6 · high building coverage / retail-rich,34557,21.1896,296.533319,3.706666,False,96.779585,1.209745,False,296.533319,3.706666,False,430.809646,5.385121,False,434.612509,5.432656,False,10,18,85,39,88,372,18,72,228,5,7,19,5,13,107,11337029505,0.638208,5.807925,0.174906,6.916539,0.638208,5.807925,0.949545,5.671267,0.991228,5.480732,60.93831,19.673406,15.062547,market,0,68.616,67.745,14.425,54.763
C013_025,13,25,0.5625,1706.0,237437.083592,96.958692,0.42211,3032.888889,374,664.888889,14,24.888889,34,60.444444,21,37.333333,65,115.555556,3,5.333333,8,14.222222,5,8.888889,224,398.222222,224.161145,104.660596,94.527153,349.483796,194.788714,0.0,0.0,0.0,0.0,0.0,0.0,0.0,0.0,11.606863,20.634423,63,112.0,8,0.012461,0.022198,6,3.946928,-0.190876,Cluster 6 · high building coverage / retail-rich,34417,32.772204,563.383478,7.042293,False,230.059794,2.875747,False,176.438064,2.205476,False,563.383478,7.042293,False,705.295374,8.816192,False,8,34,108,57,147,442,32,113,298,3,6,26,4,23,107,4911954221,1.063436,6.62221,0.401438,7.163608,0.333893,6.605332,1.165911,6.040164,1.138158,7.746018,67.003629,20.703733,16.604844,healthcare,0,81.128,68.756,56.82,70.721
C013_026,13,26,0.5625,1328.0,223856.724962,148.152293,0.397968,2360.888889,297,528.0,21,37.333333,37,65.777778,11,19.555556,49,87.111111,6,10.666667,9,16.0,5,8.888889,159,282.666667,49.844663,68.03645,44.220478,505.298252,180.830791,0.000874,0.0,0.0,0.0,0.004209,0.0,0.0,0.005083,12.046543,21.416077,72,128.0,8,0.012461,0.018678,2,4.413054,-0.243827,Cluster 2 · recreation/culture-rich / transport-POI-rich,34209,42.090785,72.027157,0.900339,False,109.925436,1.374068,False,42.090785,0.526135,False,731.781344,9.147267,False,261.392554,3.267407,False,20,39,141,60,147,518,22,81,338,1,8,30,8,15,93,3838517857,0.069188,13.012853,0.156778,8.764424,0.0,,1.858568,4.921674,1.037848,3.148252,74.079834,13.083204,11.048491,park,0,74.253,66.687,36.081,62.062
C013_027,13,27,0.5625,1632.0,146342.849564,56.152765,0.260165,2901.333333,70,124.444444,6,10.666667,8,14.222222,6,10.666667,13,23.111111,0,0.0,2,3.555556,1,1.777778,34,60.444444,204.856409,128.69231,308.621652,139.351102,521.152126,0.080645,0.0,0.0,0.0,0.022725,0.0,0.0,0.10337,10.460301,18.59609,81,144.0,8,0.012461,0.01488,3,1.644223,-0.371227,Cluster 3 · building-dense / limited recreation POIs,42871,51.963548,760.276496,9.503456,False,131.924552,1.649057,False,495.679254,6.195991,False,810.283203,10.12854,False,856.920607,10.711508,False,4,16,65,10,20,262,4,12,167,0,2,17,0,4,45,4923950574,1.267601,7.497201,0.216596,7.613509,0.973742,6.36307,1.382725,7.325059,1.254789,8.536502,75.479523,36.168351,30.84716,market,0,61.812,64.168,13.569,50.576
C013_028,13,28,0.5625,3049.0,245229.662484,58.104175,0.435964,5420.444444,112,199.111111,5,8.888889,20,35.555556,16,28.444444,20,35.555556,1,1.777778,2,3.555556,1,1.777778,47,83.555556,346.457783,165.191684,259.12238,457.15083,346.457783,0.960903,0.0,0.0,0.0,0.000566,0.0,0.0,0.961469,11.543144,20.521146,97,172.444444,8,0.012461,0.01076,7,2.37674,-1.187172,Cluster 7 · residential land use / road-dense,33291,15.312382,538.09351,6.726169,False,239.305051,2.991313,False,346.188306,4.327354,False,590.002823,7.375035,False,538.09351,6.726169,False,3,12,51,24,32,173,9,15,88,1,1,8,2,3,33,4987644051,1.076929,6.245692,0.452986,6.603543,0.66607,6.496841,1.286123,5.734314,1.076929,6.245692,96.111975,34.632582,33.824668,park,0,82.613,74.79,40.583,69.367
C013_029,13,29,0.5625,1827.0,192635.265558,63.623252,0.342463,3248.0,75,133.333333,12,21.333333,7,12.444444,3,5.333333,10,17.777778,2,3.555556,7,12.444444,2,3.555556,32,56.888889,188.858145,154.328694,100.383923,934.491698,288.582522,0.745013,0.0,0.031709,0.0,0.0,0.0,0.0,0.776722,9.3478,16.618312,53,94.222222,8,0.012461,0.006169,7,2.184413,-1.068285,Cluster 7 · residential land use / road-dense,33398,38.590591,494.768431,6.184605,False,328.022257,4.100278,False,518.034456,6.475431,False,1312.315978,16.40395,False,527.555316,6.594441,False,9,11,18,12,27,58,6,8,27,0,0,2,2,2,17,13905041855,1.036237,5.968331,0.671472,6.106405,1.080468,5.993172,2.410136,6.806235,1.129223,5.839806,85.018144,45.791213,41.674989,park,0,71.439,72.535,69.502,71.338
C013_030,13,30,0.247833,462.0,57772.831038,40.435607,0.233112,1864.161927,22,88.769616,1,4.034983,1,4.034983,0,0.0,3,12.104948,0,0.0,1,4.034983,0,0.0,16,64.55972,158.453477,226.600395,352.772841,1428.082943,414.06463,0.536207,0.0,0.042397,0.0,0.0,0.0,0.0,0.578604,2.543077,10.261272,9,36.314843,5,0.007788,0.001126,7,-0.631173,-2.643124,Cluster 7 · residential land use / road-dense,33429,25.285086,184.371198,2.30464,False,232.669268,2.908366,False,360.444456,4.505556,False,1567.686846,19.596086,False,545.627845,6.820348,False,7,11,18,4,11,51,4,6,20,0,0,1,1,3,16,3603400441,0.270216,8.528875,0.352295,8.255478,0.638305,7.058624,2.595112,7.551152,0.891913,7.646877,72.680145,43.545879,36.407876,park,0,56.089,57.799,74.728,61.347
C014_000,14,0,0.490196,393.0,54467.962599,76.561534,0.111115,801.719474,22,44.879971,0,0.0,1,2.039999,0,0.0,5,10.199993,0,0.0,4,8.159995,1,2.039999,11,22.439985,491.585789,332.86966,228.236398,273.616419,420.205618,0.0,0.0,0.0,0.0,0.023479,0.0,0.0,0.023479,2.309005,4.710367,11,22.439985,5,0.007788,0.000425,3,-1.207111,-1.78036,Cluster 3 · building-dense / limited recreation POIs,4594,201.664606,730.373613,9.12967,False,637.44235,7.968029,False,539.194143,6.739927,False,318.8181,3.985226,False,732.339539,9.154244,False,4,9,55,5,22,195,3,7,126,1,1,12,1,1,25,387126387,1.256171,7.267858,1.062069,7.502362,0.782335,8.615145,0.27136,14.686108,1.230783,7.437739,38.128564,41.776827,26.268074,education,0,33.538,31.128,17.838,28.77
C014_001,14,1,0.5625,2240.0,245055.02112,83.659361,0.435653,3982.222222,282,501.333333,17,30.222222,20,35.555556,22,39.111111,43,76.444444,10,17.777778,16,28.444444,1,1.777778,153,272.0,194.785081,128.410742,78.672041,497.253916,290.43131,0.000497,0.0,0.0,0.001441,0.0,0.0,0.0,0.001938,13.379458,23.785702,131,232.888889,8,0.012461,0.004389,6,3.71428,-1.26294,Cluster 6 · high building coverage / retail-rich,4612,25.373255,298.14432,3.726804,False,176.353528,2.204419,False,87.165808,1.089573,False,722.968063,9.037101,False,342.870661,4.285883,False,17,28,157,32,111,386,26,64,410,3,10,30,7,13,136,393905558,0.641606,5.808557,0.409643,5.381313,0.168073,6.482739,1.450036,6.23233,0.746927,5.73802,83.670295,18.954121,17.09703,park,0,88.188,79.565,61.229,78.43
C014_002,14,2,0.5625,2204.0,223555.676847,74.41623,0.397432,3918.222222,423,752.0,16,28.444444,50,88.888889,43,76.444444,66,117.333333,4,7.111111,22,39.111111,8,14.222222,214,380.444444,137.37825,116.572651,123.303509,339.854657,24.054492,0.000145,0.011055,0.0,0.042868,0.01241,0.0,0.001361,0.067838,11.088889,19.713581,96,170.666667,8,0.012461,0.008332,2,4.836276,-0.687584,Cluster 2 · recreation/culture-rich / transport-POI-rich,4182,5.731188,136.208259,1.702603,False,136.208259,1.702603,False,136.208259,1.702603,False,458.026352,5.725329,False,15.030875,0.187886,False,20,45,211,88,178,508,37,111,606,7,13,50,14,39,211,12981686061,0.158984,10.70926,0.158984,10.70926,0.158984,10.70926,0.983284,5.822661,0.015847,11.855961,80.819077,11.041991,9.771217,market,0,75.871,71.151,24.946,61.488
C014_003,14,3,0.5625,1999.0,229627.902645,70.678186,0.408227,3553.777778,639,1136.0,21,37.333333,52,92.444444,100,177.777778,128,227.555556,12,21.333333,24,42.666667,6,10.666667,296,526.222222,110.676427,39.241689,34.513799,197.518484,119.560091,0.003763,0.000957,0.000657,0.053035,0.018138,0.0,0.0,0.07655,12.955544,23.032078,93,165.333333,8,0.012461,0.012181,2,5.691721,-0.5402,Cluster 2 · recreation/culture-rich / transport-POI-rich,4210,47.420803,124.264393,1.553305,False,87.094504,1.088681,False,47.420803,0.59276,False,209.435701,2.617946,False,124.264393,1.553305,False,12,23,308,56,129,709,42,127,866,4,13,62,40,112,285,387126926,0.177596,8.746272,0.092207,11.806962,0.0,,0.376543,6.952575,0.177596,8.746272,81.544842,9.029938,8.030044,healthcare,0,78.966,83.639,17.706,65.287
C014_004,14,4,0.5625,427.0,122503.752331,108.410056,0.217784,759.111111,636,1130.666667,17,30.222222,26,46.222222,20,35.555556,72,128.0,19,33.777778,33,58.666667,9,16.0,440,782.222222,108.221985,133.536443,206.765197,268.325207,182.954961,0.406975,0.0,0.0,0.0,0.113179,0.0,0.064005,0.584159,11.541845,20.518836,79,140.444444,8,0.012461,0.015718,2,4.368935,0.321742,Cluster 2 · recreation/culture-rich / transport-POI-rich,4326,46.298953,698.665746,8.733322,False,309.275958,3.865949,False,604.237747,7.552972,False,932.855749,11.660697,False,757.446216,9.468078,False,1,40,184,5,105,439,5,194,544,0,13,39,1,32,240,4689676490,0.09978,87.526059,0.0,,0.206778,36.526931,0.688297,16.941385,0.0,,63.685848,26.62325,20.822446,healthcare,0,51.586,53.736,9.176,41.736
C014_005,14,5,0.5625,1259.0,250328.34776,131.577651,0.445028,2238.222222,3308,5880.888889,55,97.777778,154,273.777778,110,195.555556,525,933.333333,60,106.666667,72,128.0,44,78.222222,2288,4067.555556,71.340994,47.032582,13.3642,183.437896,21.741143,4.9e-05,0.0,0.0,0.007752,0.022818,0.0,0.044259,0.074877,12.85654,22.856071,91,161.777778,8,0.012461,0.019155,2,7.918469,0.036521,Cluster 2 · recreation/culture-rich / transport-POI-rich,4283,15.148755,127.419359,1.592742,False,15.148755,0.189359,False,15.148755,0.189359,False,285.541452,3.569268,False,15.148755,0.189359,False,52,116,266,161,252,669,229,336,662,12,16,46,73,114,260,11308881911,0.243191,6.549342,0.0,,0.0,,0.485921,7.345372,0.0,,75.583204,3.265941,2.787478,park,0,77.302,68.74,14.938,58.714
C014_006,14,6,0.5625,786.0,216664.039995,181.519566,0.385181,1397.333333,1024,1820.444444,23,40.888889,50,88.888889,44,78.222222,182,323.555556,17,30.222222,24,42.666667,23,40.888889,661,1175.111111,91.473758,38.85398,46.030094,265.134925,139.241921,0.003588,0.0,0.006059,0.011004,0.060441,0.0,0.21681,0.297901,13.713267,24.37914,112,199.111111,8,0.012461,0.022119,2,5.910454,0.209698,Cluster 2 · recreation/culture-rich / transport-POI-rich,28312,46.28119,173.808881,2.172611,False,59.288052,0.741101,False,59.288052,0.741101,False,332.916607,4.161458,False,166.70009,2.083751,False,28,84,283,70,269,661,64,262,637,3,11,43,20,80,193,3371475495,0.774854,2.803897,0.151942,4.877519,0.079705,9.298049,0.685074,6.074465,0.151942,13.714111,68.947641,6.580482,5.354445,park,0,70.505,75.599,11.897,57.636
C014_007,14,7,0.5625,1545.0,256621.10735,122.904226,0.456215,2746.666667,749,1331.555556,32,56.888889,84,149.333333,35,62.222222,119,211.555556,13,23.111111,33,58.666667,7,12.444444,426,757.333333,87.729046,44.384027,158.181854,346.860314,192.80302,0.005342,0.0,0.002688,0.006996,0.006685,0.0,0.084239,0.105949,16.61603,29.539608,128,227.555556,8,0.012461,0.025057,2,5.560274,-0.147802,Cluster 2 · recreation/culture-rich / transport-POI-rich,41645,9.474057,129.357393,1.616967,False,97.858503,1.223231,False,258.018788,3.225235,False,552.177965,6.902225,False,302.361136,3.779514,False,31,63,282,91,155,651,49,109,581,2,6,43,13,28,159,4381967232,0.313489,5.157972,0.0,,0.499455,6.457509,1.022789,6.748435,0.769004,4.914814,80.326594,14.531493,12.816189,park,0,84.743,87.158,28.655,71.566
C014_008,14,8,0.5625,1601.0,209791.585424,106.395967,0.372963,2846.222222,468,832.0,26,46.222222,36,64.0,86,152.888889,68,120.888889,8,14.222222,8,14.222222,2,3.555556,234,416.0,107.763155,52.181993,157.833158,119.812247,195.641517,0.08942,0.0,0.001753,0.0,0.002625,0.0,0.001931,0.095729,17.54069,31.18345,163,289.777778,8,0.012461,0.027616,2,4.966463,0.041732,Cluster 2 · recreation/culture-rich / transport-POI-rich,27914,40.636439,338.482686,4.231034,False,40.636439,0.507955,False,250.624154,3.132802,False,136.976921,1.712212,False,441.2987,5.516234,False,22,63,206,44,132,529,34,95,382,4,8,37,10,21,76,12823822338,0.534562,7.914947,0.0,,0.357938,8.752367,0.164055,10.436824,0.772224,7.143306,81.20788,12.636081,11.211328,market,0,79.689,88.208,25.163,69.039
C014_009,14,9,0.5625,2220.0,268153.25007,100.358806,0.476717,3946.666667,440,782.222222,27,48.0,39,69.333333,27,48.0,82,145.777778,8,14.222222,10,17.777778,5,8.888889,242,430.222222,133.219805,94.761754,33.266496,420.439867,59.390074,0.011425,0.0,0.0,0.0,0.040463,0.0,0.00029,0.052177,14.076694,25.025234,137,243.555556,8,0.012461,0.02984,2,5.277554,0.080328,Cluster 2 · recreation/culture-rich / transport-POI-rich,27805,10.833263,223.760503,2.797006,False,223.760503,2.797006,False,40.847024,0.510588,False,543.982979,6.799787,False,70.561751,0.882022,False,26,51,185,58,121,563,40,96,398,1,10,35,7,18,88,11428228354,0.422593,6.618673,0.422093,6.626518,0.050948,10.02165,1.259293,5.399688,0.10139,8.699329,87.973043,14.375972,13.338577,education,0,85.731,81.182,19.253,67.519
C014_010,14,10,0.5625,2033.0,222925.030051,96.296709,0.396311,3614.222222,300,533.333333,13,23.111111,25,44.444444,17,30.222222,53,94.222222,4,7.111111,5,8.888889,3,5.333333,180,320.0,142.936056,73.019111,16.901858,159.36901,158.988217,0.207609,0.0,0.0,0.0,0.006386,0.0,0.0,0.213995,16.262092,28.910387,159,282.666667,8,0.012461,0.031819,2,4.7509,0.15031,Cluster 2 · recreation/culture-rich / transport-POI-rich,41347,16.76525,219.025356,2.737817,False,93.297756,1.166222,False,16.76525,0.209566,False,177.72624,2.221578,False,177.72624,2.221578,False,7,18,116,10,47,357,18,36,285,2,5,41,3,13,75,386938656,0.501123,5.463365,0.176874,6.593505,0.0,,0.371997,5.972032,0.371997,5.972032,87.791602,16.903188,15.665023,education,0,82.582,82.64,22.053,67.47
C014_011,14,11,0.5625,269.0,75988.428967,214.465745,0.135091,478.222222,440,782.222222,7,12.444444,17,30.222222,41,72.888889,98,174.222222,5,8.888889,4,7.111111,14,24.888889,254,451.555556,228.722389,213.308684,102.541876,207.971319,341.805101,0.112156,0.0,0.006918,0.0,0.043952,0.0,0.0,0.163027,10.050948,17.868351,85,151.111111,8,0.012461,0.033549,6,3.478942,1.271958,Cluster 6 · high building coverage / retail-rich,18200,73.23964,411.977827,5.149723,False,362.092266,4.526153,False,145.167253,1.814591,False,248.254844,3.103186,False,446.536975,5.581712,False,10,29,169,33,75,437,40,95,338,11,16,40,15,31,97,3556380392,1.809537,2.845879,0.543828,8.322762,0.0,,0.678439,4.574006,1.62644,3.431859,54.017626,18.370918,13.302487,education,0,42.496,55.358,11.415,39.227
C014_012,14,12,0.5625,549.0,209284.349046,286.569607,0.372061,976.0,1501,2668.444444,29,51.555556,76,135.111111,145,257.777778,212,376.888889,27,48.0,19,33.777778,34,60.444444,959,1704.888889,150.761276,17.49575,80.465229,105.547085,6.857623,0.054205,0.0,0.0,0.0,0.0,0.0,0.0,0.054205,13.763299,24.468087,113,200.888889,8,0.012461,0.034919,2,7.17552,0.972214,Cluster 2 · recreation/culture-rich / transport-POI-rich,26737,67.080529,183.431901,2.292899,False,67.080529,0.838507,False,183.431901,2.292899,False,253.501662,3.168771,False,67.080529,0.838507,False,21,49,171,69,146,462,75,123,383,10,18,48,27,48,117,223422781,0.268902,8.526894,0.0,,0.268902,8.526894,0.432409,7.328187,0.0,,68.74028,9.574261,7.778529,market,0,73.663,63.11,48.219,63.608
C014_013,14,13,0.5625,2464.0,215448.945495,20.523691,0.38302,4380.444444,798,1418.666667,20,35.555556,39,69.333333,85,151.111111,100,177.777778,7,12.444444,12,21.333333,12,21.333333,523,929.777778,59.522047,79.273845,120.502409,139.501882,75.143371,0.134043,0.0,0.0,0.0,0.0,0.0,0.0,0.134043,12.481371,22.189103,112,199.111111,8,0.012461,0.035945,2,5.715115,0.55758,Cluster 2 · recreation/culture-rich / transport-POI-rich,26652,56.324843,56.324843,0.704061,False,250.100072,3.126251,False,265.497356,3.318717,False,250.100072,3.126251,False,250.100072,3.126251,False,23,45,188,48,117,588,42,97,427,4,13,54,15,37,132,264020132,0.0,,0.0,,0.4845,6.84978,0.448711,6.967179,0.0,,88.439606,13.753888,12.799886,education,0,82.519,76.897,49.308,72.249
C014_014,14,14,0.5625,508.0,202875.55471,336.448787,0.360668,903.111111,1094,1944.888889,29,51.555556,32,56.888889,127,225.777778,199,353.777778,17,30.222222,18,32.0,19,33.777778,653,1160.888889,22.042774,51.225592,42.650815,51.086945,21.6497,0.002674,0.0,0.0,0.0,0.112402,0.0,0.000671,0.115747,12.287226,21.843957,89,158.222222,8,0.012461,0.036742,2,7.008955,1.408089,Cluster 2 · recreation/culture-rich / transport-POI-rich,22910,30.026664,30.026664,0.375333,False,30.026664,0.375333,False,30.026664,0.375333,False,30.026664,0.375333,False,30.026664,0.375333,False,31,58,188,61,141,617,56,106,418,7,14,50,20,37,141,264028266,0.0,,0.0,,0.0,,0.0,,0.0,,63.245205,4.344868,3.386699,market,0,63.009,57.846,3.017,46.204
C014_015,14,15,0.5625,435.0,146310.468701,287.112637,0.260107,773.333333,319,567.111111,10,17.777778,19,33.777778,48,85.333333,27,48.0,3,5.333333,4,7.111111,10,17.777778,198,352.0,137.046402,162.181877,46.103054,120.083445,240.757028,0.0,0.0,0.0,0.005182,0.189068,0.0,0.0,0.19425,10.679627,18.986004,71,126.222222,8,0.012461,0.037125,2,4.072152,1.540216,Cluster 2 · recreation/culture-rich / transport-POI-rich,22978,45.550194,492.672249,6.158403,False,262.749512,3.284369,False,419.101382,5.238767,False,207.026866,2.587836,False,494.338967,6.179237,False,11,26,180,29,47,532,24,47,357,4,12,45,9,19,118,11273429658,0.287227,21.440884,0.287227,11.434745,0.0,,0.824253,3.139615,0.725503,8.517173,44.841887,24.193235,16.186516,market,0,52.659,50.875,3.585,39.766
C014_016,14,16,0.5625,617.0,145510.017319,149.599603,0.258684,1096.888889,217,385.777778,15,26.666667,8,14.222222,24,42.666667,33,58.666667,4,7.111111,7,12.444444,4,7.111111,122,216.888889,124.27032,230.844426,237.256221,246.5856,199.29644,0.0,0.0,0.0,0.021324,0.01993,0.0,0.005473,0.046727,9.372651,16.662491,51,90.666667,8,0.012461,0.037147,6,3.257879,1.137599,Cluster 6 · high building coverage / retail-rich,23945,51.946295,248.663303,3.108291,False,320.075624,4.000945,False,395.716174,4.946452,False,692.941212,8.661765,False,306.505651,3.831321,False,20,35,146,23,64,417,13,46,302,1,7,38,8,18,84,9646575417,0.008605,361.234431,0.496709,8.054911,0.437121,11.315989,1.148574,7.541321,0.437121,8.764905,47.822706,26.069207,17.907883,market,0,54.129,50.809,18.484,44.056
C014_017,14,17,0.5625,1505.0,251610.28369,166.317772,0.447307,2675.555556,738,1312.0,23,40.888889,36,64.0,27,48.0,124,220.444444,10,17.777778,11,19.555556,12,21.333333,495,880.0,121.44636,20.347398,53.812553,502.568301,120.397716,0.450434,0.0,0.0,0.0,0.007889,0.0,0.016628,0.474951,11.606702,20.634137,69,122.666667,8,0.012461,0.036854,2,5.587943,0.498353,Cluster 2 · recreation/culture-rich / transport-POI-rich,22180,48.45787,48.45787,0.605723,False,180.641839,2.258023,False,99.991318,1.249891,False,653.387818,8.167348,False,48.45787,0.605723,False,13,16,75,22,36,207,29,43,161,1,1,21,9,15,42,2948418313,0.0,,0.332384,6.793412,0.155141,8.056477,1.622837,5.032758,0.0,,88.024883,24.679238,22.906017,park,0,77.605,66.89,32.737,62.638
C014_018,14,18,0.5625,541.0,71615.28246,81.740793,0.127316,961.777778,99,176.0,3,5.333333,10,17.777778,14,24.888889,10,17.777778,2,3.555556,1,1.777778,0,0.0,59,104.888889,330.984774,151.253582,129.66212,640.860138,176.134948,0.006702,0.005103,0.0,0.0,0.43586,0.0,0.735884,1.0,10.295547,18.303195,33,58.666667,8,0.012461,0.036231,3,1.673635,1.84873,Cluster 3 · building-dense / limited recreation POIs,22141,63.527593,594.456767,7.43071,False,138.338277,1.729228,False,138.338277,1.729228,False,869.176189,10.864702,False,683.924052,8.549051,False,5,17,80,11,36,243,10,47,174,0,1,10,2,18,39,98767720,1.111756,6.683759,0.755447,2.289015,1.090558,1.585636,1.77822,6.109875,1.094782,7.808907,53.291861,30.180793,21.722661,park,0,44.339,51.594,18.46,40.408
C014_019,14,19,0.5625,1228.0,106667.00672,66.272212,0.18963,2183.111111,148,263.111111,6,10.666667,13,23.111111,11,19.555556,17,30.222222,2,3.555556,2,3.555556,0,0.0,97,172.444444,407.033258,122.194041,239.988333,571.473636,396.631054,0.214723,0.0,0.150284,0.0,0.046521,0.0,0.065001,0.476529,7.056524,12.544932,34,60.444444,8,0.012461,0.035263,6,1.560914,0.632874,Cluster 6 · high building coverage / retail-rich,22102,200.689618,2080.922941,26.011537,False,653.941376,8.174267,False,2124.661009,26.558263,False,2407.958213,30.099478,False,2124.661009,26.558263,False,0,0,4,1,1,14,0,0,8,0,0,0,0,0,7,9689092356,3.462324,7.512739,2.588404,3.158034,3.423463,7.757719,4.941244,6.091478,2.6833,9.897614,70.24365,76.982893,63.238513,market,0,49.456,63.818,22.924,47.85
C014_020,14,20,0.5625,1251.0,141838.451413,110.151083,0.252157,2224.0,609,1082.666667,11,19.555556,43,76.444444,48,85.333333,95,168.888889,12,21.333333,7,12.444444,5,8.888889,388,689.777778,274.578685,133.301159,149.964063,285.634058,50.286791,0.149415,0.0,0.320426,0.0,0.002019,0.0,0.0,0.47186,10.656,18.944001,62,110.222222,8,0.012461,0.03395,2,4.236207,0.33709,Cluster 2 · recreation/culture-rich / transport-POI-rich,22088,22.292057,431.468362,5.393355,False,169.035687,2.112946,False,241.085136,3.013564,False,517.044068,6.463051,False,49.199018,0.614988,False,6,7,9,46,51,69,37,49,59,4,4,4,14,15,19,4954114352,0.978952,5.509313,0.371299,5.690681,0.538644,5.594728,1.177222,5.490085,0.07327,8.393418,73.094868,27.148134,22.765589,healthcare,0,61.337,72.869,31.664,57.955
C014_021,14,21,0.5625,250.0,45928.037365,60.303135,0.08165,444.444444,19,33.777778,0,0.0,3,5.333333,1,1.777778,0,0.0,1,1.777778,1,1.777778,0,0.0,13,23.111111,549.66757,230.708873,453.964085,464.510845,330.442234,0.005452,0.000255,0.754823,0.001145,0.0,0.0,0.0,0.761675,10.149644,18.043811,37,65.777778,8,0.012461,0.03225,3,-0.925925,0.511002,Cluster 3 · building-dense / limited recreation POIs,24312,94.674054,908.149811,11.351873,False,521.406792,6.517585,False,951.88788,11.898598,False,1235.185084,15.439814,False,377.990978,4.724887,False,0,4,20,1,11,123,0,8,87,0,0,9,1,8,78,13120880908,3.034391,3.741071,0.0,,3.034391,3.921247,4.513311,3.420951,0.094895,49.790505,45.749093,54.879471,37.015905,park,0,45.148,58.005,60.303,53.437
C014_022,14,22,0.5625,271.0,187528.169993,100.171245,0.333383,481.777778,27,48.0,2,3.555556,5,8.888889,1,1.777778,5,8.888889,5,8.888889,2,3.555556,0,0.0,7,12.444444,396.067017,17.669901,416.418955,336.614718,377.59475,0.434949,0.0,0.169953,0.0,0.006924,0.0,0.0,0.611826,13.141018,23.36181,50,88.888889,8,0.012461,0.030225,7,1.400834,0.26401,Cluster 7 · residential land use / road-dense,22061,48.60919,841.063277,10.513291,False,164.944112,2.061801,False,669.602478,8.370031,False,365.635269,4.570441,False,407.604828,5.09506,False,0,10,30,8,27,161,3,13,66,2,2,10,2,7,79,9969739800,1.94598,5.40257,0.0,,1.033934,8.095325,0.904218,5.054579,0.825074,6.175273,66.355625,35.215785,28.106907,market,0,62.379,67.255,27.908,55.468
C014_023,14,23,0.5625,2032.0,214916.307742,76.802506,0.382073,3612.444444,298,529.777778,13,23.111111,36,64.0,16,28.444444,43,76.444444,3,5.333333,8,14.222222,3,5.333333,176,312.888889,112.256044,45.66618,185.552549,649.440778,208.290547,0.026674,0.0,0.0,0.0,0.0,0.0,0.0,0.026674,7.782062,13.834776,53,94.222222,8,0.012461,0.027775,6,3.696189,0.125873,Cluster 6 · high building coverage / retail-rich,34937,42.747367,142.932831,1.78666,False,142.932831,1.78666,False,285.387717,3.567346,False,1006.066199,12.575827,False,379.421887,4.742774,False,6,10,41,29,56,201,15,23,116,0,2,11,3,7,78,1701163014,0.231542,7.716345,0.0,,0.563791,6.327422,2.130812,5.901894,0.765925,6.19222,82.426128,28.985226,25.92893,park,0,74.044,61.843,65.148,67.55
C014_024,14,24,0.5625,2454.0,228812.269186,69.019469,0.406777,4362.666667,109,193.777778,4,7.111111,12,21.333333,7,12.444444,21,37.333333,2,3.555556,6,10.666667,3,5.333333,54,96.0,251.562256,81.869108,119.044549,454.005927,166.933905,0.0,0.0,0.0,0.0,0.0,0.0,0.0,0.0,6.758866,12.015762,40,71.111111,8,0.012461,0.024986,6,2.791127,0.012081,Cluster 6 · high building coverage / retail-rich,42966,33.331939,371.519712,4.643996,False,309.111615,3.863895,False,139.903386,1.748792,False,805.943186,10.07429,False,309.111615,3.863895,False,4,6,47,14,23,223,10,15,135,0,1,10,2,6,72,11328803666,0.706405,6.574125,0.600428,6.435232,0.246305,7.100105,1.444108,6.976134,0.600428,6.435232,71.565578,35.138025,29.143248,park,0,76.477,61.866,60.086,67.265
C014_025,14,25,0.5625,1948.0,223181.185154,86.294537,0.396767,3463.111111,119,211.555556,4,7.111111,12,21.333333,4,7.111111,20,35.555556,1,1.777778,6,10.666667,0,0.0,72,128.0,181.951251,138.076637,147.068029,432.743813,183.872761,0.0,0.0,0.0,0.0,0.0,0.0,0.0,0.0,7.097676,12.618091,41,72.888889,8,0.012461,0.021856,6,2.083937,-0.207611,Cluster 6 · high building coverage / retail-rich,34496,107.398307,720.300314,9.003754,False,295.937394,3.699217,False,295.937394,3.699217,False,844.411987,10.55515,False,880.938962,11.011737,False,1,7,74,14,34,318,7,32,206,0,2,13,0,5,48,13043353312,1.111354,8.101605,0.428281,8.637357,0.428281,8.637357,1.424193,7.411322,1.343811,8.19441,67.26283,36.01283,28.939082,healthcare,0,73.857,59.145,59.432,65.102
C014_026,14,26,0.5625,1886.0,215666.375751,92.697973,0.383407,3352.888889,63,112.0,2,3.555556,8,14.222222,0,0.0,15,26.666667,0,0.0,3,5.333333,1,1.777778,34,60.444444,365.595117,325.015093,131.138543,764.287396,506.819816,0.0,0.0,0.0,0.0,0.002388,0.0,0.0,0.002388,7.329856,13.030855,42,74.666667,8,0.012461,0.018427,3,0.730476,-0.432193,Cluster 3 · building-dense / limited recreation POIs,42946,22.168078,592.316245,7.403953,False,464.895747,5.811197,False,521.440195,6.518002,False,1327.853527,16.598169,False,753.835724,9.422947,False,4,12,70,4,25,269,5,14,184,0,0,12,1,3,47,11054269575,1.341172,5.520511,1.044093,5.565784,1.176024,5.542406,2.673277,6.208921,1.712049,5.503899,65.914982,47.258942,37.594011,park,0,69.253,59.425,44.176,59.544
C014_027,14,27,0.5625,1951.0,175786.490647,65.814045,0.312509,3468.444444,68,120.888889,5,8.888889,10,17.777778,2,3.555556,13,23.111111,1,1.777778,3,5.333333,1,1.777778,33,58.666667,80.694084,136.679197,136.679197,888.65059,220.846016,0.02671,0.0,0.0,0.0,0.001784,0.0,0.0,0.028494,8.923242,15.863541,64,113.777778,8,0.012461,0.014719,6,1.881951,-0.496016,Cluster 6 · high building coverage / retail-rich,33928,29.858485,135.249149,1.690614,False,179.621281,2.245266,False,179.621281,2.245266,False,1218.048734,15.225609,False,261.835692,3.272946,False,3,7,52,12,20,189,7,12,114,0,0,9,1,1,28,4926123911,0.203591,8.303981,0.21046,10.668394,0.320663,7.001947,1.683482,9.044118,0.465549,7.030297,77.501296,38.306765,33.13565,park,0,65.98,63.188,46.602,60.158
C014_028,14,28,0.5625,1737.0,144075.658811,52.502896,0.256135,3088.0,16,28.444444,0,0.0,2,3.555556,2,3.555556,1,1.777778,0,0.0,2,3.555556,0,0.0,9,16.0,812.193937,127.250998,753.402807,1153.002709,481.839217,0.669339,0.0,0.037339,0.0,0.000251,0.0,0.0,0.706929,7.317989,13.009759,56,99.555556,8,0.012461,0.010669,7,-0.71484,-0.872937,Cluster 7 · residential land use / road-dense,42623,70.247738,1296.755507,16.209444,False,238.974434,2.98718,False,1296.755507,16.209444,False,1741.491728,21.768647,False,1068.523716,13.356546,False,0,0,16,1,9,43,0,0,22,0,0,2,0,1,12,1640119259,2.090843,7.752589,0.321102,9.302892,2.436914,6.651626,3.228707,6.742218,1.900216,7.028964,80.196993,65.318818,57.557764,market,0,60.614,68.095,53.056,61.343
C014_029,14,29,0.5625,943.0,249144.230463,100.314279,0.442923,1676.444444,37,65.777778,1,1.777778,8,14.222222,0,0.0,3,5.333333,3,5.333333,4,7.111111,0,0.0,18,32.0,369.910068,183.27023,387.655384,1453.927201,126.458926,0.290789,0.0,0.743161,0.0,0.0,0.0,0.0,1.0,5.944131,10.567344,21,37.333333,8,0.012461,0.006141,7,0.209608,-1.42509,Cluster 7 · residential land use / road-dense,33377,46.1328,775.428914,9.692861,False,399.172382,4.989655,False,486.689129,6.083614,False,1967.443773,24.593047,False,177.849479,2.223118,False,1,2,16,9,17,45,1,3,20,0,0,1,4,6,14,3010333651,0.441483,21.955215,0.669831,7.449123,0.868349,7.005953,3.667419,6.705819,0.250856,8.862123,81.25972,54.111586,48.027189,park,0,70.583,59.11,75.054,67.685
C014_030,14,30,0.2375,745.0,68401.922902,57.851967,0.288008,3136.843944,17,71.578989,0,0.0,3,12.631586,2,8.421058,1,4.210529,0,0.0,2,8.421058,0,0.0,9,37.894759,161.923297,337.954966,515.270649,1805.944409,424.626594,0.019047,0.0,0.527832,0.0,0.0,0.0,0.0,0.546879,1.304364,5.492062,3,12.631586,5,0.007788,0.001125,1,-1.106731,-3.00394,Cluster 1 · market-distant / service-light,33424,122.968695,1243.053268,15.538166,False,522.477742,6.530972,False,914.826907,11.435336,False,2450.73923,30.63424,False,1178.615183,14.73269,False,0,0,12,2,6,34,0,2,11,0,0,0,0,1,12,3523412387,2.040995,7.613035,0.924604,7.063533,1.446895,7.903361,3.477692,8.808785,2.448259,6.01762,75.01296,65.882582,56.005317,park,0,59.806,59.611,76.742,63.972
C015_000,15,0,0.500357,2137.0,229299.943958,82.441863,0.458273,4270.953651,86,171.877405,4,7.994298,12,23.982894,8,15.988596,14,27.980043,1,1.998574,3,5.995723,1,1.998574,43,85.938702,209.141443,161.821777,284.674397,420.681862,383.997378,0.01098,0.0,0.000426,0.02719,0.009075,0.0,0.000447,0.048118,12.378598,24.739551,129,257.816107,5,0.007788,0.000451,6,1.945916,-3.163098,Cluster 6 · high building coverage / retail-rich,4643,23.173883,419.066505,5.238331,False,212.646493,2.658081,False,419.066505,5.238331,False,676.578703,8.457234,False,489.478056,6.118476,False,3,11,70,17,32,208,4,12,118,2,4,12,2,3,25,3304787028,0.788592,6.642638,0.513528,5.176117,0.813115,6.442298,1.536727,5.503405,1.265426,4.835113,87.921203,32.552488,30.193319,market,0,86.353,89.681,29.269,73.247
C015_001,15,1,0.5625,2072.0,270404.203595,105.209737,0.480719,3683.555556,248,440.888889,11,19.555556,32,56.888889,17,30.222222,48,85.333333,1,1.777778,8,14.222222,5,8.888889,126,224.0,152.681248,32.618182,39.25265,54.916601,206.79459,0.019976,0.0,0.0,0.024852,0.072376,0.0,0.000603,0.117807,14.058065,24.992116,156,277.333333,8,0.012461,0.004417,2,4.606405,-1.040932,Cluster 2 · recreation/culture-rich / transport-POI-rich,4709,16.501597,182.85315,2.285664,False,16.501597,0.20627,False,60.415082,0.755189,False,118.761025,1.484513,False,354.110724,4.426384,False,9,37,114,42,74,368,19,50,224,6,7,25,1,10,76,3304811783,0.45076,5.070689,0.0,,0.119612,6.313636,0.236112,6.28732,0.646017,6.85181,88.284085,11.829316,10.997768,market,0,85.124,80.171,4.891,63.332
C015_002,15,2,0.5625,2002.0,227818.151273,81.085097,0.40501,3559.111111,248,440.888889,12,21.333333,21,37.333333,12,21.333333,46,81.777778,11,19.555556,24,42.666667,4,7.111111,118,209.777778,103.529191,103.920665,50.406855,395.493491,233.720816,0.003429,0.000202,0.004037,0.023825,0.005217,0.0,0.0,0.036711,12.966427,23.051426,85,151.111111,8,0.012461,0.008296,2,4.189702,-0.838595,Cluster 2 · recreation/culture-rich / transport-POI-rich,5214,64.811705,267.78968,3.347371,False,184.253988,2.303175,False,64.811705,0.810146,False,538.047239,6.72559,False,267.78968,3.347371,False,14,44,142,27,129,450,22,77,354,3,10,35,3,17,184,373389415,0.373018,8.973749,0.151179,15.234733,0.0,,0.693205,9.702166,0.710243,4.712996,81.20788,15.202177,13.48809,education,0,79.759,84.281,31.345,69.238
C015_003,15,3,0.5625,1398.0,217338.874602,95.046962,0.38638,2485.333333,263,467.555556,3,5.333333,30,53.333333,17,30.222222,48,85.333333,2,3.555556,23,40.888889,4,7.111111,136,241.777778,400.054424,20.386993,93.263743,270.636281,262.215022,0.012871,0.002006,0.012245,0.100204,0.042533,0.0,7.2e-05,0.169931,12.329027,21.91827,83,147.555556,8,0.012461,0.012022,6,3.838514,-0.55052,Cluster 6 · high building coverage / retail-rich,5195,27.634636,511.24848,6.390606,False,27.634636,0.345433,False,148.189718,1.852371,False,556.397406,6.954968,False,478.635779,5.982947,False,5,18,178,42,92,555,37,58,543,4,5,48,7,20,236,4369917347,1.118246,5.714847,0.0,,0.279342,6.6312,1.169918,5.944832,1.38566,4.317759,76.205288,20.441291,17.522923,healthcare,0,71.781,77.364,13.678,59.209
C015_004,15,4,0.5625,985.0,174681.709987,93.955106,0.310545,1751.111111,527,936.888889,12,21.333333,29,51.555556,23,40.888889,57,101.333333,15,26.666667,26,46.222222,8,14.222222,357,634.666667,245.616174,88.937936,152.065411,648.169911,156.809223,0.064139,0.105031,0.033616,0.00172,0.021873,0.0,0.0,0.226379,12.634999,22.462221,90,160.0,8,0.012461,0.015566,2,4.253191,-0.056724,Cluster 2 · recreation/culture-rich / transport-POI-rich,5100,41.98487,385.974821,4.824685,False,160.607413,2.007593,False,181.879384,2.273492,False,1039.475144,12.993439,False,317.260834,3.96576,False,10,27,212,37,95,543,46,80,584,0,1,39,13,37,252,387817054,0.667822,7.224504,0.225915,8.886493,0.520572,4.367295,1.734001,7.493331,0.468339,8.467712,71.124935,26.905132,22.243808,park,0,64.689,74.883,30.016,59.589
C015_005,15,5,0.5625,547.0,143752.854228,144.5164,0.255561,972.444444,319,567.111111,12,21.333333,27,48.0,14,24.888889,40,71.111111,30,53.333333,8,14.222222,4,7.111111,184,327.111111,239.897582,144.811168,101.245936,158.474553,100.027859,0.204001,0.04775,0.020773,0.058821,0.018101,0.0,0.0,0.349445,12.800342,22.756163,121,215.111111,8,0.012461,0.018606,2,4.2612,0.379895,Cluster 2 · recreation/culture-rich / transport-POI-rich,5120,21.792332,360.142128,4.501777,False,146.585983,1.832325,False,234.090724,2.926134,False,598.311116,7.478889,False,138.421195,1.730265,False,7,42,237,34,102,636,31,82,625,2,3,42,18,60,214,10112897019,0.786197,5.726013,0.18512,9.898023,0.0,,0.894791,8.358251,0.146937,11.775561,65.57802,21.053655,16.705404,park,0,58.88,69.16,16.337,51.842
C015_006,15,6,0.5625,563.0,117305.438462,136.016867,0.208543,1000.888889,107,190.222222,8,14.222222,16,28.444444,5,8.888889,10,17.777778,0,0.0,11,19.555556,1,1.777778,56,99.555556,149.927026,202.198877,236.766803,522.701526,611.58019,0.018695,0.0,0.0,0.048491,0.037879,0.0,0.000493,0.105558,11.50718,20.457209,87,154.666667,8,0.012461,0.021669,6,1.722855,0.173345,Cluster 6 · high building coverage / retail-rich,28429,15.986929,200.801971,2.510025,False,345.441832,4.318023,False,455.22888,5.690361,False,866.200885,10.827511,False,713.997639,8.92497,False,13,25,235,18,76,643,9,46,602,0,8,35,2,13,175,2313085859,0.427629,5.869625,0.737969,5.851227,1.159346,4.908249,2.080116,5.205243,1.237125,7.214285,58.579575,27.420295,20.605734,market,0,52.628,56.019,23.173,46.451
C015_007,15,7,0.5625,1586.0,204676.25179,107.308114,0.363869,2819.555556,427,759.111111,20,35.555556,47,83.555556,38,67.555556,98,174.222222,2,3.555556,13,23.111111,9,16.0,200,355.555556,144.043408,199.756487,104.477862,369.409445,490.668578,0.000401,0.0,0.0,0.0,0.006076,0.0,0.0,0.006477,18.873766,33.553361,149,264.888889,8,0.012461,0.024274,6,4.239167,-0.186893,Cluster 6 · high building coverage / retail-rich,28101,64.616243,309.092132,3.863652,False,246.07153,3.075894,False,222.018482,2.775231,False,484.775022,6.059688,False,742.230604,9.277883,False,6,42,213,27,92,598,22,75,541,2,8,38,1,12,137,4889277195,0.545371,7.084443,0.364353,8.442081,0.426337,6.509483,0.747057,8.111408,1.236979,7.500437,73.716952,20.003888,16.849309,education,0,78.429,80.109,29.813,66.863
C015_008,15,8,0.5625,1474.0,207953.834221,119.130272,0.369696,2620.444444,595,1057.777778,23,40.888889,34,60.444444,121,215.111111,155,275.555556,3,5.333333,14,24.888889,6,10.666667,239,424.888889,111.13832,35.054449,56.869332,137.142724,194.295761,0.0,0.0267,0.0,0.119765,0.022061,0.0,0.0,0.168527,15.000488,26.667535,152,270.222222,8,0.012461,0.026668,2,5.58036,0.280929,Cluster 2 · recreation/culture-rich / transport-POI-rich,28045,57.804795,205.296556,2.566207,False,57.804795,0.72256,False,106.38934,1.329867,False,276.568309,3.457104,False,390.910484,4.886381,False,23,43,165,39,100,475,53,88,353,5,8,36,3,10,66,387391317,0.342104,7.501253,0.0,,0.116791,11.386771,0.498028,6.941582,0.662504,7.375627,61.715915,11.877916,9.149505,healthcare,0,75.288,75.762,13.919,60.112
C015_009,15,9,0.5625,2000.0,215688.852639,90.453302,0.383447,3555.555556,294,522.666667,11,19.555556,33,58.666667,12,21.333333,69,122.666667,2,3.555556,10,17.777778,5,8.888889,152,270.222222,176.268526,99.831659,143.339288,223.308397,69.620288,0.0,0.0,0.0,0.0,0.007685,0.0,0.0,0.007685,9.506225,16.899956,69,122.666667,8,0.012461,0.028764,6,4.074266,0.241542,Cluster 6 · high building coverage / retail-rich,41535,45.789255,333.109814,4.163873,False,333.109814,4.163873,False,278.581602,3.48227,False,636.373893,7.954674,False,152.634948,1.907937,False,9,31,138,32,72,399,31,65,316,3,4,27,4,12,53,11330731954,0.666324,6.249022,0.666324,6.249022,0.539613,6.453275,1.369274,5.80941,0.247545,7.707438,67.055469,25.806765,20.705615,education,0,71.563,64.907,23.686,57.264
C015_010,15,10,0.5625,1329.0,205645.108758,126.231598,0.365591,2362.666667,541,961.777778,26,46.222222,47,83.555556,56,99.555556,90,160.0,6,10.666667,14,24.888889,7,12.444444,295,524.444444,143.878305,110.249644,110.249644,290.785525,104.033639,0.088278,0.0,0.0,0.019867,0.001888,0.0,0.0,0.110033,13.786479,24.509296,104,184.888889,8,0.012461,0.030708,2,4.962788,0.342655,Cluster 2 · recreation/culture-rich / transport-POI-rich,27187,61.533483,293.68515,3.671064,False,117.067037,1.463338,False,139.32793,1.741599,False,500.918863,6.261486,False,117.067037,1.463338,False,12,32,128,51,128,399,43,94,314,3,9,27,9,19,54,11503370573,0.559817,6.557613,0.151057,9.68731,0.202534,8.599034,1.040461,6.017994,0.151057,9.68731,78.045619,15.532659,13.4866,healthcare,0,74.953,72.368,32.03,63.318
C015_011,15,11,0.5625,1521.0,166298.656545,82.506921,0.295642,2704.0,317,563.555556,11,19.555556,32,56.888889,27,48.0,52,92.444444,1,1.777778,10,17.777778,3,5.333333,181,321.777778,88.075323,40.90917,231.482289,179.675867,509.09812,0.015944,0.001374,0.000155,0.041028,0.004,0.0,0.0,0.0625,10.917696,19.409237,69,122.666667,8,0.012461,0.032287,6,3.815102,0.490636,Cluster 6 · high building coverage / retail-rich,41313,9.566482,468.857579,5.86072,False,41.895112,0.523689,False,277.50405,3.468801,False,280.221048,3.502763,False,1070.452623,13.380658,False,2,6,142,18,48,465,8,41,392,3,11,44,0,4,106,4689583946,1.066571,5.494919,0.075104,6.972834,0.849046,4.08553,0.917224,3.818874,1.626494,8.226686,72.731985,22.589425,18.893612,healthcare,0,65.365,72.605,25.389,57.905
C015_012,15,12,0.5625,1561.0,198114.133197,103.327911,0.352203,2775.111111,689,1224.888889,22,39.111111,58,103.111111,53,94.222222,123,218.666667,14,24.888889,5,8.888889,8,14.222222,406,721.777778,221.398059,154.779556,86.44465,258.426946,123.480353,0.0,0.0,0.0,0.001652,0.000992,0.0,0.0,0.002644,14.057104,24.990407,126,224.0,8,0.012461,0.033548,2,4.94118,0.478374,Cluster 2 · recreation/culture-rich / transport-POI-rich,26868,41.625007,506.129164,6.326615,False,239.957476,2.999468,False,213.976159,2.674702,False,416.278325,5.203479,False,306.763346,3.834542,False,13,45,145,58,135,468,46,104,386,3,9,42,13,26,100,4689583963,0.793548,7.972569,0.459134,6.53288,0.400355,6.680829,0.868538,5.991078,0.576139,6.655585,61.664075,18.341757,14.122868,healthcare,0,76.019,75.148,32.955,64.948
C015_013,15,13,0.5625,1329.0,196241.672777,107.031117,0.348874,2362.666667,543,965.333333,21,37.333333,41,72.888889,35,62.222222,128,227.555556,6,10.666667,8,14.222222,7,12.444444,297,528.0,306.728162,130.16457,152.3087,228.743329,281.481256,0.0,0.000619,0.0,0.000257,0.0,0.0,0.0,0.000876,12.058541,21.437406,87,154.666667,8,0.012461,0.034619,2,4.320961,0.555958,Cluster 2 · recreation/culture-rich / transport-POI-rich,26589,8.364939,450.931338,5.636642,False,175.401382,2.192517,False,318.515273,3.981441,False,234.406582,2.930082,False,455.338324,5.691729,False,15,37,151,54,127,464,45,113,357,2,6,50,16,30,115,1812627377,0.877185,6.425831,0.387968,5.651288,0.719865,5.530814,0.522643,5.606283,0.877185,6.488631,59.30534,18.652799,14.098383,healthcare,0,74.059,66.839,52.411,66.12
C015_014,15,14,0.5625,1058.0,204578.105675,131.434148,0.363694,1880.888889,759,1349.333333,15,26.666667,72,128.0,80,142.222222,136,241.777778,9,16.0,8,14.222222,10,17.777778,429,762.666667,135.233809,51.799949,48.231907,447.466571,121.409598,0.051262,0.000193,0.0,0.020725,0.012155,0.0,0.0,0.084335,13.29905,23.642756,104,184.888889,8,0.012461,0.035283,2,5.349901,0.634018,Cluster 2 · recreation/culture-rich / transport-POI-rich,23152,21.713046,296.881454,3.711018,False,125.697456,1.571218,False,125.697456,1.571218,False,606.275449,7.578443,False,207.636669,2.595458,False,14,41,186,76,139,554,45,113,409,3,12,55,10,33,128,11625257719,0.638427,5.812754,0.190808,8.23456,0.241452,6.50737,1.287526,5.886051,0.511071,5.078469,74.027994,14.444012,12.193173,park,0,71.244,68.484,28.686,59.638
C015_015,15,15,0.5625,773.0,175270.474524,155.817846,0.311592,1374.222222,355,631.111111,10,17.777778,25,44.444444,10,17.777778,55,97.777778,8,14.222222,12,21.333333,6,10.666667,229,407.111111,172.291417,105.120673,118.571345,184.394176,191.595242,0.049056,0.00114,0.001992,0.044915,0.04019,0.0,0.0,0.137293,12.272923,21.81853,98,174.222222,8,0.012461,0.035646,2,4.223566,0.897937,Cluster 2 · recreation/culture-rich / transport-POI-rich,23021,53.684978,189.181332,2.364767,False,53.684978,0.671062,False,178.209913,2.227624,False,281.676534,3.520957,False,648.519738,8.106497,False,7,29,185,42,101,549,27,82,391,3,11,48,7,24,107,61742211,0.314862,7.510497,0.0,,0.289368,7.698234,0.529799,6.645835,1.001269,8.096219,68.170036,13.277605,10.741851,market,0,62.224,70.194,11.509,52.335
C015_016,15,16,0.5625,1058.0,223446.935389,157.169096,0.397239,1880.888889,482,856.888889,16,28.444444,19,33.777778,13,23.111111,54,96.0,10,17.777778,5,8.888889,4,7.111111,361,641.777778,131.948717,143.309962,116.61145,183.695846,107.250082,0.000412,0.0005,0.0,1.4e-05,0.01421,0.0,0.0,0.015136,10.764887,19.137577,68,120.888889,8,0.012461,0.035685,6,4.272546,0.744813,Cluster 6 · high building coverage / retail-rich,23875,62.164668,398.863863,4.985798,False,220.771294,2.759641,False,220.771294,2.759641,False,835.092269,10.438653,False,269.535862,3.369198,False,15,35,144,36,96,434,26,75,324,0,7,38,11,18,72,2995309285,0.849103,5.871839,0.190953,14.451944,0.190953,14.451944,1.187347,8.791577,0.487478,6.911493,71.073095,23.172628,19.150754,park,0,69.005,59.386,18.733,53.07
C015_017,15,17,0.5625,1273.0,254754.868151,107.120861,0.452898,2263.111111,1279,2273.777778,41,72.888889,76,135.111111,161,286.222222,327,581.333333,5,8.888889,11,19.555556,21,37.333333,637,1132.444444,58.632601,58.856129,64.496457,47.839446,167.064617,0.0,0.0,0.0,0.021686,0.022158,0.0,0.0,0.043843,10.374842,18.444163,61,108.444444,8,0.012461,0.035372,2,6.421247,0.797271,Cluster 2 · recreation/culture-rich / transport-POI-rich,23844,8.655378,58.64943,0.733118,False,58.64943,0.733118,False,58.64943,0.733118,False,8.655378,0.108192,False,382.942156,4.786777,False,24,40,121,66,152,378,62,109,245,5,9,31,11,19,57,3397939812,0.0,,0.0,,0.0,,0.0,,0.544425,8.792348,65.189217,6.930404,5.482888,healthcare,0,73.585,60.801,11.858,53.679
C015_018,15,18,0.5625,1962.0,188918.91913,66.386182,0.335856,3488.0,347,616.888889,12,21.333333,29,51.555556,31,55.111111,64,113.777778,6,10.666667,5,8.888889,0,0.0,200,355.555556,134.804257,45.713602,63.260217,112.885662,162.060643,0.0,0.0,0.0,0.0,0.0,0.0,0.0,0.0,14.287637,25.400243,74,131.555556,8,0.012461,0.034809,6,4.26941,0.443239,Cluster 6 · high building coverage / retail-rich,24101,46.058971,204.781343,2.559767,False,46.058971,0.575737,False,92.18497,1.152312,False,186.916934,2.336462,False,327.006767,4.087585,False,7,27,101,26,103,337,16,65,239,2,9,19,1,8,52,6556657025,0.368751,6.941718,0.0,,0.107186,10.750622,0.326145,7.163884,0.592282,6.901411,63.867289,12.315319,9.645404,healthcare,0,80.062,79.125,48.546,71.855
C015_019,15,19,0.5625,1180.0,125557.90883,91.283556,0.223214,2097.777778,260,462.222222,3,5.333333,13,23.111111,22,39.111111,67,119.111111,3,5.333333,2,3.555556,3,5.333333,147,261.333333,350.073701,205.866663,168.123926,357.522769,285.958039,0.0,0.0,0.0,0.0,0.0,0.0,0.0,0.0,16.456623,29.256218,67,119.111111,8,0.012461,0.033889,6,2.710158,0.602767,Cluster 6 · high building coverage / retail-rich,24122,66.666902,560.799278,7.009991,False,411.631564,5.145395,False,491.858518,6.148231,False,691.34436,8.641805,False,343.273344,4.290917,False,3,8,85,14,44,312,6,29,222,1,2,16,2,7,59,13696981676,0.987493,7.098778,0.744685,6.909496,0.987493,6.226104,2.772571,3.116892,0.391224,10.967941,52.073613,36.761275,26.190265,education,0,70.653,74.984,57.092,68.779
C015_020,15,20,0.5625,1500.0,183702.637571,91.714426,0.326582,2666.666667,326,579.555556,10,17.777778,34,60.444444,18,32.0,69,122.666667,9,16.0,11,19.555556,4,7.111111,171,304.0,156.33422,101.55,73.292388,392.335768,150.634283,0.0,0.0,0.0,0.0,0.005944,0.0,0.0,0.005944,12.357789,21.969403,50,88.888889,8,0.012461,0.032608,6,4.196221,0.531224,Cluster 6 · high building coverage / retail-rich,24391,56.684698,377.213271,4.715166,False,70.462372,0.88078,False,70.462372,0.88078,False,855.729026,10.696613,False,392.060004,4.90075,False,6,9,35,28,36,131,15,22,100,0,1,8,6,6,28,11350152283,0.680281,6.931198,0.031843,27.66001,0.031843,27.66001,1.932224,5.535908,0.680281,7.204003,59.3831,28.518663,21.568625,park,0,69.269,69.16,30.622,59.569
C015_021,15,21,0.5625,804.0,83192.3744,76.624731,0.147898,1429.333333,42,74.666667,1,1.777778,4,7.111111,1,1.777778,8,14.222222,0,0.0,2,3.555556,1,1.777778,25,44.444444,584.343154,357.798805,432.213711,642.237546,607.863701,0.00082,0.003021,0.0,0.025859,0.0,0.0,0.0,0.029699,8.662551,15.400091,36,64.0,8,0.012461,0.03102,3,-0.056633,0.680506,Cluster 3 · building-dense / limited recreation POIs,24382,103.33088,763.922415,9.54903,False,577.146652,7.214333,False,570.63168,7.132896,False,862.950707,10.786884,False,883.736664,11.046708,False,1,2,19,5,7,92,3,6,52,0,1,5,0,2,22,3803652998,1.531944,6.233276,0.991925,7.27306,1.084256,6.578607,1.790682,6.023897,1.856648,5.949814,56.713323,48.784992,36.114551,education,0,53.157,52.162,64.767,55.711
C015_022,15,22,0.5625,1206.0,118425.213755,67.746788,0.210534,2144.0,111,197.333333,10,17.777778,21,37.333333,18,32.0,14,24.888889,1,1.777778,3,5.333333,0,0.0,44,78.222222,112.35499,136.503381,53.192363,392.8761,395.044008,0.136118,0.0,0.0,0.0,0.006235,0.0,0.0,0.142353,5.395002,9.591115,20,35.555556,8,0.012461,0.029101,6,2.157505,0.62342,Cluster 6 · high building coverage / retail-rich,24358,99.011119,99.011119,1.237639,False,263.025253,3.287816,False,99.011119,1.237639,False,494.882123,6.186027,False,783.989247,9.799866,False,1,7,18,6,25,105,3,8,42,2,2,4,1,4,60,7127925676,0.0,,0.421648,7.797545,0.0,,0.873025,7.085738,1.447643,6.769532,70.34733,28.450622,23.388801,education,0,51.042,48.981,30.373,45.153
C015_023,15,23,0.5625,1493.0,158661.422262,81.463911,0.282065,2654.222222,79,140.444444,1,1.777778,15,26.666667,5,8.888889,15,26.666667,0,0.0,2,3.555556,0,0.0,41,72.888889,390.694377,212.315712,229.023025,691.137165,503.337134,0.0,0.0,0.0,0.0,0.0,0.0,0.0,0.0,5.868621,10.433104,34,60.444444,8,0.012461,0.026873,3,0.671418,0.173997,Cluster 3 · building-dense / limited recreation POIs,43047,42.376545,766.009622,9.57512,False,438.705831,5.483823,False,438.705831,5.483823,False,1482.234227,18.527928,False,1061.142785,13.264285,False,2,5,24,17,29,117,4,10,52,0,0,5,0,2,67,4959416900,1.80234,5.312604,1.011968,5.418971,1.011968,5.418971,3.378049,5.484802,2.469419,5.371418,57.361327,49.679238,36.969697,park,0,61.579,52.395,65.801,59.42
C015_024,15,24,0.5625,1661.0,189311.674353,84.721847,0.336554,2952.888889,56,99.555556,5,8.888889,6,10.666667,2,3.555556,14,24.888889,0,0.0,2,3.555556,1,1.777778,26,46.222222,166.354848,290.1022,70.921465,1163.908983,446.458379,0.0,0.0,0.0,0.0,0.008939,0.0,0.0,0.008939,8.589872,15.270883,55,97.777778,8,0.012461,0.024221,3,1.267422,-0.098535,Cluster 3 · building-dense / limited recreation POIs,35117,16.026277,146.039267,1.825491,False,330.918317,4.136479,False,60.62314,0.757789,False,1187.286518,14.841081,False,548.631009,6.857888,False,5,7,40,19,38,186,13,19,96,0,1,9,2,5,24,10027894542,0.220798,8.267691,0.534757,7.735256,0.075732,10.006259,1.98879,7.462366,0.932988,7.350456,61.715915,32.299767,24.880365,park,0,64.977,60.086,42.706,57.697
C015_025,15,25,0.5625,1776.0,201866.415639,84.747474,0.358874,3157.333333,70,124.444444,2,3.555556,7,12.444444,7,12.444444,15,26.666667,5,8.888889,4,7.111111,1,1.777778,29,51.555556,325.677698,174.618526,338.200061,1173.624937,161.791659,0.0,0.0,0.0,0.0,0.00335,0.0,0.0,0.00335,8.013661,14.246509,57,101.333333,8,0.012461,0.021247,6,1.765722,-0.169404,Cluster 6 · high building coverage / retail-rich,33769,88.51203,308.826787,3.860335,False,308.826787,3.860335,False,422.117116,5.276464,False,1580.495354,19.756192,False,422.117116,5.276464,False,2,4,30,9,25,138,8,17,83,0,0,3,4,6,21,4914074363,0.511707,7.544037,0.511707,7.544037,0.654571,8.060945,2.239723,8.820821,0.654571,8.060945,63.737688,45.169129,35.341507,park,0,67.309,60.031,48.072,59.952
C015_026,15,26,0.5625,1671.0,174020.403173,77.150316,0.30937,2970.666667,116,206.222222,3,5.333333,15,26.666667,7,12.444444,26,46.222222,0,0.0,11,19.555556,1,1.777778,53,94.222222,382.935499,121.929151,64.143378,1332.01483,418.847785,0.0,0.0,0.0,0.0,0.0,0.0,0.0,0.0,6.545372,11.636216,34,60.444444,8,0.012461,0.017969,6,1.666029,-0.331531,Cluster 6 · high building coverage / retail-rich,33743,76.307333,535.628196,6.695352,False,307.353958,3.841924,False,419.407094,5.242589,False,1834.374409,22.92968,False,427.550387,5.34438,False,2,4,32,16,25,108,10,18,74,0,0,1,3,5,15,4916326640,0.863775,7.751265,0.534561,7.187059,0.791637,6.622466,2.686858,8.534013,0.815977,6.549668,60.057024,47.336703,35.99209,park,0,64.712,55.591,73.857,63.806
C015_027,15,27,0.5625,1471.0,163762.73307,87.158698,0.291134,2615.111111,49,87.111111,4,7.111111,3,5.333333,2,3.555556,12,21.333333,2,3.555556,2,3.555556,2,3.555556,22,39.111111,124.790186,109.271102,102.183193,1638.591167,391.046835,0.013362,0.0,0.0,0.0,0.0,0.0,0.0,0.013362,5.583899,9.926931,34,60.444444,8,0.012461,0.014388,3,1.287264,-0.280496,Cluster 3 · building-dense / limited recreation POIs,42825,35.242137,488.002688,6.100034,False,352.884694,4.411059,False,352.884694,4.411059,False,2024.333371,25.304167,False,540.48908,6.756113,False,2,4,27,6,14,64,3,8,38,0,0,3,2,4,12,13902992574,0.906083,6.732311,0.735053,6.001009,0.735053,6.001009,3.222881,7.851412,1.181769,5.716948,71.79886,49.582037,41.192417,park,0,61.835,51.353,76.034,61.716
C015_028,15,28,0.5625,770.0,119187.970982,68.667534,0.21189,1368.888889,6,10.666667,1,1.777778,1,1.777778,0,0.0,0,0.0,1,1.777778,0,0.0,0,0.0,3,5.333333,289.765065,307.427137,493.268326,1795.743965,434.351207,0.29339,0.0,0.035146,0.0,0.0,0.0,0.0,0.328536,4.570958,8.126148,15,26.666667,8,0.012461,0.010476,5,-1.623459,-0.278252,Cluster 5 · limited retail / low building coverage,42695,102.734471,1985.172961,24.814662,False,431.874189,5.398427,False,995.479005,12.443488,False,3177.18782,39.714848,False,582.664275,7.283303,False,0,0,2,1,5,20,0,2,5,0,0,0,1,3,9,4916335646,3.090489,8.029364,0.687272,7.854857,1.978148,6.290475,5.967646,6.655028,0.972875,7.486369,67.703473,68.526439,55.247443,park,0,51.594,51.905,76.633,57.963
C015_029,15,29,0.5625,2008.0,203236.116805,58.510247,0.361309,3569.777778,23,40.888889,0,0.0,5,8.888889,0,0.0,6,10.666667,2,3.555556,2,3.555556,0,0.0,8,14.222222,817.307606,372.736758,315.770898,2116.490935,293.769028,0.746854,0.0,0.009165,0.0,0.0,0.0,0.0,0.75602,7.669057,13.63388,51,90.666667,8,0.012461,0.00606,7,-0.243388,-1.216185,Cluster 7 · residential land use / road-dense,42678,13.938217,1677.621327,20.970267,False,548.755939,6.859449,False,522.916444,6.536456,False,2869.636186,35.870452,False,494.454774,6.180685,False,0,0,5,3,10,30,3,3,8,0,0,0,3,8,9,13905029527,2.249817,9.320876,1.23745,5.543212,1.115221,5.86113,5.696005,6.297476,1.115221,5.542116,87.817522,64.803655,60.06684,park,0,72.037,70.358,78.212,72.993
C015_030,15,30,0.227167,538.0,55758.288195,73.449574,0.24545,2368.299924,1,4.402044,0,0.0,0,0.0,0,0.0,0,0.0,0,0.0,0,0.0,0,0.0,1,4.402044,745.125974,437.1746,571.960859,2368.236564,638.060363,0.055591,0.0,0.0,0.0,0.0,0.0,0.0,0.055591,1.670535,7.353767,2,8.804089,5,0.007788,0.001112,1,-3.119281,-2.366739,Cluster 1 · market-distant / service-light,33481,27.260769,2149.343151,26.866789,False,760.547043,9.506838,False,1416.684484,17.708556,False,3357.029112,41.962864,False,1416.684484,17.708556,False,0,0,4,1,2,18,0,0,5,0,0,0,0,0,8,4977117124,3.504579,7.666197,1.698111,5.59848,3.221765,5.496539,5.79642,7.239445,3.221765,5.496539,71.539658,77.050933,63.893558,park,0,56.695,47.045,79.191,58.942
C016_000,16,0,0.510517,1529.0,183694.382159,94.167389,0.35982,2995.00386,127,248.767489,11,21.54679,13,25.464389,7,13.711594,14,27.423188,1,1.958799,3,5.876397,1,1.958799,77,150.827533,180.646823,180.646823,253.80416,225.746006,363.164988,0.034775,0.0,0.0,0.112096,0.0,0.0,0.0,0.146871,8.288643,16.235788,56,109.692751,5,0.007788,0.000448,6,1.981998,-2.701813,Cluster 6 · high building coverage / retail-rich,5609,31.63191,211.168903,2.639611,False,211.168903,2.639611,False,312.390535,3.904882,False,451.273908,5.640924,False,567.835073,7.097938,False,8,15,79,20,37,199,6,9,112,1,1,13,3,3,24,3304706768,0.414937,6.361481,0.414937,6.361481,0.502116,7.776857,0.971936,5.803803,1.128248,6.291118,78.900985,30.239114,26.41102,market,0,71.952,61.439,52.302,63.36
C016_001,16,1,0.5625,2020.0,230634.499718,91.892251,0.410017,3591.111111,208,369.777778,12,21.333333,27,48.0,17,30.222222,25,44.444444,0,0.0,10,17.777778,0,0.0,117,208.0,93.922369,93.922369,159.211028,517.094817,431.609418,0.002338,0.0,0.0,0.007943,0.0,0.0,0.000182,0.010463,12.57449,22.354649,82,145.777778,8,0.012461,0.004345,6,2.557332,-1.335336,Cluster 6 · high building coverage / retail-rich,36940,34.356054,135.365769,1.692072,False,153.223025,1.915288,False,203.263205,2.54079,False,801.973073,10.024663,False,496.202102,6.202526,False,22,44,127,44,82,335,28,50,170,0,3,20,4,7,43,11335408020,0.249577,6.779765,0.598439,3.200471,0.303668,8.366989,1.648078,6.082638,1.283398,4.832894,81.493002,21.335537,18.966396,park,0,83.74,74.386,61.773,74.974
C016_002,16,2,0.5625,2044.0,227120.355963,90.167642,0.40377,3633.777778,502,892.444444,38,67.555556,56,99.555556,29,51.555556,103,183.111111,12,21.333333,15,26.666667,7,12.444444,242,430.222222,99.895946,67.974654,225.535576,308.277753,228.330257,0.0,0.0,0.0,0.005534,0.006436,0.0,0.0,0.01197,16.246352,28.882404,109,193.777778,8,0.012461,0.008061,2,4.795953,-0.905555,Cluster 2 · recreation/culture-rich / transport-POI-rich,36936,48.064536,165.072284,2.063404,False,165.072284,2.063404,False,434.604063,5.432551,False,517.261925,6.465774,False,564.059291,7.050741,False,18,39,129,28,75,362,16,51,195,2,4,20,2,15,58,4881300059,0.271295,7.60576,0.271295,7.60576,0.734783,7.393406,0.76281,8.476259,0.810774,8.696311,69.077242,22.385303,18.232011,market,0,83.406,82.76,27.068,69.095
C016_003,16,3,0.5625,1956.0,207681.733289,77.925081,0.369212,3477.333333,202,359.111111,13,23.111111,19,33.777778,11,19.555556,26,46.222222,17,30.222222,11,19.555556,1,1.777778,104,184.888889,85.372199,60.682243,132.001924,125.782197,164.00613,0.0,0.0,0.0,0.0,0.044938,0.0,0.0,0.044938,11.654872,20.719772,74,131.555556,8,0.012461,0.011594,6,4.037201,-0.462061,Cluster 6 · high building coverage / retail-rich,5538,11.334065,137.090412,1.71363,False,70.818544,0.885232,False,225.353962,2.816925,False,162.778346,2.034729,False,362.678712,4.533484,False,13,31,117,25,60,344,11,30,209,3,6,22,10,12,65,4881343191,0.292068,5.867226,0.137913,6.418747,0.461498,6.103873,0.316399,6.43089,0.717138,6.321633,65.5521,17.23367,13.671688,market,0,71.742,70.941,8.546,55.663
C016_004,16,4,0.5625,1815.0,202135.911352,92.643097,0.359353,3226.666667,168,298.666667,7,12.444444,20,35.555556,14,24.888889,25,44.444444,6,10.666667,8,14.222222,2,3.555556,86,152.888889,265.376488,57.576932,228.536395,480.853895,319.273927,0.0,0.05645,0.0,0.012808,0.021045,0.0,0.034791,0.125095,9.832401,17.479825,70,124.444444,8,0.012461,0.014622,6,3.154441,-0.245879,Cluster 6 · high building coverage / retail-rich,5467,65.168549,425.003714,5.312546,False,153.971422,1.924643,False,287.378452,3.592231,False,876.616728,10.957709,False,466.521412,5.831518,False,10,29,104,27,68,320,16,46,222,0,2,24,7,10,100,9767020130,0.765848,6.936814,0.0,,0.442212,8.123328,2.086921,5.250659,0.837737,6.961034,64.04873,27.721617,21.741853,park,0,68.017,64.082,25.964,56.126
C016_005,16,5,0.5625,1533.0,212404.798943,117.625315,0.377609,2725.333333,271,481.777778,24,42.666667,33,58.666667,24,42.666667,46,81.777778,6,10.666667,8,14.222222,3,5.333333,127,225.777778,69.950665,50.068108,104.168242,335.939438,154.543325,0.0,0.077046,0.0,0.102165,0.004737,0.0,0.0,0.183947,8.104177,14.407426,57,101.333333,8,0.012461,0.017759,2,4.435483,0.09704,Cluster 2 · recreation/culture-rich / transport-POI-rich,5481,37.179144,37.179144,0.464739,False,37.179144,0.464739,False,184.607632,2.307595,False,607.360592,7.592007,False,146.24839,1.828105,False,16,20,133,34,62,423,21,39,384,1,4,29,8,13,116,387396981,0.0,,0.0,,0.340751,6.772084,1.623735,4.675644,0.253477,7.212117,62.700881,19.294323,14.976356,park,0,67.302,57.815,29.977,54.65
C016_006,16,6,0.5625,1595.0,203386.320274,106.269427,0.361576,2835.555556,387,688.0,21,37.333333,50,88.888889,30,53.333333,60,106.666667,3,5.333333,10,17.777778,5,8.888889,208,369.777778,119.113763,14.639172,181.149298,65.015827,152.846825,0.006357,0.0,0.002292,0.004157,0.04394,0.0,0.023227,0.079972,10.876215,19.335493,81,144.0,8,0.012461,0.020414,2,4.893609,0.010825,Cluster 2 · recreation/culture-rich / transport-POI-rich,28731,27.06305,177.957332,2.224467,False,27.06305,0.338288,False,219.391202,2.74239,False,284.316778,3.55396,False,284.135524,3.551694,False,13,28,106,51,81,327,30,47,242,7,9,23,3,10,53,3457061636,0.302854,7.34502,0.0,,0.437355,6.270396,0.516717,6.877968,0.563778,6.29981,75.635044,15.250778,13.02127,market,0,67.924,73.484,7.325,54.72
C016_007,16,7,0.5625,2053.0,239892.738079,101.207907,0.426476,3649.777778,329,584.888889,19,33.777778,30,53.333333,39,69.333333,67,119.111111,5,8.888889,12,21.333333,7,12.444444,150,266.666667,79.659157,60.059923,105.558156,158.460161,142.197615,0.008157,0.0,0.0,0.0,0.00161,0.0,0.0,0.009767,13.172501,23.417779,104,184.888889,8,0.012461,0.022848,2,4.954209,-0.144536,Cluster 2 · recreation/culture-rich / transport-POI-rich,41724,34.447829,124.646598,1.558082,False,34.447829,0.430598,False,182.468578,2.280857,False,245.697985,3.071225,False,334.37081,4.179635,False,8,26,126,26,85,351,23,79,277,4,10,23,5,9,43,387128671,0.0,,0.299846,1.436064,0.180176,12.659044,0.262886,11.682746,0.485408,8.610555,83.981337,12.772162,11.544604,market,0,83.017,77.504,27.807,67.285
C016_008,16,8,0.5625,2050.0,230914.721117,96.113334,0.410515,3644.444444,174,309.333333,10,17.777778,33,58.666667,10,17.777778,34,60.444444,2,3.555556,5,8.888889,1,1.777778,79,140.444444,328.22178,76.884292,123.295665,553.861824,199.417671,0.0,0.0,0.0,0.009922,0.0,0.0,0.0,0.009922,9.863594,17.535278,75,133.333333,8,0.012461,0.024994,6,3.073375,-0.18681,Cluster 6 · high building coverage / retail-rich,27542,33.137332,371.847051,4.648088,False,188.969527,2.362119,False,301.18462,3.764808,False,647.063868,8.088298,False,395.785882,4.947324,False,6,27,147,32,83,436,26,85,361,1,7,32,4,8,59,6633035666,0.727956,6.385126,0.441119,5.354836,0.777106,4.844648,1.366124,5.920617,0.921506,5.368736,69.828927,22.696345,18.587707,park,0,79.596,66.785,63.025,70.969
C016_009,16,9,0.5625,1957.0,214571.576924,82.834874,0.381461,3479.111111,266,472.888889,18,32.0,29,51.555556,21,37.333333,60,106.666667,0,0.0,6,10.666667,5,8.888889,127,225.777778,192.111959,58.705418,150.821157,165.49459,473.615754,0.0,0.0,0.0,0.0,0.004403,0.0,0.0,0.004403,8.610339,15.307269,55,97.777778,8,0.012461,0.027157,6,3.480123,0.093226,Cluster 6 · high building coverage / retail-rich,41503,55.862386,225.917363,2.823967,False,55.862386,0.69828,False,194.444694,2.430559,False,283.401272,3.542516,False,608.246965,7.603087,False,7,22,130,32,102,382,21,83,311,1,4,26,3,11,40,6503608871,0.343836,8.213126,0.0,,0.290148,8.376965,0.441446,8.024799,1.011411,7.51731,66.329705,16.514386,13.17812,healthcare,0,70.28,62.457,24.339,56.057
C016_010,16,10,0.5625,1276.0,207126.67555,159.199935,0.368225,2268.444444,798,1418.666667,26,46.222222,89,158.222222,57,101.333333,159,282.666667,7,12.444444,11,19.555556,12,21.333333,437,776.888889,77.890713,43.728195,50.51184,77.890713,77.884835,0.391296,0.0,0.0,0.008634,0.011518,0.0,0.0,0.411448,11.371264,20.215581,46,81.777778,8,0.012461,0.028871,2,5.96083,0.488608,Cluster 2 · recreation/culture-rich / transport-POI-rich,27215,7.397885,7.397885,0.092474,False,7.397885,0.092474,False,7.397885,0.092474,False,7.397885,0.092474,False,7.397885,0.092474,False,11,33,98,51,122,339,33,79,249,3,4,20,3,9,46,2541417352,0.0,,0.0,,0.0,,0.0,,0.0,,81.026439,8.320373,7.373171,park,0,69.176,64.075,17.115,54.375
C016_011,16,11,0.5625,2261.0,225607.997704,87.759949,0.401081,4019.555556,202,359.111111,6,10.666667,17,30.222222,12,21.333333,40,71.111111,5,8.888889,7,12.444444,2,3.555556,113,200.888889,471.899535,91.01012,149.248626,339.169592,280.434075,0.000535,0.0,0.0,0.0,0.009597,0.0,0.0,0.010132,10.83656,19.264995,91,161.777778,8,0.012461,0.030325,6,3.274605,0.11419,Cluster 6 · high building coverage / retail-rich,41412,58.724185,880.354245,11.004428,False,320.470003,4.005875,False,191.567751,2.394597,False,796.927514,9.961594,False,424.350769,5.304385,False,0,10,82,13,40,301,7,26,208,1,2,15,3,4,45,4959420545,1.903358,5.781587,0.826442,4.847136,0.307967,7.775507,1.713349,5.814106,0.846255,6.268068,81.959565,35.069984,31.273918,healthcare,0,76.143,70.521,26.61,61.792
C016_012,16,12,0.5625,2804.0,268214.639367,74.126556,0.476826,4984.888889,146,259.555556,10,17.777778,17,30.222222,7,12.444444,32,56.888889,2,3.555556,8,14.222222,0,0.0,70,124.444444,148.090326,11.391445,138.438871,483.590519,370.478414,0.0,0.0,0.0,0.0,0.000542,0.0,0.0,0.000542,9.847899,17.507376,79,140.444444,8,0.012461,0.031645,6,3.417244,-0.102829,Cluster 6 · high building coverage / retail-rich,26368,78.845106,334.947165,4.18684,False,145.892992,1.823662,False,399.216891,4.990211,False,736.663925,9.208299,False,597.06988,7.463374,False,12,27,78,15,72,299,21,65,254,1,5,23,3,17,67,4345259174,0.595049,7.03613,0.155821,11.703552,0.742994,6.716351,1.522438,6.048391,1.211186,6.162036,75.712805,24.825039,21.207455,market,0,82.457,69.572,41.446,67.694
C016_013,16,13,0.5625,2521.0,268533.148775,77.931301,0.477392,4481.777778,309,549.333333,9,16.0,23,40.888889,11,19.555556,131,232.888889,4,7.111111,3,5.333333,3,5.333333,125,222.222222,347.699504,31.118385,135.630028,97.100067,167.082838,0.0,0.0,0.000171,0.0,0.0,0.0,0.0,0.000171,11.097341,19.728606,88,156.444444,8,0.012461,0.032561,6,4.282287,0.172115,Cluster 6 · high building coverage / retail-rich,41274,29.44433,414.585636,5.18232,False,29.44433,0.368054,False,142.801193,1.785015,False,316.55666,3.956958,False,327.308099,4.091351,False,7,18,75,20,49,275,17,44,201,2,6,13,3,11,54,4345263240,0.893615,5.799275,0.0,,0.263372,6.777536,0.666614,5.935908,0.689908,5.930281,75.298082,19.547045,16.649948,healthcare,0,87.193,80.809,48.002,75.161
C016_014,16,14,0.5625,2680.0,269800.202965,77.64506,0.479645,4764.444444,155,275.555556,5,8.888889,21,37.333333,1,1.777778,32,56.888889,2,3.555556,3,5.333333,1,1.777778,90,160.0,336.339127,137.539203,73.684675,644.837515,239.908867,0.0,0.0,0.0,0.002293,0.0,0.0,0.0,0.002293,15.425048,27.422307,154,273.777778,8,0.012461,0.033199,6,2.855463,-0.137665,Cluster 6 · high building coverage / retail-rich,23271,16.822526,531.832631,6.647908,False,239.215887,2.990199,False,77.93172,0.974146,False,850.838816,10.635485,False,302.563095,3.782039,False,9,25,101,41,94,321,27,81,251,0,4,29,5,20,71,4923592684,1.331971,4.99103,0.514935,5.806944,0.141975,6.8614,1.931726,5.505691,0.75066,5.038281,75.505443,23.950233,20.430331,park,0,93.966,84.642,64.984,83.457
C016_015,16,15,0.5625,2291.0,228655.441716,72.677592,0.406499,4072.888889,283,503.111111,15,26.666667,25,44.444444,13,23.111111,60,106.666667,4,7.111111,7,12.444444,3,5.333333,156,277.333333,100.738705,100.738705,100.738705,100.738705,153.225029,0.000606,0.0,0.0,0.012155,0.00164,0.0,0.0,0.014401,11.242418,19.986521,76,135.111111,8,0.012461,0.033534,6,4.406792,0.419885,Cluster 6 · high building coverage / retail-rich,23468,36.574533,131.99873,1.649984,False,131.99873,1.649984,False,179.455465,2.243193,False,179.455465,2.243193,False,230.332258,2.879153,False,14,22,97,36,72,315,22,43,231,5,5,27,10,16,56,3241705336,0.220756,7.474238,0.220756,7.474238,0.33041,6.789113,0.33041,6.789113,0.449095,6.411008,82.73717,17.651633,15.82333,market,0,79.082,72.792,26.073,63.628
C016_016,16,16,0.5625,1583.0,180548.50991,80.992608,0.320975,2814.222222,204,362.666667,12,21.333333,17,30.222222,39,69.333333,29,51.555556,1,1.777778,6,10.666667,0,0.0,100,177.777778,170.1598,202.699659,247.41431,541.486236,240.552642,0.0,0.0,0.0,0.002063,0.0,0.0,0.0,0.002063,10.94965,19.466044,103,183.111111,8,0.012461,0.033588,6,2.6973,0.293381,Cluster 6 · high building coverage / retail-rich,23540,30.484575,271.970407,3.39963,False,407.067379,5.088342,False,314.298112,3.928726,False,861.040067,10.763001,False,417.674554,5.220932,False,5,10,92,26,60,336,12,46,208,0,5,22,1,5,46,4959322646,0.633616,5.365441,0.815416,6.240182,0.675698,5.814319,1.687524,6.377986,0.971667,5.373168,59.953344,30.559876,23.216951,education,0,71.026,65.218,62.698,66.911
C016_017,16,17,0.5625,788.0,214635.689082,219.759736,0.381575,1400.888889,611,1086.222222,15,26.666667,76,135.111111,47,83.555556,118,209.777778,3,5.333333,3,5.333333,5,8.888889,344,611.555556,99.908315,33.612543,33.612543,353.12678,53.766662,0.0,0.0,0.0,0.125383,0.001152,0.0,0.0,0.126535,13.675041,24.311184,90,160.0,8,0.012461,0.033405,2,5.221902,0.610185,Cluster 2 · recreation/culture-rich / transport-POI-rich,23751,84.010659,303.650956,3.795637,False,295.83886,3.697986,False,163.974283,2.049679,False,530.159744,6.626997,False,92.100484,1.151256,False,16,41,95,96,167,327,53,93,206,5,8,20,2,9,40,3443250381,0.328782,11.544548,0.328782,11.247538,0.328782,6.234161,0.771371,8.591191,0.012177,94.544407,56.065319,18.118196,13.342093,education,0,73.25,66.532,36.509,61.713
C016_018,16,18,0.5625,1098.0,219166.944909,164.813495,0.38963,1952.0,486,864.0,23,40.888889,54,96.0,27,48.0,67,119.111111,6,10.666667,8,14.222222,5,8.888889,296,526.222222,90.97209,90.97209,89.187184,277.935072,196.357086,0.0,0.0,0.0,0.067704,0.007937,0.0,0.0,0.075641,13.440887,23.89491,107,190.222222,8,0.012461,0.032804,2,4.779708,0.480968,Cluster 2 · recreation/culture-rich / transport-POI-rich,24632,27.492647,116.331224,1.45414,False,211.194738,2.639934,False,122.345464,1.529318,False,294.922411,3.68653,False,298.09472,3.726184,False,18,33,83,69,133,307,26,60,201,3,5,15,8,10,33,3735597364,0.142455,10.207723,0.422696,6.245471,0.422696,3.618012,0.459319,8.026073,0.563067,6.617656,59.849663,15.804821,11.997408,education,0,74.502,69.253,25.233,60.348
C016_019,16,19,0.5625,702.0,105382.141582,106.237149,0.187346,1248.0,99,176.0,2,3.555556,6,10.666667,17,30.222222,18,32.0,1,1.777778,2,3.555556,1,1.777778,52,92.444444,265.028163,94.735009,94.735009,486.585988,268.255829,0.0,0.0,0.0,0.130483,0.022845,0.0,0.0,0.153329,13.375533,23.778726,66,117.333333,8,0.012461,0.031943,6,2.133135,0.753441,Cluster 6 · high building coverage / retail-rich,24571,6.771025,696.342404,8.70428,False,60.302306,0.753779,False,60.302306,0.753779,False,612.461564,7.65577,False,869.826334,10.872829,False,4,18,72,16,55,297,6,34,205,1,2,15,0,10,30,9612612523,1.127054,7.72304,0.06514,11.571677,0.06514,11.571677,0.951335,8.047395,1.370577,7.93303,44.919647,24.776439,16.588269,healthcare,0,56.33,64.58,25.179,51.43
C016_020,16,20,0.5625,1687.0,187954.25033,91.781272,0.334141,2999.111111,120,213.333333,7,12.444444,10,17.777778,10,17.777778,20,35.555556,1,1.777778,4,7.111111,0,0.0,68,120.888889,250.97897,204.395573,128.315819,460.973857,363.769543,0.0,0.0,0.0,0.0,0.000114,0.0,0.0,0.000114,6.149238,10.931979,33,58.666667,8,0.012461,0.030785,6,1.876395,0.360867,Cluster 6 · high building coverage / retail-rich,40921,58.620478,517.250421,6.46563,False,344.231568,4.302895,False,406.01241,5.075155,False,1102.608818,13.78261,False,517.250421,6.46563,False,3,11,31,14,31,85,11,34,66,0,1,4,2,6,16,4914144974,1.030555,6.273933,0.70849,6.073329,0.8417,6.029645,2.391069,5.764204,1.030555,6.273933,61.767755,38.384526,29.579366,park,0,63.608,54.914,41.851,55.126
C016_021,16,21,0.5625,691.0,70234.591445,70.470756,0.124861,1228.444444,16,28.444444,0,0.0,4,7.111111,0,0.0,2,3.555556,0,0.0,0,0.0,0,0.0,10,17.777778,808.76378,304.407921,182.629709,686.322524,826.329226,0.0,0.0,0.0,0.0,0.0,0.0,0.0,0.0,5.695107,10.124635,31,55.111111,8,0.012461,0.029316,3,-1.285478,0.675494,Cluster 3 · building-dense / limited recreation POIs,40892,17.651763,1541.637155,19.270464,False,475.801432,5.947518,False,211.061199,2.638265,False,1515.800977,18.947512,False,1640.463748,20.505797,False,0,0,10,4,6,46,2,2,16,0,0,2,0,0,7,3803653036,2.513973,7.665343,2.342893,2.538536,2.435224,1.083377,2.323155,8.155941,3.073315,6.672209,42.22395,59.467341,38.852612,healthcare,0,46.781,43.383,65.692,50.319
C016_022,16,22,0.5625,469.0,45209.273687,68.508423,0.080372,833.777778,9,16.0,0,0.0,1,1.777778,0,0.0,0,0.0,0,0.0,0,0.0,0,0.0,8,14.222222,592.897483,264.826216,587.381635,1120.466742,592.897483,0.0,0.0,0.0,0.0,0.017119,0.0,0.0,0.017119,6.588036,11.712064,19,33.777778,8,0.012461,0.027559,5,-2.024535,0.794983,Cluster 5 · limited retail / low building coverage,24433,5.310524,673.361016,8.417013,False,350.689468,4.383618,False,770.421814,9.630273,False,1244.340067,15.554251,False,673.361016,8.417013,False,4,4,16,12,24,90,1,6,34,0,0,2,1,2,10,4923855704,1.546584,5.442325,0.800159,5.478432,1.772735,5.432437,2.625742,5.923754,1.546584,5.442325,36.677035,50.612364,31.382814,park,0,37.768,42.356,38.414,39.535
C016_023,16,23,0.5625,1628.0,145355.666667,57.74293,0.25841,2894.222222,71,126.222222,3,5.333333,13,23.111111,7,12.444444,16,28.444444,2,3.555556,0,0.0,0,0.0,30,53.333333,359.358519,211.609023,214.007203,1256.489025,96.197074,0.0,0.0,0.0,0.0,0.0,0.0,0.0,0.0,5.992363,10.653089,32,56.888889,8,0.012461,0.025493,3,1.040695,0.224876,Cluster 3 · building-dense / limited recreation POIs,35237,18.874712,529.86414,6.623302,False,330.613954,4.132674,False,281.340124,3.516752,False,1458.971447,18.237143,False,152.943311,1.911791,False,5,7,22,19,26,112,6,9,51,0,0,2,3,3,16,1795949772,1.0099,6.558372,0.584629,7.068879,0.486266,7.232156,2.334312,7.812641,0.209671,9.118052,57.724209,45.25661,33.777056,park,0,61.33,54.051,72.877,61.669
C016_024,16,24,0.5625,2035.0,195342.368172,71.370617,0.347275,3617.777778,67,119.111111,5,8.888889,9,16.0,9,16.0,15,26.666667,1,1.777778,3,5.333333,2,3.555556,23,40.888889,120.758391,282.544098,75.580069,1739.851609,212.647401,0.0,0.0,0.0,0.0,0.002839,0.0,0.0,0.002839,6.640429,11.805207,41,72.888889,8,0.012461,0.023133,6,1.955891,-0.045673,Cluster 6 · high building coverage / retail-rich,35151,48.442909,185.303555,2.316294,False,246.082952,3.076037,False,48.442909,0.605536,False,1984.556763,24.80696,False,246.082952,3.076037,False,3,7,27,10,26,122,6,14,59,0,0,3,2,5,18,10027894562,0.232427,9.965681,0.335618,9.165278,0.0,,3.287475,7.545901,0.335618,9.165278,65.344738,38.880249,30.795818,park,0,66.026,59.207,52.403,60.234
C016_025,16,25,0.5625,1709.0,158093.997055,68.96571,0.281056,3038.222222,39,69.333333,2,3.555556,10,17.777778,1,1.777778,6,10.666667,0,0.0,2,3.555556,1,1.777778,17,30.222222,370.26037,71.061172,87.738571,1588.927733,435.928331,0.0,0.0,0.0,0.0,0.008667,0.0,0.0,0.008667,6.738379,11.979341,31,55.111111,8,0.012461,0.020359,3,0.753097,-0.161285,Cluster 3 · building-dense / limited recreation POIs,42750,52.084392,972.49403,12.156175,False,52.084392,0.651055,False,52.084392,0.651055,False,2497.443804,31.218048,False,589.360828,7.36701,False,0,3,19,7,21,87,4,13,43,0,0,0,1,3,13,13909559014,2.132009,5.701748,0.0,,0.0,,4.089419,7.633859,1.24412,5.921464,59.30534,43.477838,32.861943,park,0,59.246,56.38,46.446,55.043
C016_026,16,26,0.5625,1395.0,135570.326198,67.046081,0.241014,2480.0,20,35.555556,1,1.777778,0,0.0,1,1.777778,4,7.111111,0,0.0,2,3.555556,0,0.0,12,21.333333,661.628387,431.948918,392.866755,1054.458733,612.557442,0.0,0.0,0.0,0.0,0.0,0.0,0.0,0.0,7.279559,12.941437,42,74.666667,8,0.012461,0.017265,3,-0.927536,-0.286726,Cluster 3 · building-dense / limited recreation POIs,33724,21.840216,1050.220897,13.127761,False,504.331998,6.30415,False,521.124734,6.514059,False,1789.233712,22.365421,False,852.818598,10.660232,False,0,2,16,1,22,73,1,14,40,0,0,1,0,6,11,11306542979,2.070672,6.339856,1.120874,5.624315,1.114601,5.844294,3.539107,6.31951,1.845631,5.775929,54.872991,53.596423,39.084545,park,0,60.708,54.759,70.7,61.124
C016_027,16,27,0.5625,1223.0,130018.74679,78.456892,0.231144,2174.222222,20,35.555556,1,1.777778,4,7.111111,0,0.0,4,7.111111,1,1.777778,0,0.0,1,1.777778,9,16.0,303.558682,68.951348,291.967987,907.785822,137.611308,0.0,0.0,0.0,0.0,0.0,0.0,0.0,0.0,4.99279,8.876072,27,48.0,8,0.012461,0.013888,3,0.087555,-0.131694,Cluster 3 · building-dense / limited recreation POIs,42726,8.508835,483.529673,6.044121,False,148.852668,1.860658,False,328.252088,4.103151,False,1116.166661,13.952083,False,138.82292,1.735287,False,1,3,11,4,12,56,1,4,31,0,1,1,3,3,8,4896348646,1.03416,5.844472,0.256372,7.25764,0.599961,6.839028,2.133467,6.53963,0.321377,5.399529,52.980819,41.086703,29.495524,park,0,56.267,48.316,69.121,56.698
C016_028,16,28,0.5625,727.0,61855.319979,54.48591,0.109965,1292.444444,8,14.222222,0,0.0,1,1.777778,0,0.0,2,3.555556,0,0.0,1,1.777778,0,0.0,4,7.111111,460.449935,371.80654,361.198365,1288.901461,802.536787,0.0,0.0,0.0,0.0,0.0,0.0,0.0,0.0,4.075648,7.245597,10,17.777778,8,0.012461,0.010165,5,-2.006865,-0.060384,Cluster 5 · limited retail / low building coverage,42697,91.589706,697.717047,8.721463,False,1032.394052,12.904926,False,1383.785798,17.297322,False,1837.081,22.963512,False,1194.35663,14.929458,False,1,1,3,0,2,18,0,0,8,0,0,1,0,1,3,13907625663,1.406225,6.202038,2.184013,5.908813,2.744289,6.303025,4.061107,5.654495,2.465705,6.054842,42.22395,68.302877,44.625255,market,0,44.137,40.49,73.204,50.127
C016_029,16,29,0.5625,1137.0,184697.058726,53.087031,0.32835,2021.333333,13,23.111111,0,0.0,0,0.0,1,1.777778,1,1.777778,2,3.555556,0,0.0,0,0.0,9,16.0,1066.784403,392.094174,386.823389,1903.538509,264.260799,0.559564,0.0,0.213299,0.0,0.0,0.0,0.0,0.772862,3.93783,7.000587,22,39.111111,8,0.012461,0.00592,7,-1.53138,-1.032308,Cluster 7 · residential land use / road-dense,42704,133.380147,3096.507699,38.706346,False,720.768343,9.009604,False,1137.790688,14.222384,False,4288.522558,53.606532,False,689.712952,8.621412,False,0,0,0,1,2,10,0,1,3,0,0,0,1,2,7,4916335702,3.760857,10.291895,1.18792,7.584354,0.830412,17.126892,7.207045,7.438074,0.213868,40.311794,77.812338,75.476283,65.42843,park,0,59.876,55.785,77.341,62.81
C016_030,16,30,0.216834,699.0,64642.562097,64.047121,0.298119,3223.656952,8,36.8945,1,4.611813,3,13.835438,0,0.0,1,4.611813,0,0.0,0,0.0,0,0.0,3,13.835438,1486.371818,164.750142,568.328609,2372.171137,255.394622,0.69488,0.0,0.0,0.0,0.0,0.0,0.0,0.69488,2.525303,11.646225,15,69.177188,5,0.007788,0.001085,7,-1.13171,-2.98179,Cluster 7 · residential land use / road-dense,33469,59.078103,2695.430418,33.69288,False,268.755437,3.359443,False,736.713407,9.208918,False,3887.445277,48.593066,False,288.635671,3.607946,False,0,0,0,3,3,11,1,1,3,0,0,0,2,2,8,3523412345,4.50077,7.486027,0.513576,6.541275,1.570325,5.864339,7.64755,6.35407,0.533344,6.764764,82.633489,69.012442,61.82141,park,0,65.093,56.75,79.246,65.711
C017_000,17,0,0.520677,1946.0,218798.179763,83.680189,0.420219,3737.441064,98,188.216456,2,3.841152,16,30.729217,5,9.60288,17,32.649793,1,1.920576,5,9.60288,2,3.841152,50,96.028804,170.646338,68.798562,292.691662,58.265813,344.853991,0.0,0.0,0.0,0.0,0.0,0.0,0.0,0.0,10.288885,19.760587,61,117.155141,5,0.007788,0.000409,6,2.405428,-2.824252,Cluster 6 · high building coverage / retail-rich,5730,64.342917,733.869268,9.173366,False,64.342917,0.804286,False,470.019516,5.875244,False,182.344767,2.27931,False,760.39052,9.504882,False,2,11,87,7,36,203,3,17,112,1,1,8,2,2,13,387428830,0.709144,12.935823,0.0,,0.775046,7.580506,0.321396,7.091908,1.659822,5.726445,70.580612,30.987558,25.517748,market,0,82.302,70.886,47.403,69.582
C017_001,17,1,0.5625,1764.0,195503.353208,90.324086,0.347562,3136.0,158,280.888889,10,17.777778,22,39.111111,9,16.0,39,69.333333,2,3.555556,8,14.222222,0,0.0,68,120.888889,58.457319,72.105721,105.41598,547.990204,332.29244,0.0,0.0,0.0,0.00912,0.007763,0.0,0.0,0.016882,13.402969,23.827501,101,179.555556,8,0.012461,0.004142,6,2.905715,-1.167523,Cluster 6 · high building coverage / retail-rich,6366,25.87481,25.87481,0.323435,False,116.864783,1.46081,False,116.864783,1.46081,False,1026.295664,12.828696,False,827.653633,10.34567,False,10,35,99,26,70,250,11,37,136,0,4,13,0,6,30,10225489914,0.0,,0.159767,9.143385,0.159767,9.143385,1.424661,9.004736,1.345743,7.687702,63.011923,20.36353,15.844283,park,0,74.331,75.389,34.199,64.668
C017_002,17,2,0.5625,1731.0,255554.647071,113.435097,0.454319,3077.333333,184,327.111111,3,5.333333,16,28.444444,15,26.666667,36,64.0,1,1.777778,11,19.555556,2,3.555556,100,177.777778,339.422055,225.376952,229.402931,346.805059,124.027338,0.0,0.0,0.0,0.0,0.0,0.0,0.0,0.0,12.621042,22.437408,77,136.888889,8,0.012461,0.007634,6,2.711133,-1.025778,Cluster 6 · high building coverage / retail-rich,6096,54.543498,1015.746962,12.696837,False,365.225567,4.56532,False,580.821192,7.260265,False,779.409722,9.742622,False,579.668683,7.245859,False,0,8,95,9,26,215,3,16,115,1,3,10,1,2,30,11527217137,1.269534,10.00118,0.377315,12.099491,0.856063,8.480991,1.302553,7.479634,1.262976,5.737129,69.025402,40.396579,32.888972,healthcare,0,85.373,71.983,56.602,73.494
C017_003,17,3,0.5625,1109.0,133046.558257,81.546087,0.236527,1971.555556,23,40.888889,0,0.0,3,5.333333,1,1.777778,4,7.111111,1,1.777778,3,5.333333,0,0.0,11,19.555556,642.699202,194.582017,516.034714,755.574795,324.570454,0.0,0.0,0.0,0.0,0.0,0.0,0.0,0.0,3.324233,5.909748,15,26.666667,8,0.012461,0.010401,3,-0.652696,-0.22883,Cluster 3 · building-dense / limited recreation POIs,6133,106.206447,1512.481402,18.906018,False,324.753447,4.059418,False,962.679783,12.033497,False,1686.999514,21.087494,False,1186.840598,14.835507,False,0,0,45,1,3,95,0,1,48,0,0,6,0,1,16,13857706657,2.88685,6.549013,0.592918,6.846509,1.863311,6.458125,3.356495,6.282593,2.699104,5.496456,52.177294,64.774495,46.188345,healthcare,0,53.53,42.543,67.107,53.079
C017_004,17,4,0.5625,1437.0,142928.337181,89.707015,0.254095,2554.666667,40,71.111111,0,0.0,8,14.222222,1,1.777778,9,16.0,0,0.0,1,1.777778,1,1.777778,20,35.555556,514.491071,131.407326,219.807125,131.740236,638.149433,0.0,0.0,0.0,0.000345,0.0,0.0,0.0,0.000345,8.580971,15.255059,63,112.0,8,0.012461,0.013534,3,0.517336,-0.38883,Cluster 3 · building-dense / limited recreation POIs,5993,46.23864,646.950666,8.086883,False,300.804899,3.760061,False,390.164357,4.877054,False,264.729867,3.309123,False,1119.925708,13.999071,False,1,9,46,15,40,165,8,15,96,1,2,7,0,3,29,4881343155,1.321907,6.11759,0.521859,7.205126,0.810797,6.015136,0.593829,5.572518,2.143715,6.530286,55.702436,33.164852,24.350119,healthcare,0,63.033,57.675,49.09,57.672
C017_005,17,5,0.5625,2006.0,190843.742488,80.64712,0.339278,3566.222222,122,216.888889,7,12.444444,24,42.666667,3,5.333333,16,28.444444,1,1.777778,6,10.666667,4,7.111111,61,108.444444,151.252099,168.824891,203.184009,530.796239,455.935195,0.0,0.0,0.0,0.0,0.0,0.0,0.0,0.0,5.166523,9.184929,28,49.777778,8,0.012461,0.01613,6,2.072112,-0.23142,Cluster 6 · high building coverage / retail-rich,37043,97.66285,811.014016,10.137675,False,516.038631,6.450483,False,524.367841,6.554598,False,1420.989178,17.762365,False,524.367841,6.554598,False,0,5,58,3,42,180,4,21,111,0,0,18,1,5,21,9914455977,1.363475,7.435176,0.810071,7.962856,0.97528,6.720733,2.84237,6.24914,0.97528,6.720733,64.618974,48.998834,38.597059,park,0,67.216,55.482,62.372,61.898
C017_006,17,6,0.5625,1935.0,219393.940391,100.154846,0.390034,3440.0,141,250.666667,3,5.333333,15,26.666667,11,19.555556,30,53.333333,1,1.777778,9,16.0,2,3.555556,70,124.444444,469.993794,41.728648,186.95685,770.054791,158.130712,0.0,0.0,0.0,0.003036,0.0,0.0,0.0,0.003036,8.292504,14.742229,54,96.0,8,0.012461,0.018502,6,2.584893,-0.413466,Cluster 6 · high building coverage / retail-rich,28796,143.012635,806.737248,10.084216,False,274.876846,3.435961,False,253.543098,3.169289,False,1127.147171,14.08934,False,213.235407,2.665443,False,0,6,69,12,45,214,4,26,161,0,2,19,1,6,26,387397443,1.345514,7.494694,0.223893,15.346444,0.21289,14.886956,1.790459,7.869121,0.119208,22.35956,66.899948,37.383359,29.959012,healthcare,0,74.806,61.485,67.543,68.328
C017_007,17,7,0.5625,1962.0,241909.362063,113.276776,0.430061,3488.0,143,254.222222,3,5.333333,16,28.444444,10,17.777778,36,64.0,3,5.333333,10,17.777778,0,0.0,65,115.555556,415.998215,149.195223,91.933165,69.250273,160.570946,0.030713,0.0,0.003086,0.007914,0.004521,0.0,0.0,0.046234,9.44088,16.783787,65,115.555556,8,0.012461,0.020637,6,3.051719,-0.260804,Cluster 6 · high building coverage / retail-rich,41802,18.980216,610.207555,7.627594,False,202.614643,2.532683,False,362.225797,4.527822,False,18.980216,0.237253,False,512.769094,6.409614,False,2,16,84,14,58,243,6,53,214,2,5,19,1,6,25,4622917624,1.432709,5.323898,0.424674,5.963822,0.794713,5.697431,0.0,,1.143489,5.605313,84.992224,24.97084,22.722299,healthcare,0,75.435,73.021,21.687,61.153
C017_008,17,8,0.5625,2181.0,235364.557364,101.299791,0.418426,3877.333333,263,467.555556,14,24.888889,25,44.444444,36,64.0,59,104.888889,2,3.555556,7,12.444444,5,8.888889,115,204.444444,214.563502,135.38941,33.709044,336.734421,268.932037,7e-06,0.0,0.0,0.0,0.0,0.0,0.0,7e-06,11.585945,20.597235,95,168.888889,8,0.012461,0.02292,6,4.020938,-0.246543,Cluster 6 · high building coverage / retail-rich,41812,29.487998,275.359858,3.441998,False,275.359858,3.441998,False,136.373813,1.704673,False,478.630616,5.982883,False,432.189905,5.402374,False,10,12,72,20,44,233,27,52,204,1,3,16,2,4,23,6633049761,0.589923,5.834656,0.589923,5.834656,0.269124,6.334154,0.958876,6.239472,0.894621,6.03873,81.700363,25.213841,22.445416,education,0,83.196,72.737,56.166,72.778
C017_009,17,9,0.5625,2050.0,235537.933612,96.249857,0.418734,3644.444444,395,702.222222,12,21.333333,31,55.111111,47,83.555556,103,183.111111,3,5.333333,6,10.666667,3,5.333333,190,337.777778,253.650472,125.698407,221.870499,376.942969,183.800609,0.0,0.0,0.0,0.0,0.0,0.0,0.0,0.0,11.77752,20.937813,75,133.333333,8,0.012461,0.024745,6,3.79067,-0.154852,Cluster 6 · high building coverage / retail-rich,41827,76.400414,761.575041,9.519688,False,438.521153,5.481514,False,791.630614,9.895383,False,968.863252,12.110791,False,1030.342515,12.879281,False,1,9,69,3,29,236,2,33,208,0,2,16,0,4,26,3577346659,1.477394,6.443566,0.840156,6.524402,1.657335,5.970659,1.93779,6.249795,2.211084,5.824873,70.088129,41.562986,34.103626,market,0,83.328,72.873,57.691,73.26
C017_010,17,10,0.5625,1014.0,131980.72781,113.928329,0.234632,1802.666667,158,280.888889,14,24.888889,25,44.444444,8,14.222222,17,30.222222,1,1.777778,1,1.777778,1,1.777778,91,161.777778,116.266485,129.172615,339.343908,435.559921,465.624767,0.842728,0.0,0.0,0.0,0.014992,0.0,0.0,0.857719,12.850909,22.846061,80,142.222222,8,0.012461,0.026384,7,2.366228,0.090436,Cluster 7 · residential land use / road-dense,26166,37.061964,143.743037,1.796788,False,143.743037,1.796788,False,554.794645,6.934933,False,847.746517,10.596831,False,847.746517,10.596831,False,6,18,57,18,49,203,3,32,157,0,2,10,0,3,24,4893196256,0.247706,7.253718,0.247706,7.253718,1.163338,5.961238,1.4289,7.416076,1.831506,5.785858,73.250389,29.140747,24.463725,market,0,61.477,66.058,27.24,54.521
C017_011,17,11,0.5625,718.0,64855.496589,68.530991,0.115299,1276.444444,14,24.888889,0,0.0,0,0.0,1,1.777778,4,7.111111,0,0.0,0,0.0,1,1.777778,8,14.222222,634.62923,451.480679,225.014815,526.001492,700.753144,0.091241,0.0,0.0,0.00591,0.038343,0.0,0.0,0.135495,3.654223,6.496396,16,28.444444,8,0.012461,0.027873,3,-1.318273,0.942554,Cluster 3 · building-dense / limited recreation POIs,26197,115.019067,1074.123291,13.426541,False,1074.123291,13.426541,False,1252.585005,15.657313,False,1701.468239,21.268353,False,1343.152665,16.789408,False,0,2,31,0,2,87,0,0,69,0,0,4,0,0,8,9756724343,2.224065,6.036936,2.224065,6.036936,0.0,,3.163883,6.722232,2.665878,6.29789,60.393987,68.332037,52.09388,market,0,37.776,39.191,23.18,34.622
C017_012,17,12,0.5625,961.0,86327.394891,69.848347,0.153471,1708.444444,19,33.777778,0,0.0,2,3.555556,1,1.777778,6,10.666667,1,1.777778,1,1.777778,0,0.0,8,14.222222,543.402051,227.225945,324.161558,550.634712,366.386578,0.0,0.0,0.0,0.01133,0.0,0.0,0.0,0.01133,3.715777,6.605826,26,46.222222,8,0.012461,0.028999,3,-0.479862,0.757706,Cluster 3 · building-dense / limited recreation POIs,41192,24.095749,636.514003,7.956425,False,427.435797,5.342947,False,598.418581,7.480232,False,1153.436496,14.417956,False,856.856369,10.710705,False,1,2,34,4,10,131,2,9,92,0,1,7,0,3,25,4958135530,1.217312,6.536063,0.765021,6.984058,1.128828,6.626549,2.410463,5.981406,1.727685,6.199455,46.630378,47.628305,32.376877,education,0,47.792,42.208,62.862,49.605
C017_013,17,13,0.5625,1456.0,159662.265484,72.53632,0.283844,2588.444444,85,151.111111,0,0.0,3,5.333333,3,5.333333,49,87.111111,0,0.0,1,1.777778,0,0.0,29,51.555556,764.725952,397.747062,339.594726,314.314563,384.244637,0.0,0.0,0.0,0.0,0.0,0.0,0.0,0.0,4.57282,8.129458,28,49.777778,8,0.012461,0.029877,3,0.119378,0.437631,Cluster 3 · building-dense / limited recreation POIs,41216,22.783995,1175.950056,14.699376,False,711.884699,8.898559,False,1023.395946,12.792449,False,533.15824,6.664478,False,1180.631648,14.757896,False,0,1,36,1,7,132,0,8,118,1,3,9,0,1,27,4910651989,2.672249,5.500751,1.595582,5.577,2.318916,5.516563,1.18383,5.62959,2.723257,5.419207,57.153966,49.115474,36.489055,education,0,59.977,48.896,55.187,54.901
C017_014,17,14,0.5625,1919.0,177371.330038,66.367017,0.315327,3411.555556,45,80.0,0,0.0,5,8.888889,0,0.0,16,28.444444,1,1.777778,0,0.0,0,0.0,23,40.888889,681.68331,186.538163,267.420198,465.353357,385.458601,0.0,0.0,0.0,0.0,0.0,0.0,0.0,0.0,10.693196,19.010126,77,136.888889,8,0.012461,0.030476,3,0.273433,0.109124,Cluster 3 · building-dense / limited recreation POIs,25650,78.52613,1137.598126,14.219977,False,596.501244,7.456266,False,488.560005,6.107,False,488.560005,6.107,False,645.998386,8.07498,False,0,1,40,6,19,154,5,11,123,1,1,11,1,2,30,4923758267,2.814534,5.052338,1.268838,5.876454,1.036577,5.891504,1.036577,5.891504,1.4368,5.620116,62.052877,46.082815,35.590553,healthcare,0,71.547,66.963,60.358,67.145
C017_015,17,15,0.5625,1463.0,147842.017169,67.223798,0.26283,2600.888889,110,195.555556,2,3.555556,8,14.222222,5,8.888889,29,51.555556,1,1.777778,4,7.111111,1,1.777778,60,106.666667,79.496986,43.368001,286.758576,573.81691,15.451172,0.0,0.0,0.0,0.0,0.0,0.0,0.0,0.0,7.934361,14.105531,42,74.666667,8,0.012461,0.030814,6,2.756046,0.56533,Cluster 6 · high building coverage / retail-rich,41098,14.120954,506.939531,6.336744,False,14.120954,0.176512,False,341.629584,4.27037,False,775.294524,9.691182,False,14.120954,0.176512,False,5,10,33,12,31,162,10,17,118,1,3,14,1,3,25,4928048370,0.0,,0.0,,0.858271,4.975549,1.639061,5.912644,0.0,,56.428201,29.772551,21.989089,market,0,63.274,56.719,63.515,61.04
C017_016,17,16,0.5625,1269.0,109258.88506,62.973458,0.194238,2256.0,26,46.222222,0,0.0,6,10.666667,2,3.555556,1,1.777778,0,0.0,2,3.555556,0,0.0,15,26.666667,510.523816,303.696387,505.952331,723.836034,670.489234,0.0,0.0,0.0,0.0,0.0,0.0,0.0,0.0,6.230022,11.075594,32,56.888889,8,0.012461,0.030974,3,-0.595367,0.535433,Cluster 3 · building-dense / limited recreation POIs,41065,86.520958,964.369205,12.054615,False,459.495337,5.743692,False,841.669426,10.520868,False,1250.490054,15.631126,False,1110.073351,13.875917,False,0,2,39,2,14,163,0,8,106,0,0,9,0,1,20,4974601179,2.182095,5.524331,0.864266,6.645746,1.749917,6.01221,2.69768,5.794285,2.489036,5.574815,51.244168,54.412908,38.495229,park,0,54.953,51.229,66.563,56.552
C017_017,17,17,0.5625,466.0,88180.584733,123.698196,0.156765,828.444444,126,224.0,4,7.111111,7,12.444444,16,28.444444,19,33.777778,1,1.777778,0,0.0,4,7.111111,75,133.333333,419.371689,314.255271,188.774788,481.207812,665.988634,0.0,0.0,0.0,0.0,0.003485,0.0,0.0,0.003485,12.538521,22.290703,86,152.888889,8,0.012461,0.030775,3,1.341248,0.717934,Cluster 3 · building-dense / limited recreation POIs,25481,64.418727,510.624145,6.382802,False,358.649567,4.48312,False,213.842269,2.673028,False,787.646679,9.845583,False,827.355825,10.341948,False,6,16,70,24,69,275,14,40,171,1,2,19,0,4,27,9913080410,0.835723,7.637463,0.605077,7.409172,0.224924,11.884115,1.51477,6.49972,1.617557,6.393561,40.6169,31.104199,20.021816,park,0,53.017,57.698,36.33,50.484
C017_018,17,18,0.5625,952.0,168427.905244,159.043033,0.299427,1692.444444,98,174.222222,2,3.555556,9,16.0,14,24.888889,10,17.777778,2,3.555556,0,0.0,1,1.777778,60,106.666667,156.228508,14.383551,321.241815,577.04934,375.467521,0.0,0.0,0.0,0.0,0.0,0.0,0.0,0.0,16.515499,29.360887,111,197.333333,8,0.012461,0.03029,6,2.219261,0.231402,Cluster 6 · high building coverage / retail-rich,24735,52.188318,311.348819,3.89186,False,52.188318,0.652354,False,361.50786,4.518848,False,892.326916,11.154086,False,487.280162,6.091002,False,7,23,56,33,80,229,15,34,133,0,2,13,6,8,15,9612612552,0.518794,7.50175,0.0,,0.476833,9.476799,1.517251,7.351511,0.859181,7.08931,53.369622,26.48717,19.076529,park,0,73.997,72.877,63.787,71.052
C017_019,17,19,0.5625,579.0,93710.718125,140.595436,0.166597,1029.333333,31,55.111111,1,1.777778,3,5.333333,2,3.555556,6,10.666667,0,0.0,1,1.777778,0,0.0,18,32.0,474.206094,228.005587,275.632136,951.892329,605.58353,0.0,0.0,0.0,0.0,0.022347,0.0,0.0,0.022347,15.946662,28.349622,73,129.777778,8,0.012461,0.02945,3,-0.066568,0.390416,Cluster 3 · building-dense / limited recreation POIs,24938,44.245656,603.764264,7.547053,False,297.840601,3.723008,False,297.840601,3.723008,False,1292.865302,16.160816,False,757.170457,9.464631,False,1,6,34,7,26,146,5,12,70,0,0,5,1,4,9,9612612571,0.982839,7.678828,0.299708,12.422121,0.503133,7.399642,1.921949,8.408554,1.075703,8.798555,42.586833,44.984448,29.48825,park,0,57.131,67.348,34.129,54.956
C017_020,17,20,0.5625,426.0,79080.979254,73.77533,0.140588,757.333333,140,248.888889,9,16.0,7,12.444444,15,26.666667,28,49.777778,3,5.333333,4,7.111111,4,7.111111,70,124.444444,232.449829,116.398859,77.980399,899.274438,228.281479,0.14181,0.0,0.0,0.0,0.001591,0.0,0.0,0.143401,5.29935,9.421066,36,64.0,8,0.012461,0.028432,6,2.291516,0.907613,Cluster 6 · high building coverage / retail-rich,24947,24.251333,326.847248,4.085591,False,168.837984,2.110475,False,168.837984,2.110475,False,938.672337,11.733404,False,326.847248,4.085591,False,6,8,21,9,11,68,20,22,49,0,1,3,2,3,11,4914078074,0.379899,10.754399,0.245442,8.598677,0.245442,8.598677,1.552872,7.555937,0.608806,6.710822,57.335407,34.263219,25.492261,park,0,41.353,38.398,47.014,41.734
C017_021,17,21,0.5625,98.0,9831.301929,68.058133,0.017478,174.222222,1,1.777778,0,0.0,0,0.0,0,0.0,0,0.0,0,0.0,0,0.0,0,0.0,1,1.777778,581.105605,581.105605,454.460966,1074.225364,581.105605,0.028897,0.0,0.0,0.0,0.0,0.0,0.0,0.028897,0.419432,0.745656,0,0.0,8,0.012461,0.027138,4,-3.707587,1.993778,Cluster 4 · road-sparse / intersection-sparse,24445,271.505151,2258.713864,28.233923,False,840.796536,10.509957,False,1176.729235,14.709115,False,2232.877687,27.910971,False,1923.586283,24.044829,False,0,0,1,0,2,11,0,1,5,0,0,2,0,0,1,12452998778,4.425556,6.379746,1.31893,7.968547,2.130993,6.902469,4.323743,6.45528,3.825785,6.28494,36.702955,72.987947,45.268419,healthcare,0,19.23,16.687,70.809,31.235
C017_022,17,22,0.5625,486.0,35015.213214,48.444947,0.062249,864.0,2,3.555556,0,0.0,0,0.0,0,0.0,0,0.0,1,1.777778,0,0.0,0,0.0,1,1.777778,1293.056489,775.538811,1071.755644,1619.946218,299.173655,0.0,0.0,0.0,0.0,0.017005,0.0,0.0,0.017005,2.919251,5.18978,7,12.444444,8,0.012461,0.025556,5,-2.91793,1.030462,Cluster 5 · limited retail / low building coverage,35254,129.558474,1386.928473,17.336606,False,1248.356171,15.604452,False,1649.827202,20.62284,False,2052.940044,25.661751,False,669.857248,8.373216,False,0,0,9,0,0,42,0,0,19,0,0,2,1,1,7,9969746195,2.907549,5.962618,1.885787,8.274771,2.545131,8.10286,3.986708,6.436828,1.08995,7.682203,35.536547,78.013219,47.839211,education,0,30.583,33.009,42.862,34.502
C017_023,17,23,0.5625,537.0,44912.371294,57.352666,0.079844,954.666667,10,17.777778,0,0.0,1,1.777778,0,0.0,1,1.777778,0,0.0,0,0.0,0,0.0,8,14.222222,1048.356921,108.511886,936.918668,1950.604717,592.100556,0.0,0.0,0.0,0.0,0.0,0.0,0.0,0.0,2.187113,3.888201,7,12.444444,8,0.012461,0.023699,5,-2.434725,0.774591,Cluster 5 · limited retail / low building coverage,35263,223.467411,1453.894723,18.173684,False,223.467411,2.793343,False,1514.584152,18.932302,False,3225.915324,40.323942,False,1351.350311,16.891879,False,0,0,5,1,3,25,0,0,10,0,0,0,0,0,3,13893794358,2.851182,6.374088,0.0,,3.090202,6.126559,5.702672,7.071062,2.643029,6.391107,37.50648,70.451011,44.034621,park,0,36.485,30.964,77.504,44.807
C017_024,17,24,0.5625,933.0,93433.964497,83.153964,0.166105,1658.666667,13,23.111111,0,0.0,2,3.555556,0,0.0,1,1.777778,0,0.0,0,0.0,0,0.0,10,17.777778,614.382038,6.294656,720.466285,2071.549019,556.777306,0.0,0.0,0.0,0.0,0.0,0.0,0.0,0.0,4.207162,7.479399,15,26.666667,8,0.012461,0.021581,3,-1.217612,0.221831,Cluster 3 · building-dense / limited recreation POIs,43164,62.273306,774.592926,9.682412,False,62.273306,0.778416,False,915.326604,11.441583,False,2851.440458,35.643006,False,717.686561,8.971082,False,1,3,10,3,6,59,0,3,27,0,0,0,1,1,6,4926446612,1.411386,6.860214,0.0,,1.650406,6.932587,4.937881,7.21828,1.314787,6.823219,46.94142,54.276827,36.997719,park,0,49.3,43.421,77.939,54.402
C017_025,17,25,0.5625,866.0,82160.30518,74.990041,0.146063,1539.555556,28,49.777778,2,3.555556,7,12.444444,1,1.777778,2,3.555556,0,0.0,2,3.555556,2,3.555556,12,21.333333,720.052379,228.389707,266.740984,1324.200595,870.641698,0.0,0.0,0.0,0.0,0.0,0.0,0.0,0.0,4.346411,7.726954,15,26.666667,8,0.012461,0.019153,3,-0.52953,0.271274,Cluster 3 · building-dense / limited recreation POIs,33680,148.216498,1288.394177,16.104927,False,384.482943,4.806037,False,883.057692,11.038221,False,2502.026862,31.275336,False,1231.487813,15.393598,False,0,0,9,1,7,61,0,3,29,0,0,0,0,0,10,4926446782,2.228635,7.226365,1.94912,2.465747,0.876056,12.599904,5.858805,5.338177,2.235712,6.885324,45.152929,63.792768,42.799689,park,0,47.683,42.679,73.694,52.434
C017_026,17,26,0.5625,1132.0,117800.891455,74.154193,0.209424,2012.444444,19,33.777778,1,1.777778,1,1.777778,0,0.0,3,5.333333,0,0.0,1,1.777778,0,0.0,13,23.111111,542.303241,429.425349,285.239137,583.694351,963.58245,0.0,0.0,0.0,0.0,0.0,0.0,0.0,0.0,5.729093,10.185054,29,51.555556,8,0.012461,0.016314,3,-1.093349,-0.135067,Cluster 3 · building-dense / limited recreation POIs,35344,39.920315,769.067069,9.613338,False,645.343365,8.066792,False,396.775759,4.959697,False,1406.848087,17.585601,False,1638.868272,20.485853,False,1,1,10,4,10,52,1,2,28,0,0,1,0,0,8,3717918129,1.808569,5.315439,1.190059,6.778479,0.716883,6.918418,2.542398,6.916936,2.945254,6.955548,50.933126,55.822317,39.388158,park,0,55.0,48.709,63.95,55.036
C017_027,17,27,0.5625,1036.0,95936.320249,64.337169,0.170553,1841.777778,28,49.777778,1,1.777778,7,12.444444,1,1.777778,7,12.444444,0,0.0,0,0.0,0,0.0,12,21.333333,399.066514,93.702837,326.894711,229.980378,756.439946,0.0,0.0,0.0,0.0,0.0,0.0,0.0,0.0,5.306603,9.43396,31,55.111111,8,0.012461,0.013191,3,-0.271505,-0.148245,Cluster 3 · building-dense / limited recreation POIs,35364,46.458716,979.21384,12.240173,False,84.512149,1.056402,False,243.428275,3.042853,False,336.905175,4.211315,False,885.288829,11.06611,False,0,2,5,9,12,36,1,3,16,1,1,1,0,1,3,9410190883,1.630511,7.506957,0.088437,11.945241,1.11481,2.729481,1.099159,3.831396,1.134415,9.754905,48.185588,37.869362,26.09629,healthcare,0,51.68,47.045,52.465,50.254
C017_028,17,28,0.5625,607.0,43832.940593,53.83905,0.077925,1079.111111,4,7.111111,0,0.0,2,3.555556,0,0.0,0,0.0,0,0.0,0,0.0,0,0.0,2,3.555556,817.13246,438.657184,424.332522,943.442024,1157.977393,0.0,0.0,0.0,0.0,0.0,0.0,0.0,0.0,3.821192,6.79323,18,32.0,8,0.012461,0.009718,5,-2.583255,-0.031124,Cluster 5 · limited retail / low building coverage,43324,63.762732,2084.808199,26.060102,False,770.801853,9.635023,False,1349.022633,16.862783,False,1152.069674,14.400871,False,1990.883188,24.88604,False,0,0,2,1,6,13,0,0,5,0,1,1,0,0,2,13909427888,3.855492,6.759216,1.598275,6.028389,2.689727,6.269328,3.324141,4.332209,3.359396,7.40789,38.698808,66.669907,42.148238,market,0,40.35,38.134,69.557,46.876
C017_029,17,29,0.5625,483.0,37797.26807,39.566197,0.067195,858.666667,9,16.0,0,0.0,0,0.0,1,1.777778,0,0.0,0,0.0,1,1.777778,0,0.0,7,12.444444,1382.957601,758.602493,477.724197,1688.867885,766.097057,0.039091,0.0,0.0,0.0,0.0,0.0,0.0,0.039091,1.701131,3.024233,4,7.111111,8,0.012461,0.00571,5,-3.111263,0.096447,Cluster 5 · limited retail / low building coverage,35766,149.447631,1732.726681,21.659084,False,1707.359436,21.341993,False,904.760625,11.309508,False,2408.399734,30.104997,False,2229.366264,27.867078,False,0,0,1,0,0,9,0,1,3,0,0,0,0,0,1,4916032859,4.102119,5.279975,4.041759,5.280372,1.286724,8.789384,6.093726,4.940327,5.161599,5.398924,51.892172,75.816485,53.932287,education,0,34.114,28.981,76.143,42.825
C017_030,17,30,0.206502,262.0,42981.977762,62.292594,0.208143,1268.754077,2,9.685146,0,0.0,0,0.0,0,0.0,0,0.0,0,0.0,0,0.0,0,0.0,2,9.685146,1843.642755,668.628737,853.672925,2196.761363,760.822629,0.300029,0.0,0.0,0.0,0.0,0.0,0.0,0.300029,1.085735,5.25775,4,19.370291,5,0.007788,0.00104,1,-3.457892,-2.288026,Cluster 1 · market-distant / service-light,35768,71.263444,3213.526883,40.169086,False,820.53798,10.256725,False,1254.809872,15.685123,False,4405.541742,55.069272,False,806.732136,10.084152,False,0,0,0,0,1,8,0,0,3,0,0,0,0,2,4,4914376748,5.668387,7.086511,1.764963,5.811297,2.737942,5.7288,9.114575,6.041892,1.700961,5.928502,66.562986,79.76283,63.760645,park,0,47.815,36.664,78.756,51.647
C018_000,18,0,0.530837,2004.0,247092.167221,107.9622,0.465476,3775.167721,130,244.89611,10,18.838162,17,32.024876,26,48.979222,20,37.676325,1,1.883816,3,5.651449,3,5.651449,50,94.190811,238.27134,64.398506,101.399396,642.755352,216.812942,0.0,0.0,0.0,0.00152,0.000191,0.0,0.0,0.001712,14.492566,27.301331,165,310.829678,5,0.007788,0.000304,6,2.893411,-3.205317,Cluster 6 · high building coverage / retail-rich,6558,21.37035,344.838103,4.310476,False,144.870272,1.810878,False,174.603246,2.182541,False,657.869523,8.223369,False,336.812351,4.210154,False,18,27,67,48,75,162,28,43,86,1,3,8,2,3,13,4882964617,0.906829,4.75335,0.325448,5.564265,0.360279,6.057911,1.63052,5.043402,0.856949,4.91296,73.068948,23.590591,19.778674,park,0,89.16,82.488,46.174,76.078
C018_001,18,1,0.5625,2002.0,249671.921943,100.597682,0.443861,3559.111111,404,718.222222,27,48.0,69,122.666667,71,126.222222,61,108.444444,2,3.555556,9,16.0,5,8.888889,160,284.444444,52.875038,34.305483,124.875768,576.223489,295.310285,0.0,0.0,0.0,0.01893,0.0,0.0,0.000342,0.019272,13.554245,24.096436,88,156.444444,8,0.012461,0.003814,2,4.479003,-1.218984,Cluster 2 · recreation/culture-rich / transport-POI-rich,37165,28.400393,268.759092,3.359489,False,28.400393,0.355005,False,418.578389,5.23223,False,926.309981,11.578875,False,497.893379,6.223667,False,8,21,75,17,51,184,4,22,104,0,2,6,2,3,18,11345811028,0.557179,6.029465,0.0,,0.915972,5.712215,1.922593,6.022531,1.150718,5.40851,70.554692,27.984059,23.040064,park,0,87.652,77.656,63.733,78.174
C018_002,18,2,0.5625,1345.0,196260.937712,99.002393,0.348908,2391.111111,60,106.666667,1,1.777778,11,19.555556,6,10.666667,2,3.555556,0,0.0,4,7.111111,1,1.777778,35,62.222222,505.88683,30.78868,407.402545,574.610122,445.198135,0.0,0.0,0.0,0.0,0.094909,0.0,0.0,0.094909,8.802059,15.648104,51,90.666667,8,0.012461,0.006129,3,1.019817,-0.761012,Cluster 3 · building-dense / limited recreation POIs,6607,38.807547,861.330686,10.766634,False,47.806928,0.597587,False,803.700676,10.046258,False,679.95888,8.499486,False,647.58315,8.094789,False,0,11,80,12,34,188,0,13,102,1,1,7,1,5,22,12878332572,1.740614,6.185537,0.020812,28.713055,1.505987,6.67088,1.481977,5.735236,1.397578,5.792012,59.590461,36.945956,27.988142,market,0,62.379,57.916,19.448,50.084
C018_003,18,3,0.5625,504.0,53922.318333,65.978057,0.095862,896.0,4,7.111111,0,0.0,1,1.777778,0,0.0,0,0.0,1,1.777778,0,0.0,1,1.777778,1,1.777778,979.183122,280.933488,674.035851,1129.22862,356.396521,0.0,0.0,0.0,0.0,0.0,0.0,0.147766,0.147766,6.965296,12.382748,39,69.333333,8,0.012461,0.009294,5,-1.849362,-0.113054,Cluster 5 · limited retail / low building coverage,37174,28.176351,1442.127631,18.026595,False,688.774889,8.609686,False,1398.357099,17.479464,False,1516.981755,18.962272,False,571.833472,7.147918,False,0,0,29,2,3,69,0,0,29,0,0,3,1,1,8,13602946424,3.07662,5.85922,1.791978,4.804571,3.194334,5.472022,4.325014,4.384326,1.445459,4.945084,38.076724,70.820373,44.507796,market,0,44.72,43.655,71.68,51.087
C018_004,18,4,0.5625,229.0,25139.499645,85.697613,0.044692,407.111111,22,39.111111,0,0.0,5,8.888889,1,1.777778,1,1.777778,0,0.0,1,1.777778,0,0.0,14,24.888889,800.011184,267.741128,353.463141,732.624821,1086.662589,0.000827,0.0,0.0,0.0,0.00337,0.0,0.046476,0.050673,6.243307,11.099213,40,71.111111,8,0.012461,0.011634,5,-1.534459,0.111245,Cluster 5 · limited retail / low building coverage,6646,11.370378,1247.555462,15.594443,False,228.796765,2.85996,False,451.109891,5.638874,False,1041.560566,13.019507,False,2229.786077,27.872326,False,0,0,9,6,11,42,1,1,15,0,1,2,0,0,3,4879631525,2.481045,6.285434,0.502977,5.686064,1.019209,5.532597,2.131253,6.10885,4.149173,6.717562,41.161223,52.731337,34.115453,healthcare,0,32.271,36.711,42.418,36.362
C018_005,18,5,0.5625,892.0,81570.488987,74.46731,0.145014,1585.777778,33,58.666667,0,0.0,4,7.111111,5,8.888889,3,5.333333,0,0.0,0,0.0,1,1.777778,20,35.555556,428.766675,104.633512,523.912373,227.686394,1010.336938,0.0,0.0,0.0,0.0,0.0,0.0,0.0,0.0,4.822287,8.572955,26,46.222222,8,0.012461,0.013782,3,-0.470662,0.052309,Cluster 3 · building-dense / limited recreation POIs,6653,121.892745,581.685363,7.271067,False,121.892745,1.523659,False,587.916717,7.348959,False,375.690467,4.696131,False,1563.915978,19.54895,False,4,5,20,13,24,77,3,8,35,1,1,2,0,0,8,11041705064,0.781022,9.309678,0.0,,0.793562,9.260726,0.431231,10.890058,2.449151,7.98193,45.619492,36.391913,24.517849,market,0,48.585,44.413,52.356,48.068
C018_006,18,6,0.5625,1488.0,142767.137824,81.907139,0.253808,2645.333333,31,55.111111,0,0.0,1,1.777778,1,1.777778,7,12.444444,1,1.777778,7,12.444444,0,0.0,14,24.888889,478.9452,348.679458,311.365192,150.45224,698.41373,0.0,0.0,0.0,0.043185,0.0,0.0,0.0,0.043185,6.051451,10.758135,26,46.222222,8,0.012461,0.01575,3,0.066005,-0.09711,Cluster 3 · building-dense / limited recreation POIs,28816,47.542867,925.800651,11.572508,False,404.807258,5.060091,False,363.489849,4.543623,False,239.146166,2.989327,False,769.708433,9.621355,False,0,2,44,5,22,154,5,13,108,1,1,13,1,3,20,387397475,1.849215,6.258065,0.656174,7.711511,0.544259,8.348273,0.443813,6.735557,1.465855,6.563649,56.143079,39.618974,29.193576,healthcare,0,60.226,52.733,49.58,54.942
C018_007,18,7,0.5625,2233.0,192889.920363,64.921689,0.342915,3969.777778,98,174.222222,4,7.111111,10,17.777778,7,12.444444,22,39.111111,1,1.777778,4,7.111111,1,1.777778,49,87.111111,326.796784,95.839751,78.91018,618.626647,53.510841,0.033302,0.0,0.006452,0.0,0.0,0.0,0.0,0.039754,8.37193,14.883431,52,92.444444,8,0.012461,0.018149,6,2.46392,-0.346944,Cluster 6 · high building coverage / retail-rich,28855,63.125176,368.725516,4.609069,False,151.34173,1.891772,False,63.125176,0.789065,False,769.005155,9.612564,False,63.125176,0.789065,False,2,6,41,14,25,176,10,28,137,1,2,15,3,4,23,3976342549,0.390972,11.788752,0.105659,17.904517,0.0,,1.598063,6.015134,0.0,,82.529808,28.946345,25.912156,park,0,72.644,73.631,64.331,70.911
C018_008,18,8,0.5625,1805.0,132499.187336,53.294432,0.235554,3208.888889,41,72.888889,4,7.111111,2,3.555556,5,8.888889,10,17.777778,1,1.777778,0,0.0,0,0.0,19,33.777778,350.842392,382.293951,371.883312,492.951413,417.348926,0.001598,0.0,0.0,0.0,0.0,0.0,0.0,0.001598,6.68669,11.887449,42,74.666667,8,0.012461,0.020026,3,0.227092,-0.056287,Cluster 3 · building-dense / limited recreation POIs,41849,36.531111,873.526547,10.919082,False,697.8826,8.723532,False,697.8826,8.723532,False,1298.75334,16.234417,False,1088.726447,13.609081,False,0,6,30,2,13,119,1,17,98,0,0,8,0,3,15,11335121783,2.134166,5.116323,1.693191,5.152125,1.693191,5.152125,2.977325,5.452685,2.490609,5.464157,70.29549,52.857698,43.437026,park,0,61.617,57.045,61.12,59.893
C018_009,18,9,0.5625,1257.0,187370.881259,128.715577,0.333104,2234.666667,281,499.555556,13,23.111111,26,46.222222,35,62.222222,53,94.222222,2,3.555556,8,14.222222,3,5.333333,141,250.666667,153.373833,139.709236,123.422349,169.346109,219.777117,0.183012,0.0,0.0,0.012469,0.002811,0.0,0.0,0.198291,11.439448,20.336797,65,115.555556,8,0.012461,0.0217,6,3.737969,-0.015814,Cluster 6 · high building coverage / retail-rich,29132,62.184013,212.578119,2.657226,False,208.522202,2.606528,False,129.016232,1.612703,False,212.578119,2.657226,False,437.967269,5.474591,False,9,17,51,28,50,201,27,44,157,2,3,9,2,5,23,3692983789,0.348671,7.62101,0.339245,7.683317,0.15447,10.440241,0.348671,7.62101,0.865272,6.327014,77.086573,21.277216,18.352013,education,0,67.582,64.067,26.213,56.009
C018_010,18,10,0.5625,805.0,112587.960202,133.113554,0.200156,1431.111111,76,135.111111,3,5.333333,10,17.777778,7,12.444444,7,12.444444,1,1.777778,1,1.777778,0,0.0,47,83.555556,284.988435,52.869769,26.273886,643.429253,170.251069,1.0,0.0,0.0,0.0,0.009653,0.0,0.0,1.0,13.26661,23.585084,48,85.333333,8,0.012461,0.023392,7,2.004307,0.027699,Cluster 7 · residential land use / road-dense,26033,18.324063,271.291798,3.391147,False,72.666816,0.908335,False,18.324063,0.229051,False,851.86621,10.648328,False,175.864619,2.198308,False,7,15,54,21,41,178,9,21,137,0,1,7,2,2,17,387415259,0.530482,6.392576,0.163595,5.552333,0.0,,1.894029,5.622052,0.474271,4.635128,69.414204,25.806765,21.070842,park,0,58.818,66.073,35.109,55.43
C018_011,18,11,0.5625,156.0,8765.830785,43.025392,0.015584,277.333333,6,10.666667,1,1.777778,0,0.0,0,0.0,1,1.777778,0,0.0,0,0.0,0,0.0,4,7.111111,326.451837,595.483344,537.884117,1250.327608,580.55475,0.292596,0.0,0.0,0.0,0.00317,0.0,0.0,0.295766,4.325416,7.689628,19,33.777778,8,0.012461,0.024732,5,-2.255611,0.991522,Cluster 5 · limited retail / low building coverage,26050,128.76191,554.199764,6.927497,False,631.433295,7.892916,False,788.973851,9.862173,False,1622.515999,20.28145,False,631.433295,7.892916,False,1,3,28,2,8,77,1,3,55,0,0,3,1,1,6,9756751156,0.986432,7.022784,1.168254,6.756166,1.642525,6.004276,3.536554,5.734806,1.168254,6.756166,43.027475,56.036159,36.88103,park,0,22.519,30.498,48.663,31.848
C018_012,18,12,0.5625,25.0,2771.695104,33.244879,0.004927,44.444444,3,5.333333,0,0.0,1,1.777778,0,0.0,1,1.777778,0,0.0,0,0.0,0,0.0,1,1.777778,468.665441,328.36961,869.827276,1082.765084,848.419295,0.0,0.0,0.0,0.0,0.0,0.0,0.0,0.0,0.0,0.0,0,0.0,8,0.012461,0.025728,4,-3.702083,2.289336,Cluster 4 · road-sparse / intersection-sparse,41195,496.065452,1469.129431,18.364118,False,496.065452,6.200818,False,1431.034009,17.887925,False,1986.051924,24.825649,False,1689.471798,21.118397,False,0,0,8,1,1,25,0,0,25,0,0,2,0,0,5,9168298804,1.901439,9.658011,0.0,,1.812955,9.866723,3.09459,8.022274,2.411812,8.756237,15.5521,72.686625,35.857228,market,0,12.329,11.159,70.972,26.58
C018_013,18,13,0.5625,1188.0,121649.835226,71.236458,0.216266,2112.0,86,152.888889,0,0.0,8,14.222222,2,3.555556,36,64.0,3,5.333333,1,1.777778,0,0.0,36,64.0,1207.362327,83.33697,229.003754,874.694107,254.58234,0.0,0.0,0.0,0.0,0.0,0.0,0.0,0.0,2.971207,5.282145,16,28.444444,8,0.012461,0.02655,3,0.36498,0.540802,Cluster 3 · building-dense / limited recreation POIs,41197,158.700977,1789.764034,22.37205,False,158.700977,1.983762,False,353.691826,4.421148,False,1193.914762,14.923935,False,634.136355,7.926704,False,0,0,2,5,7,32,6,7,24,0,1,5,3,5,6,4920214263,2.970562,7.531252,0.0,,0.345788,12.785735,1.777877,8.394245,1.01476,7.811408,51.918092,50.835925,36.170196,healthcare,0,51.936,41.921,68.523,52.577
C018_014,18,14,0.5625,611.0,78313.399942,77.102116,0.139224,1086.222222,58,103.111111,1,1.777778,1,1.777778,3,5.333333,27,48.0,1,1.777778,1,1.777778,0,0.0,24,42.666667,615.523669,365.232563,251.482448,300.234462,263.878686,0.180744,0.0,0.0,0.0,0.0,0.0,0.0,0.180744,3.72547,6.623058,20,35.555556,8,0.012461,0.027133,3,0.06542,0.809374,Cluster 3 · building-dense / limited recreation POIs,41201,195.595944,1629.920278,20.374003,False,700.295106,8.753689,False,382.795836,4.784948,False,1034.071006,12.925888,False,393.7572,4.921965,False,0,0,1,3,5,18,2,5,16,0,1,4,2,3,5,4920214282,2.736108,7.446344,0.975647,8.972191,0.433787,11.030643,1.543423,8.374817,0.459178,10.719076,61.016071,56.162519,43.025905,healthcare,0,44.533,38.103,54.533,44.782
C018_015,18,15,0.5625,220.0,29236.028458,41.537005,0.051975,391.111111,21,37.333333,1,1.777778,1,1.777778,1,1.777778,4,7.111111,0,0.0,1,1.777778,0,0.0,13,23.111111,304.700235,444.966741,335.127443,178.099707,753.988737,0.370867,0.0,0.0,0.0,0.0386,0.0,0.018645,0.428112,6.854755,12.186232,32,56.888889,8,0.012461,0.02762,3,-0.62349,1.029015,Cluster 3 · building-dense / limited recreation POIs,25583,92.269413,825.58229,10.319779,False,719.954779,8.999435,False,474.454697,5.930684,False,300.752286,3.759404,False,1446.779907,18.084749,False,0,2,20,4,9,59,1,1,37,2,3,6,0,0,11,12839780310,1.12769,9.151251,0.925941,9.719233,0.286065,20.73194,0.156048,24.091358,1.526375,11.848165,50.751685,45.30521,31.917978,education,0,31.61,38.072,11.431,28.827
C018_016,18,16,0.5625,71.0,10133.520468,35.561046,0.018015,126.222222,3,5.333333,1,1.777778,0,0.0,0,0.0,0,0.0,0,0.0,0,0.0,0,0.0,2,3.555556,416.536455,963.823166,869.125498,772.913127,1052.876767,0.0,0.0,0.0,0.0,0.032477,0.0,0.026697,0.059173,10.055712,17.876821,44,78.222222,8,0.012461,0.027717,5,-2.508946,1.166206,Cluster 5 · limited retail / low building coverage,25563,7.250108,641.687408,8.021093,False,1313.099145,16.413739,False,1055.926186,13.199077,False,882.223775,11.027797,False,2008.015489,25.100194,False,1,1,22,0,0,88,0,1,49,0,1,6,0,0,6,9922732965,1.425542,5.626697,2.439531,6.728235,1.799655,7.334225,1.669638,6.604903,3.039966,8.256736,20.658372,60.798989,31.855645,education,0,26.858,40.412,29.79,32.335
C018_017,18,17,0.5625,148.0,23082.261669,68.933659,0.041035,263.111111,6,10.666667,0,0.0,0,0.0,1,1.777778,1,1.777778,0,0.0,0,0.0,0,0.0,4,7.111111,929.460244,438.271061,651.420754,1167.391419,1324.260995,0.0,0.0,0.0,0.0,0.0,0.0,0.0,0.0,8.217784,14.609394,41,72.888889,8,0.012461,0.027553,5,-2.376563,0.888233,Cluster 5 · limited retail / low building coverage,25407,31.626094,1319.062581,16.488282,False,653.44027,8.168003,False,811.829987,10.147875,False,1565.493599,19.56867,False,1675.364622,20.942058,False,0,0,30,4,6,146,0,4,75,0,0,7,0,0,8,4910623851,2.700408,6.105849,1.226314,6.660611,1.809919,5.606813,3.069573,6.375046,3.49839,5.986198,26.905132,63.413686,35.602396,healthcare,0,36.734,39.071,72.278,46.438
C018_018,18,18,0.5625,598.0,117450.251431,194.024241,0.2088,1063.111111,21,37.333333,0,0.0,4,7.111111,1,1.777778,2,3.555556,0,0.0,1,1.777778,0,0.0,13,23.111111,666.443293,181.100888,365.67078,1207.515831,1123.468745,0.0,0.0,0.0,0.0,0.0,0.0,0.0,0.0,14.43716,25.666062,79,140.444444,8,0.012461,0.027155,3,-0.676538,0.143171,Cluster 3 · building-dense / limited recreation POIs,24830,27.578085,776.624398,9.707805,False,340.587985,4.25735,False,435.786286,5.447329,False,1570.309257,19.628866,False,1198.398644,14.979983,False,1,2,35,7,15,150,2,5,72,0,0,5,0,2,9,3443196085,1.569282,6.186144,0.67195,6.33581,0.948707,5.741847,3.072151,6.389291,2.591502,5.780426,44.919647,51.875972,34.731891,park,0,64.222,65.863,72.551,66.879
C018_019,18,19,0.5625,356.0,95577.252766,138.196685,0.169915,632.888889,30,53.333333,0,0.0,5,8.888889,1,1.777778,2,3.555556,0,0.0,0,0.0,0,0.0,22,39.111111,905.984683,210.334494,148.449626,905.331055,1227.333742,0.0,0.0,0.0,0.0,0.0,0.0,0.0,0.0,13.703629,24.362008,58,103.111111,8,0.012461,0.026519,3,-0.845553,0.329279,Cluster 3 · building-dense / limited recreation POIs,24890,81.836826,1278.796131,15.984952,False,344.803402,4.310043,False,394.674252,4.933428,False,1857.989511,23.224869,False,1484.288154,18.553602,False,0,0,20,5,14,73,2,4,33,0,0,4,0,0,9,364283889,2.274072,7.02922,0.524856,8.21186,0.64077,7.699214,3.25536,7.134346,2.62313,7.073077,38.958009,58.155132,36.855702,park,0,58.429,59.596,68.958,61.47
C018_020,18,20,0.5625,368.0,41286.93906,77.432704,0.073399,654.222222,20,35.555556,0,0.0,3,5.333333,2,3.555556,4,7.111111,0,0.0,1,1.777778,1,1.777778,9,16.0,914.289776,293.496225,656.681074,199.724651,770.464503,0.0,0.0,0.0,0.010593,0.0,0.0,0.0,0.010593,6.557905,11.658497,35,62.222222,8,0.012461,0.025515,3,-0.729689,0.799957,Cluster 3 · building-dense / limited recreation POIs,24956,36.940519,1284.514496,16.056431,False,787.946225,9.849328,False,796.610917,9.957636,False,1194.761156,14.934514,False,2604.999363,32.562492,False,0,0,4,3,4,12,1,2,8,0,1,2,0,0,0,9914374417,2.659454,6.037491,1.410586,6.982435,1.565958,6.358813,2.679205,5.574234,5.090953,6.396149,34.3183,60.206065,36.479445,healthcare,0,41.104,40.245,51.376,43.371
C018_021,18,21,0.5625,759.0,63392.415783,66.771727,0.112698,1349.333333,8,14.222222,0,0.0,2,3.555556,2,3.555556,0,0.0,1,1.777778,0,0.0,0,0.0,3,5.333333,1057.141173,441.350453,830.429564,620.609018,115.161687,0.0,0.0,0.0,0.0,0.0,0.0,0.0,0.0,2.519972,4.479951,4,7.111111,8,0.012461,0.024415,5,-1.72221,0.964077,Cluster 5 · limited retail / low building coverage,24953,226.783323,1593.345532,19.916819,False,1342.855031,16.785688,False,1435.336269,17.941703,False,1192.260517,14.903256,False,1593.345532,19.916819,False,0,0,8,0,0,11,0,0,22,0,1,1,0,0,2,3717901595,2.916892,6.828096,2.761785,6.077839,2.782434,6.448204,2.36996,6.2884,3.145799,6.331244,42.742354,71.977061,47.249638,education,0,41.61,35.428,64.386,45.14
C018_022,18,22,0.5625,361.0,31516.887376,64.280107,0.05603,641.777778,0,0.0,0,0.0,0,0.0,0,0.0,0,0.0,0,0.0,0,0.0,0,0.0,0,0.0,1490.993037,530.467992,1211.588234,1362.138455,450.875181,0.0,0.0,0.0,0.0,0.0,0.0,0.0,0.0,2.1376,3.800178,5,8.888889,8,0.012461,0.023055,5,-3.502301,0.991552,Cluster 5 · limited retail / low building coverage,40968,147.815854,2109.909499,26.373869,False,761.679335,9.520992,False,1312.063361,16.400792,False,1579.450469,19.743131,False,762.784381,9.534805,False,0,0,1,1,1,7,0,0,3,0,0,1,1,2,4,13805357454,3.813841,6.915304,1.251745,7.606178,2.296001,7.143198,2.810014,7.02599,1.253105,7.608946,32.685329,74.319596,44.302801,market,0,32.154,27.667,74.184,41.091
C018_023,18,23,0.5625,182.0,16386.287506,49.947263,0.029131,323.555556,3,5.333333,0,0.0,0,0.0,0,0.0,0,0.0,0,0.0,0,0.0,0,0.0,3,5.333333,1050.912338,645.651243,974.218767,2109.665089,878.677989,0.0,0.0,0.0,0.0,0.0,0.0,0.0,0.0,2.396324,4.260132,6,10.666667,8,0.012461,0.021471,5,-3.537511,0.988578,Cluster 5 · limited retail / low building coverage,35270,129.356598,2218.807195,27.73509,False,1690.291167,21.12864,False,2227.319602,27.841495,False,2794.677184,34.933465,False,1122.993357,14.037417,False,0,0,5,0,0,24,0,0,2,0,0,0,0,1,5,4921813483,3.76373,7.369043,2.580751,8.187011,3.240096,8.5928,5.082387,6.873437,1.598468,8.781796,26.464489,82.77605,46.254175,education,0,26.788,24.914,78.157,38.974
C018_024,18,24,0.5625,463.0,55402.156299,66.530796,0.098493,823.111111,4,7.111111,1,1.777778,1,1.777778,0,0.0,0,0.0,0,0.0,0,0.0,0,0.0,2,3.555556,347.025767,365.182174,431.519481,2155.256647,1303.75727,0.0,0.0,0.0,0.0,0.0,0.0,0.0,0.0,2.555697,4.543462,6,10.666667,8,0.012461,0.019572,5,-2.567073,0.609854,Cluster 5 · limited retail / low building coverage,43157,34.083065,340.956889,4.261961,False,484.385132,6.054814,False,955.10215,11.938777,False,3475.277921,43.440974,False,1661.528709,20.769109,False,1,1,3,1,1,23,0,1,10,0,0,0,0,0,2,4923491028,0.703059,6.062024,1.036297,5.842739,1.745947,6.837997,6.569217,6.612809,2.946123,7.04964,37.50648,62.830482,39.271494,park,0,37.885,31.12,78.538,45.68
C018_025,18,25,0.5625,577.0,42725.602595,57.979283,0.075957,1025.777778,2,3.555556,0,0.0,0,0.0,0,0.0,1,1.777778,0,0.0,0,0.0,0,0.0,1,1.777778,511.309128,439.181354,740.483571,1451.662183,1465.537109,0.0,0.0,0.0,0.0,0.0,0.0,0.0,0.0,2.774505,4.932453,8,14.222222,8,0.012461,0.017463,5,-2.97298,0.468938,Cluster 5 · limited retail / low building coverage,43169,40.632702,577.680835,7.22101,False,434.252592,5.428157,False,1223.118347,15.288979,False,3267.656885,40.845711,False,1843.019798,23.037747,False,1,1,3,1,4,19,0,0,8,0,0,0,0,0,1,4923581543,1.246798,5.791645,0.91356,5.941765,2.342846,6.525814,6.534281,6.250988,3.489862,6.601335,37.921203,65.503499,41.105229,park,0,37.628,33.631,75.0,45.572
C018_026,18,26,0.5625,669.0,77319.346078,73.102936,0.137457,1189.333333,3,5.333333,0,0.0,0,0.0,1,1.777778,0,0.0,0,0.0,0,0.0,0,0.0,2,3.555556,1129.350914,633.790803,412.766715,833.375648,1614.545031,0.0,0.0,0.0,0.0,0.0,0.0,0.0,0.0,3.302188,5.870556,12,21.333333,8,0.012461,0.015107,5,-2.776468,0.210519,Cluster 5 · limited retail / low building coverage,43172,190.922321,1956.946755,24.461834,False,1119.512162,13.993902,False,870.944557,10.886807,False,2197.566271,27.469578,False,2523.549894,31.544374,False,0,0,2,0,1,16,0,2,5,0,0,1,0,0,0,4921889805,3.737819,6.544415,1.685543,8.302313,1.212366,8.979799,4.471647,6.143056,4.048667,7.791299,42.327631,71.986781,47.076892,healthcare,0,43.849,37.356,68.142,47.65
C018_027,18,27,0.5625,866.0,84507.971798,60.663884,0.150236,1539.555556,15,26.666667,0,0.0,2,3.555556,1,1.777778,1,1.777778,0,0.0,0,0.0,0,0.0,11,19.555556,1067.986313,210.871308,25.032295,637.735721,1500.155295,0.0,0.0,0.0,0.0,0.0,0.0,0.0,0.0,4.73632,8.420124,27,48.0,8,0.012461,0.012268,3,-1.214873,-0.162326,Cluster 3 · building-dense / limited recreation POIs,35395,35.831285,1720.165284,21.502066,False,213.957993,2.674475,False,136.585588,1.70732,False,787.42676,9.842834,False,1626.240273,20.328003,False,0,0,3,4,6,20,2,3,6,1,1,1,0,0,3,4921935666,2.58136,8.329742,0.227794,11.740749,0.228694,7.465505,2.050009,4.801361,2.085265,9.748404,45.36029,48.260109,32.438599,healthcare,0,48.468,43.589,64.549,50.781
C018_028,18,28,0.5625,344.0,24370.998437,47.806438,0.043326,611.555556,5,8.888889,0,0.0,1,1.777778,0,0.0,2,3.555556,0,0.0,0,0.0,0,0.0,2,3.555556,1459.710945,391.566375,759.275646,1115.30208,1737.577671,0.0,0.0,0.0,0.0,0.0,0.0,0.0,0.0,2.714408,4.825614,7,12.444444,8,0.012461,0.009113,5,-3.085193,0.195589,Cluster 5 · limited retail / low building coverage,35418,112.816722,2822.124113,35.276551,False,1315.916822,16.44896,False,1175.898266,14.698728,False,1889.385589,23.61732,False,2728.199102,34.102489,False,0,0,0,0,0,9,0,1,3,0,0,1,0,0,0,4914451202,4.577845,7.70593,2.224279,7.395189,2.225179,6.605639,4.046493,5.83649,4.081749,8.354871,31.493002,76.905132,45.293894,education,0,31.788,29.285,71.462,40.83
C018_029,18,29,0.5625,559.0,32808.880524,48.751957,0.058327,993.777778,0,0.0,0,0.0,0,0.0,0,0.0,0,0.0,0,0.0,0,0.0,0,0.0,0,0.0,1869.027299,991.127827,1188.708315,1790.55595,1492.975429,0.0,0.0,0.0,0.0,0.0,0.0,0.0,0.0,0.029428,0.052316,0,0.0,8,0.012461,0.005415,4,-4.822677,0.578024,Cluster 4 · road-sparse / intersection-sparse,43317,444.684945,3478.796769,43.48496,False,1972.589478,24.657368,False,1832.570922,22.907137,False,2546.058245,31.825728,False,3384.871758,42.310897,False,0,0,0,0,0,2,0,0,2,0,0,0,0,0,0,4584044750,4.992591,8.709898,2.639025,9.343363,2.639925,8.677191,4.46124,7.13383,4.496496,9.409749,36.158631,83.748056,51.668513,education,0,31.128,25.342,76.579,40.466
C018_030,18,30,0.196169,3.0,882.833087,154.054613,0.0045,15.292927,0,0.0,0,0.0,0,0.0,0,0.0,0,0.0,0,0.0,0,0.0,0,0.0,0,0.0,2226.239405,1411.411021,1379.613441,2269.233344,1489.150977,0.014653,0.0,0.0,0.0,0.0,0.0,0.0,0.014653,0.075462,0.384679,0,0.0,5,0.007788,0.000971,4,-5.780249,-0.439288,Cluster 4 · road-sparse / intersection-sparse,43328,591.893139,2881.032469,36.012906,False,2855.665224,35.695815,False,2053.066413,25.66333,False,3556.705522,44.458819,False,3377.672052,42.220901,False,0,0,0,0,0,0,0,0,1,0,0,0,0,0,0,4914376748,5.668387,6.35329,1.764963,20.22468,2.737942,9.373218,9.114575,4.877772,1.700961,24.821791,28.719544,85.730949,49.065302,education,0,12.372,11.89,78.919,28.84
C019_000,19,0,0.443167,1753.0,190197.729519,87.310884,0.429178,3955.617845,152,342.985689,6,13.538909,19,42.873211,11,24.821333,30,67.694544,2,4.51297,3,6.769454,4,9.025939,77,173.749329,351.452667,293.156363,187.78893,238.804362,397.167143,0.0,0.0,0.0,0.0,0.0,0.0,0.0,0.0,9.913777,22.370287,72,162.466905,4,0.006231,8.5e-05,6,2.458163,-3.511393,Cluster 6 · high building coverage / retail-rich,7017,52.985325,556.632336,6.957904,False,365.150319,4.564379,False,192.064323,2.400804,False,378.007727,4.725097,False,559.545701,6.994321,False,12,21,44,23,54,123,23,36,65,2,3,5,1,3,8,4874095882,0.95195,7.309108,0.723301,6.31048,0.322691,7.43995,0.753837,6.268058,1.175311,5.95104,71.82478,27.935459,23.212933,education,0,85.964,76.198,52.737,74.239
C019_001,19,1,0.5625,2217.0,216124.5661,84.0448,0.384221,3941.333333,128,227.555556,5,8.888889,11,19.555556,10,17.777778,39,69.333333,1,1.777778,3,5.333333,1,1.777778,58,103.111111,286.641637,133.552901,78.040888,356.427912,478.094427,0.0,0.0,0.0,0.0,0.000294,0.0,0.0,0.000294,11.692332,20.786368,88,156.444444,7,0.010903,0.001589,6,2.169656,-1.872505,Cluster 6 · high building coverage / retail-rich,7006,34.185143,354.417007,4.430213,False,354.417007,4.430213,False,103.057548,1.288219,False,493.701846,6.171273,False,625.495893,7.818699,False,16,30,48,38,64,129,19,33,70,2,3,5,2,4,12,4874097608,0.717822,6.171747,0.717822,6.171747,0.160001,8.051334,0.985598,6.261449,1.191099,6.564272,68.999482,24.815319,20.199592,education,0,77.97,73.682,37.83,66.434
C019_002,19,2,0.5625,1499.0,185365.6741,91.674357,0.329539,2664.888889,45,80.0,4,7.111111,5,8.888889,4,7.111111,1,1.777778,1,1.777778,1,1.777778,0,0.0,29,51.555556,54.637169,148.359248,357.255268,1042.627096,174.985522,0.0,0.0,0.0,0.0,0.0,0.0,0.0,0.0,10.690558,19.005436,62,110.222222,8,0.012461,0.005063,3,0.949751,-0.967108,Cluster 3 · building-dense / limited recreation POIs,37211,22.075692,22.075692,0.275946,False,181.802806,2.272535,False,538.152932,6.726912,False,1217.16622,15.214578,False,204.179596,2.552245,False,3,11,47,8,19,124,4,13,69,0,0,7,1,4,12,4879306800,0.0,,0.40153,5.659686,0.790134,8.513633,2.086956,7.290322,0.367192,6.950712,59.538621,39.560653,29.956582,park,0,70.583,63.437,70.537,68.07
C019_003,19,3,0.5625,143.0,18380.614517,50.922424,0.032677,254.222222,0,0.0,0,0.0,0,0.0,0,0.0,0,0.0,0,0.0,0,0.0,0,0.0,0,0.0,750.477547,607.152577,825.710221,1029.006,677.799389,0.0,0.0,0.0,0.0,0.0,0.0,0.364345,0.364345,2.958504,5.259562,4,7.111111,8,0.012461,0.006995,5,-3.643055,0.440524,Cluster 5 · limited retail / low building coverage,6838,204.609673,1203.544475,15.044306,False,798.447575,9.980595,False,1609.675843,20.120948,False,1988.496598,24.856207,False,1005.795798,12.572447,False,0,0,23,1,2,46,0,0,22,0,0,2,0,1,6,4881364360,1.876273,8.018186,1.125684,8.866252,2.409924,8.349205,3.706745,6.705669,1.519572,8.273676,25.660964,73.104588,40.49744,market,0,27.862,25.875,70.373,37.794
C019_004,19,4,0.5625,54.0,4862.999586,59.59209,0.008645,96.0,7,12.444444,0,0.0,3,5.333333,1,1.777778,2,3.555556,0,0.0,0,0.0,0,0.0,1,1.777778,1253.009952,315.700629,542.208254,921.351187,1237.992194,0.0,0.0,0.0,0.0,0.0,0.0,0.104644,0.104644,7.167316,12.741896,36,64.0,8,0.012461,0.008761,5,-2.373075,0.267356,Cluster 5 · limited retail / low building coverage,6892,61.241551,1697.020496,21.212756,False,382.096179,4.776202,False,771.203906,9.640049,False,1491.0256,18.63782,False,2679.251111,33.490639,False,0,0,5,8,8,24,1,1,8,0,0,1,0,0,0,13744845582,,,,,,,,,,,17.755314,63.209565,32.01766,healthcare,0,25.607,33.375,69.393,39.272
C019_005,19,5,0.5625,198.0,17402.441719,42.471561,0.030938,352.0,9,16.0,0,0.0,1,1.777778,1,1.777778,1,1.777778,0,0.0,0,0.0,0,0.0,6,10.666667,1175.007043,321.618842,674.845514,973.107157,1406.757016,0.0,0.0,0.0,0.012376,0.0,0.0,0.0,0.012376,9.636226,17.131068,48,85.333333,8,0.012461,0.010315,5,-2.285526,-0.028367,Cluster 5 · limited retail / low building coverage,6874,71.600868,1345.526511,16.819081,False,406.204125,5.077552,False,890.089429,11.126118,False,1139.531615,14.244145,False,2327.757126,29.096964,False,0,0,7,4,11,42,0,1,15,0,1,3,0,0,2,4963089435,2.569006,6.546921,0.576954,8.800617,1.429632,7.782504,2.219215,6.418551,3.478123,8.36571,27.190254,57.571928,32.421144,healthcare,0,37.566,43.795,69.774,47.798
C019_006,19,6,0.5625,992.0,75916.126081,62.438382,0.134962,1763.555556,13,23.111111,0,0.0,4,7.111111,1,1.777778,1,1.777778,0,0.0,2,3.555556,0,0.0,5,8.888889,1004.070819,137.154938,184.896114,696.696612,867.041891,0.0,0.0,0.0,0.0,0.0,0.0,0.0,0.0,4.031554,7.167207,19,33.777778,8,0.012461,0.012956,3,-1.139169,-0.078695,Cluster 3 · building-dense / limited recreation POIs,29375,59.990614,2472.534929,30.906687,False,1864.393846,23.304923,False,1344.279987,16.8035,False,2872.814568,35.910182,False,2028.172651,25.352158,False,0,0,0,0,0,4,0,0,4,0,0,0,0,0,2,4885118503,4.822007,6.409507,4.198948,5.550181,3.275098,5.130686,6.029099,5.956144,4.264932,5.944329,46.111975,82.231726,55.643894,education,0,47.131,43.398,65.855,50.505
C019_007,19,7,0.5625,1403.0,114460.813427,60.177698,0.203486,2494.222222,20,35.555556,0,0.0,2,3.555556,1,1.777778,2,3.555556,0,0.0,0,0.0,0,0.0,15,26.666667,677.086066,409.875666,198.287091,919.483127,406.394556,0.0,0.0,0.0,0.0,0.0,0.0,0.0,0.0,6.80543,12.098543,40,71.111111,8,0.012461,0.014794,3,-1.079241,-0.30275,Cluster 3 · building-dense / limited recreation POIs,29306,46.518088,1123.654285,14.045679,False,515.513203,6.443915,False,298.814839,3.735185,False,1523.933924,19.049174,False,478.114001,5.976425,False,0,1,20,2,7,75,1,5,57,0,0,4,1,2,13,12063511194,1.314966,10.681399,0.691907,9.313264,0.472904,7.898397,2.522058,7.553029,0.51693,11.561392,52.643857,55.248834,39.550604,park,0,56.921,53.608,69.339,58.866
C019_008,19,8,0.5625,1091.0,95223.789845,58.295562,0.169287,1939.555556,26,46.222222,2,3.555556,2,3.555556,0,0.0,2,3.555556,2,3.555556,0,0.0,0,0.0,18,32.0,140.200952,110.403497,814.220818,1223.769636,173.433128,0.010284,0.0,0.0,0.0,0.0,0.0,0.0,0.010284,7.731706,13.745256,45,80.0,8,0.012461,0.016438,3,-0.221252,-0.079602,Cluster 3 · building-dense / limited recreation POIs,29267,100.401825,612.863648,7.660796,False,100.401825,1.255023,False,1035.85104,12.948138,False,1492.367798,18.654597,False,430.437714,5.380471,False,1,1,26,3,4,79,0,1,76,0,0,5,3,3,14,4881349819,1.284687,5.963161,0.0,,2.021547,6.405064,2.371095,7.867504,0.896299,6.002984,62.312079,54.69479,42.326792,park,0,54.736,52.908,72.659,58.577
C019_009,19,9,0.5625,892.0,65698.284221,54.413041,0.116797,1585.777778,17,30.222222,0,0.0,3,5.333333,1,1.777778,4,7.111111,0,0.0,1,1.777778,0,0.0,8,14.222222,665.971337,136.279854,96.139002,879.321215,443.952249,0.300355,0.0,0.0,0.0,0.0,0.0,0.0,0.300355,3.387307,6.02188,11,19.555556,8,0.012461,0.018287,3,-0.813025,0.270567,Cluster 3 · building-dense / limited recreation POIs,29250,80.757474,1052.175869,13.152198,False,441.7738,5.522173,False,170.274025,2.128425,False,1207.35362,15.09192,False,441.7738,5.522173,False,0,2,32,2,6,82,1,2,69,0,0,3,1,2,12,4876178275,2.492244,5.277251,0.982614,5.619881,0.243323,8.747318,2.920956,5.166775,0.982614,5.619881,64.722654,52.400855,41.309477,park,0,44.658,40.494,68.577,49.18
C019_010,19,10,0.5625,187.0,22129.165945,69.859346,0.039341,332.444444,9,16.0,1,1.777778,0,0.0,2,3.555556,2,3.555556,0,0.0,0,0.0,0,0.0,4,7.111111,367.124546,627.813042,135.679823,1076.349803,783.146447,1.0,0.0,0.0,0.0,0.0,0.0,0.0,1.0,14.409163,25.61629,80,142.222222,8,0.012461,0.019669,7,-1.151438,0.196768,Cluster 7 · residential land use / road-dense,25985,51.398332,401.331314,5.016641,False,730.965373,9.137067,False,358.481883,4.481024,False,1525.574299,19.069679,False,795.411747,9.942647,False,1,2,27,2,11,74,3,6,50,0,0,3,1,1,5,4963140275,0.948416,5.289497,1.708295,5.348647,0.802625,5.582957,3.353173,5.687054,2.038737,4.876865,50.518403,51.62325,36.296845,park,0,47.053,57.982,70.863,56.831
C019_011,19,11,0.5625,33.0,2767.197912,53.089738,0.004919,58.666667,1,1.777778,0,0.0,0,0.0,0,0.0,0,0.0,0,0.0,0,0.0,0,0.0,1,1.777778,688.942188,943.303583,504.74546,1633.662143,959.883716,1.0,0.0,0.0,0.0,0.0,0.0,0.0,1.0,12.638138,22.467802,62,110.222222,8,0.012461,0.020852,7,-2.83533,0.664997,Cluster 7 · residential land use / road-dense,25909,21.508113,794.461521,9.930769,False,1346.946109,16.836826,False,600.948776,7.51186,False,2220.721236,27.759015,False,1346.946109,16.836826,False,1,2,11,0,0,30,2,2,19,0,0,1,0,0,2,9756751148,1.790075,5.547683,2.680376,6.281517,1.100476,6.82601,4.325254,6.417893,3.071776,5.481138,38.569207,66.222784,41.814075,education,0,32.107,46.866,75.98,48.241
C019_012,19,12,0.5625,4.0,314.318939,37.225893,0.000559,7.111111,1,1.777778,0,0.0,0,0.0,0,0.0,0,0.0,0,0.0,0,0.0,0,0.0,1,1.777778,766.627571,991.005684,902.764594,1734.794162,1258.319901,0.34015,0.0,0.0,0.0,0.0,0.0,0.0,0.34015,0.94794,1.685227,3,5.333333,8,0.012461,0.021918,4,-4.283702,1.964837,Cluster 4 · road-sparse / intersection-sparse,25884,281.055413,1670.558974,20.881987,False,2221.640427,27.770505,False,1347.876782,16.84846,False,3092.314963,38.653937,False,2221.640427,27.770505,False,0,0,2,0,0,2,0,0,5,0,0,0,0,0,1,12215695922,2.78809,7.489711,3.323197,8.356562,1.743298,9.664706,4.968076,7.780465,3.947517,7.03493,33.229653,81.473561,48.833453,education,0,11.54,13.429,76.306,28.393
C019_013,19,13,0.5625,46.0,4920.875308,90.107252,0.008748,81.777778,6,10.666667,0,0.0,0,0.0,0,0.0,4,7.111111,0,0.0,0,0.0,0,0.0,2,3.555556,1351.21957,561.207382,254.206047,998.605182,700.446615,0.032186,0.0,0.0,0.0,0.0,0.0,0.0,0.032186,0.75235,1.337511,0,0.0,8,0.012461,0.022577,4,-3.445473,1.810095,Cluster 4 · road-sparse / intersection-sparse,25883,234.290631,2661.335775,33.266697,False,1096.712064,13.708901,False,891.325522,11.141569,False,2065.486503,25.818581,False,1505.708097,18.821351,False,0,0,0,0,5,8,0,3,8,0,0,1,0,0,5,4920214244,4.838519,6.875388,1.994338,6.873909,1.519427,7.332742,3.645835,7.081666,2.882718,6.52903,33.048212,70.29549,42.057037,healthcare,0,15.723,15.47,70.101,29.229
C019_014,19,14,0.5625,113.0,26257.761327,72.919927,0.04668,200.888889,15,26.666667,0,0.0,0,0.0,4,7.111111,1,1.777778,0,0.0,0,0.0,1,1.777778,9,16.0,759.882805,387.989091,394.040454,331.532555,715.118235,0.453548,0.0,0.0,0.0,0.002437,0.0,0.0,0.455985,3.444894,6.124257,21,37.333333,8,0.012461,0.023378,7,-1.595354,1.084495,Cluster 7 · residential land use / road-dense,25837,228.996596,1270.670794,15.883385,False,713.243422,8.915543,False,1117.028976,13.962862,False,678.874445,8.485931,False,1555.526564,19.444082,False,0,0,3,1,6,14,0,1,8,1,1,4,0,0,4,4920214353,2.029272,7.827133,1.17663,7.577186,1.847189,7.558977,0.836587,10.143508,2.467536,7.879958,47.900467,58.582815,40.269991,healthcare,0,27.123,26.851,32.426,28.354
C019_015,19,15,0.5625,148.0,20475.790544,47.301491,0.036401,263.111111,29,51.555556,1,1.777778,9,16.0,4,7.111111,1,1.777778,0,0.0,0,0.0,2,3.555556,12,21.333333,200.465042,282.375392,502.479748,374.81911,1268.487018,0.895335,0.0,0.0,0.065388,0.063268,0.0,0.0,1.0,13.00948,23.127965,117,208.0,8,0.012461,0.023741,7,0.058187,0.708797,Cluster 7 · residential land use / road-dense,25738,53.499479,239.715582,2.996445,False,325.686689,4.071084,False,738.949494,9.236869,False,801.297543,10.016219,False,2314.829647,28.935371,False,1,1,3,1,5,14,1,1,6,0,1,3,0,0,1,5797833063,0.431077,6.95107,1.361636,2.989848,1.590319,5.808187,0.941769,10.635533,2.886509,10.024349,48.755832,46.82154,32.425555,market,0,37.309,52.578,15.622,37.231
C019_016,19,16,0.5625,85.0,5036.37644,48.49679,0.008954,151.111111,1,1.777778,0,0.0,0,0.0,0,0.0,0,0.0,0,0.0,0,0.0,0,0.0,1,1.777778,733.30938,761.171383,1214.373878,764.522476,1673.860736,0.014356,0.0,0.0,0.0,0.0,0.0,0.0,0.014356,10.518532,18.699612,46,81.777778,8,0.012461,0.023868,5,-3.041818,0.855497,Cluster 5 · limited retail / low building coverage,25276,25.715762,1686.75437,21.08443,False,1595.300963,19.941262,False,1644.488358,20.556104,False,1470.785946,18.384824,False,2597.774816,32.472185,False,0,0,3,0,0,14,0,0,3,0,0,3,0,0,0,13322016077,3.081018,6.843333,3.142053,6.346571,3.422586,6.006016,2.722186,6.753698,4.666926,6.957939,33.022291,77.857698,46.569317,education,0,30.459,41.827,67.379,43.668
C019_017,19,17,0.5625,97.0,9877.489837,56.52696,0.01756,172.444444,2,3.555556,0,0.0,0,0.0,0,0.0,0,0.0,0,0.0,0,0.0,0,0.0,2,3.555556,1469.795585,1002.853966,714.463841,1467.48079,1999.968336,0.0,0.0,0.0,0.0,0.0,0.0,0.0,0.0,12.92613,22.979787,58,103.111111,8,0.012461,0.023776,5,-3.161927,0.67327,Cluster 5 · limited retail / low building coverage,25237,113.533226,2073.371291,25.917141,False,1406.702681,17.583784,False,1043.648074,13.045601,False,2469.67124,30.87089,False,2488.863652,31.110796,False,0,0,5,0,0,24,0,1,10,0,0,0,0,0,0,9977039844,4.351066,5.956504,2.93231,5.996563,2.018424,6.46326,4.138579,7.459296,5.245554,5.930888,21.435977,76.749611,40.571062,education,0,38.04,50.295,75.163,51.61
C019_018,19,18,0.5625,218.0,24651.036911,61.769725,0.043824,387.555556,5,8.888889,0,0.0,0,0.0,1,1.777778,1,1.777778,0,0.0,0,0.0,0,0.0,3,5.333333,1410.278689,728.88499,468.854669,1411.44211,1873.069188,0.0,0.0,0.0,0.0,0.0,0.0,0.0,0.0,13.17869,23.428782,59,104.888889,8,0.012461,0.023464,5,-2.485458,0.449296,Cluster 5 · limited retail / low building coverage,25177,76.907882,1723.719574,21.546495,False,930.503817,11.631298,False,825.96141,10.324518,False,2421.14889,30.264361,False,2110.28596,26.378574,False,0,0,7,0,3,46,0,1,18,0,0,0,0,0,6,9977456256,3.491145,6.171755,1.585887,7.334253,1.654271,6.241127,4.91753,6.154383,4.252005,6.203797,29.263867,70.431571,40.539229,park,0,46.431,55.583,74.51,56.654
C019_019,19,19,0.5625,182.0,29408.720829,112.627736,0.052282,323.555556,7,12.444444,0,0.0,1,1.777778,1,1.777778,0,0.0,0,0.0,0,0.0,1,1.777778,4,7.111111,866.751233,184.76715,480.820315,711.68127,1640.015679,0.0,0.0,0.0,0.0,0.0,0.0,0.0,0.0,11.595962,20.615044,57,101.333333,8,0.012461,0.02294,5,-1.707477,0.590567,Cluster 5 · limited retail / low building coverage,25083,30.431844,1210.794574,15.134932,False,167.471302,2.093391,False,702.202422,8.77753,False,1755.270748,21.940884,False,2202.158101,27.526976,False,0,0,8,6,7,28,1,3,19,0,0,2,0,0,1,11101039058,2.304172,6.568491,0.233929,8.948813,1.210676,7.250106,3.565572,6.153538,3.97319,6.928181,29.108346,58.388414,33.552906,park,0,43.81,49.129,66.182,51.265
C019_020,19,20,0.5625,224.0,46448.98057,63.873081,0.082576,398.222222,55,97.777778,3,5.333333,3,5.333333,6,10.666667,11,19.555556,0,0.0,0,0.0,3,5.333333,29,51.555556,320.169352,320.169352,239.33315,237.048995,992.117982,0.0,0.0,0.0,0.0,0.009823,0.0,0.0,0.009823,13.261477,23.57596,59,104.888889,8,0.012461,0.022205,3,0.379967,0.594176,Cluster 3 · building-dense / limited recreation POIs,25002,46.170934,450.521412,5.631518,False,450.521412,5.631518,False,450.521412,5.631518,False,360.768072,4.509601,False,2623.489364,32.793617,False,1,1,5,4,5,14,5,5,12,2,2,2,0,0,0,10075889439,0.936353,6.014307,0.936353,6.014307,0.936353,6.014307,0.728444,6.190731,4.859169,6.748812,32.374287,42.039269,24.981656,education,0,46.143,56.042,22.706,43.748
C019_021,19,21,0.5625,654.0,48245.617908,53.389145,0.08577,1162.666667,4,7.111111,0,0.0,0,0.0,0,0.0,1,1.777778,0,0.0,0,0.0,0,0.0,3,5.333333,441.779369,545.040971,151.030905,559.467675,635.566482,0.0,0.0,0.0,0.0,0.0,0.0,0.0,0.0,3.807043,6.768077,6,10.666667,8,0.012461,0.021055,5,-2.134559,0.68338,Cluster 5 · limited retail / low building coverage,25021,84.496889,882.343027,11.029288,False,634.880915,7.936011,False,84.496889,1.056211,False,1423.422438,17.79278,False,714.475447,8.930943,False,0,1,4,1,1,5,1,1,6,0,0,1,1,1,2,3640569747,1.51784,7.266439,1.044257,7.599674,0.0,,2.430696,7.320035,1.26289,7.071832,39.942976,56.454121,36.111322,park,0,41.563,38.663,63.297,45.982
C019_022,19,22,0.5625,236.0,16050.808926,55.093075,0.028535,419.555556,0,0.0,0,0.0,0,0.0,0,0.0,0,0.0,0,0.0,0,0.0,0,0.0,0,0.0,1040.945643,619.415635,859.686563,1301.850964,973.956578,0.0,0.0,0.0,0.0,0.0,0.0,0.0,0.0,1.939289,3.447625,2,3.555556,8,0.012461,0.020005,5,-3.786402,1.061826,Cluster 5 · limited retail / low building coverage,25016,232.744495,1788.359241,22.354491,False,1157.9312,14.47414,False,990.513104,12.381414,False,2140.509577,26.75637,False,919.242454,11.490531,False,0,0,2,0,1,1,0,1,1,0,0,1,0,1,2,4345264929,3.256556,6.864458,2.386555,6.064868,1.738716,7.121009,4.169412,6.4173,1.865611,6.159125,27.553136,72.958787,41.244975,park,0,26.47,24.681,73.421,37.582
C019_023,19,23,0.5625,210.0,16920.361059,64.561621,0.030081,373.333333,0,0.0,0,0.0,0,0.0,0,0.0,0,0.0,0,0.0,0,0.0,0,0.0,0,0.0,1404.413877,844.452568,946.638453,2049.787254,1418.047447,0.0,0.0,0.0,0.0,0.0,0.0,0.0,0.0,0.023102,0.04107,0,0.0,8,0.012461,0.018619,4,-4.686103,1.441216,Cluster 4 · road-sparse / intersection-sparse,43257,507.930787,2792.141438,34.901768,False,1302.963118,16.287039,False,1302.963118,16.287039,False,4877.430996,60.967887,False,4112.713258,51.408916,False,0,0,0,0,0,8,0,0,3,0,0,0,0,0,0,4923403379,4.692467,7.437829,2.163009,7.529805,2.163009,7.529805,10.283446,5.928741,6.935531,7.412397,27.293935,82.970451,46.775721,park,0,23.631,18.958,77.83,35.545
C019_024,19,24,0.5625,375.0,39814.546784,59.674814,0.070781,666.666667,9,16.0,0,0.0,2,3.555556,1,1.777778,1,1.777778,0,0.0,0,0.0,0,0.0,5,8.888889,994.177287,219.401586,365.008516,2474.661005,1924.745474,0.0,0.0,0.0,0.0,0.0,0.0,0.0,0.0,2.89297,5.143057,12,21.333333,8,0.012461,0.017085,5,-2.478598,0.403822,Cluster 5 · limited retail / low building coverage,35282,73.073114,976.114529,12.201432,False,139.383842,1.742298,False,330.677017,4.133463,False,4045.620885,50.570261,False,2296.68635,28.708579,False,0,1,2,6,7,14,3,3,4,0,0,0,0,0,1,10027933261,1.5334,7.957108,0.112655,15.465736,0.437352,9.451117,7.399558,6.834227,3.776464,7.601973,34.34422,55.064152,33.372473,park,0,35.482,30.622,79.518,44.79
C019_025,19,25,0.5625,442.0,36452.090023,59.447219,0.064804,785.777778,2,3.555556,0,0.0,0,0.0,0,0.0,0,0.0,0,0.0,0,0.0,0,0.0,2,3.555556,1062.731678,652.140122,694.234415,1893.710371,2159.30106,0.0,0.0,0.0,0.0,0.0,0.0,0.0,0.0,3.27702,5.825814,9,16.0,8,0.012461,0.01533,5,-3.484754,0.356003,Cluster 5 · limited retail / low building coverage,35444,98.725221,1356.302721,16.953784,False,1196.637428,14.957968,False,1225.273847,15.315923,False,2935.462872,36.693286,False,2621.641684,32.770521,False,0,0,1,0,1,13,0,0,6,0,0,0,0,0,0,7137477807,2.913123,5.819798,2.3409,6.389837,2.392851,6.400701,6.871957,5.339569,5.156187,6.355573,34.966304,76.380249,46.576509,park,0,36.477,33.639,77.286,45.686
C019_026,19,26,0.5625,648.0,51771.574293,60.730201,0.092038,1152.0,3,5.333333,0,0.0,0,0.0,0,0.0,1,1.777778,0,0.0,0,0.0,0,0.0,2,3.555556,1547.710813,1244.719743,402.013908,1474.222116,2325.945007,0.0,0.0,0.0,0.0,0.0,0.0,0.0,0.0,2.23396,3.971485,5,8.888889,8,0.012461,0.013346,5,-3.477147,0.275958,Cluster 5 · limited retail / low building coverage,35440,145.290814,2816.091191,35.20114,False,1591.534585,19.894182,False,685.859925,8.573249,False,2165.003353,27.062542,False,3003.816866,37.547711,False,0,0,0,0,0,14,1,1,5,0,0,1,0,0,0,13921575038,5.646859,6.233756,3.293292,6.040819,1.391232,6.162344,5.115507,5.290295,5.150763,7.289738,39.994816,76.185848,48.756573,education,0,38.6,32.955,75.218,45.779
C019_027,19,27,0.5625,339.0,45860.613905,63.74933,0.08153,602.666667,6,10.666667,0,0.0,0,0.0,1,1.777778,0,0.0,0,0.0,0,0.0,1,1.777778,4,7.111111,1801.925483,956.563442,696.67266,1373.143374,2248.050362,0.0,0.0,0.0,0.0,0.0,0.0,0.0,0.0,2.903077,5.161025,9,16.0,8,0.012461,0.011146,5,-3.22874,0.277772,Cluster 5 · limited retail / low building coverage,35431,61.539993,2476.657721,30.958222,False,970.45043,12.13063,False,830.431874,10.380398,False,1543.919197,19.29899,False,2382.732711,29.784159,False,0,0,0,0,1,10,0,1,4,0,0,1,0,0,1,3716295783,3.49874,8.848392,1.145173,10.592833,1.146074,9.057357,2.967388,6.503696,3.002644,9.919311,34.188699,71.559098,43.302714,healthcare,0,35.933,29.821,74.292,43.384
C019_028,19,28,0.5625,275.0,21815.381217,46.620825,0.038783,488.888889,4,7.111111,0,0.0,0,0.0,0,0.0,0,0.0,0,0.0,0,0.0,0,0.0,4,7.111111,2058.42093,1113.206327,1050.672721,1650.065031,2412.973411,0.0,0.0,0.0,0.0,0.0,0.0,0.0,0.0,2.053347,3.650394,5,8.888889,8,0.012461,0.008331,5,-4.088515,0.279362,Cluster 5 · limited retail / low building coverage,43223,218.767962,2992.415829,37.405198,False,1486.208537,18.577607,False,1346.189981,16.827375,False,2059.677305,25.745966,False,2898.490818,36.231135,False,0,0,0,0,0,6,0,0,3,0,0,1,0,0,0,13977668723,4.504448,8.304059,2.150881,8.637206,2.151782,7.820205,3.973096,6.480076,4.008352,9.03891,29.834111,80.832037,46.802127,education,0,29.277,26.058,76.089,39.853
C019_029,19,29,0.5625,95.0,5546.093673,46.618683,0.00986,168.888889,0,0.0,0,0.0,0,0.0,0,0.0,0,0.0,0,0.0,0,0.0,0,0.0,0,0.0,2489.769941,1438.137153,1674.749551,2164.46448,2235.183788,0.0,0.0,0.0,0.0,0.0,0.0,0.0,0.0,0.566332,1.006812,2,3.555556,8,0.012461,0.005006,4,-5.066084,0.637951,Cluster 4 · road-sparse / intersection-sparse,35750,248.258503,4198.074428,52.47593,False,2691.867136,33.648339,False,2551.84858,31.898107,False,3265.335903,40.816699,False,4104.149417,51.301868,False,0,0,0,0,0,0,0,0,0,0,0,0,0,0,0,4898800640,6.728555,7.79899,4.374988,7.691069,4.375889,7.289515,6.197203,6.586309,6.232459,8.231401,19.466045,86.761275,44.837903,education,0,16.952,16.874,78.593,32.335
C019_030,19,30,0.185836,114.0,4927.975976,37.601836,0.026518,613.442708,0,0.0,0,0.0,0,0.0,0,0.0,0,0.0,0,0.0,0,0.0,0,0.0,0,0.0,2763.758323,1798.035439,2050.122907,2568.691176,2231.901677,0.172186,0.0,0.0,0.0,0.0,0.0,0.0,0.172186,0.0,0.0,0,0.0,5,0.007788,0.000868,1,-5.664942,-1.184412,Cluster 1 · market-distant / service-light,35750,616.308555,4566.12448,57.076556,False,3059.917188,38.248965,False,2919.898632,36.498733,False,3633.385955,45.417324,False,4472.199469,55.902493,False,0,0,0,0,0,0,0,0,0,0,0,0,0,0,0,4898800640,6.728555,8.482736,4.374988,8.742644,4.375889,8.340873,6.197203,7.328681,6.232459,8.969573,48.159668,87.752722,60.45794,education,0,23.907,20.766,80.008,36.833
C020_001,20,1,0.105335,274.0,25736.308147,82.221282,0.244328,2601.224999,8,75.948175,0,0.0,1,9.493522,1,9.493522,0,0.0,0,0.0,2,18.987044,0,0.0,4,37.974088,452.845252,65.148623,398.878553,551.251863,456.783919,0.0,0.0,0.0,0.0,5e-05,0.0,0.0,5e-05,1.210049,11.487631,9,85.441697,4,0.006231,0.000368,3,-0.335839,-3.200921,Cluster 3 · building-dense / limited recreation POIs,29391,50.909746,568.082165,7.101027,False,146.644392,1.833055,False,544.26356,6.803295,False,717.923506,8.974044,False,568.082165,7.101027,False,1,9,42,7,27,111,2,18,56,1,2,4,1,2,9,1623279994,1.11036,6.395246,0.222477,8.239287,1.11036,6.127106,1.395723,6.429672,1.11036,6.395246,55.546916,35.011664,25.673405,market,0,57.247,53.204,44.619,52.675
C020_002,20,2,0.315184,1146.0,100322.253686,64.437077,0.318297,3635.966858,20,63.454919,1,3.172746,2,6.345492,1,3.172746,1,3.172746,1,3.172746,2,6.345492,0,0.0,12,38.072951,621.9655,329.006269,227.978576,1301.402616,306.723168,0.0,0.0,0.0,0.0,0.002148,0.0,0.0,0.002148,4.818166,15.286817,30,95.182378,5,0.007788,0.001438,3,-0.10038,-2.828506,Cluster 3 · building-dense / limited recreation POIs,41956,30.059764,990.732028,12.38415,False,555.580918,6.944761,False,1061.057433,13.263218,False,1827.355064,22.841938,False,444.930238,5.561628,False,0,1,27,2,3,64,0,1,24,0,0,4,1,1,6,4987656454,2.24903,5.50644,1.417836,4.89814,2.458344,5.395185,4.338413,5.265045,1.128146,4.929883,63.841369,63.219285,49.503748,park,0,66.439,63.639,50.622,61.505
C020_003,20,3,0.514191,401.0,46103.738283,65.610093,0.089663,779.865632,11,21.392823,1,1.944802,3,5.834406,0,0.0,0,0.0,0,0.0,0,0.0,1,1.944802,6,11.668812,272.629173,200.004995,713.088399,662.84395,389.145869,0.0,0.0,0.0,0.0,0.000799,0.0,0.0,0.000799,4.051329,7.879033,12,23.337625,6,0.009346,0.00286,5,-1.693968,-1.251419,Cluster 5 · limited retail / low building coverage,29444,76.60419,468.421724,5.855272,False,257.585833,3.219823,False,1216.407653,15.205096,False,1305.044759,16.313059,False,600.280458,7.503506,False,1,1,7,1,1,26,0,0,8,0,0,1,1,1,4,4885143492,0.0,,0.344553,9.34493,2.451082,6.203422,4.427888,3.684162,1.120884,6.694272,36.625194,60.497667,37.4935,market,0,37.597,36.89,45.397,39.3
C020_004,20,4,0.5625,94.0,6727.594836,44.39369,0.01196,167.111111,6,10.666667,0,0.0,0,0.0,2,3.555556,0,0.0,0,0.0,0,0.0,1,1.777778,3,5.333333,827.20468,936.813433,1260.175936,274.008503,1229.63132,0.0,0.0,0.0,0.0,0.0,0.0,0.0,0.0,1.87521,3.333707,3,5.333333,7,0.010903,0.003805,5,-3.271292,0.08926,Cluster 5 · limited retail / low building coverage,29450,99.983942,1092.751061,13.659388,False,1303.586952,16.294837,False,1965.184965,24.564812,False,256.128025,3.2016,False,1646.281577,20.57852,False,0,1,1,0,0,8,0,0,2,1,1,1,0,0,1,11920184901,4.127345,3.309486,2.46183,6.618992,2.46183,9.978271,0.197346,16.223308,3.32566,6.1878,19.699326,62.801322,32.543391,education,0,19.114,20.012,53.88,28.12
C020_005,20,5,0.5625,27.0,2203.049223,31.591076,0.003917,48.0,3,5.333333,0,0.0,0,0.0,0,0.0,1,1.777778,0,0.0,0,0.0,1,1.777778,1,1.777778,1563.561499,869.895939,882.750356,995.045387,1115.473613,0.0,0.0,0.0,0.008472,0.0,0.0,0.0,0.008472,4.974456,8.843477,25,44.444444,8,0.012461,0.007309,5,-3.301947,0.533608,Cluster 5 · limited retail / low building coverage,29461,88.548218,1872.21203,23.40265,False,1162.852547,14.535657,False,1162.852547,14.535657,False,1035.588994,12.944862,False,1926.844179,24.085552,False,0,0,3,0,1,17,0,1,4,0,1,3,0,0,1,11780297961,3.125751,7.487049,1.460237,9.954313,1.460237,9.954313,1.198939,10.79693,2.324067,10.363536,15.396579,66.378305,32.683315,healthcare,0,20.653,26.893,70.047,35.186
C020_006,20,6,0.5625,717.0,45882.576249,46.63587,0.081569,1274.666667,4,7.111111,0,0.0,0,0.0,1,1.777778,1,1.777778,1,1.777778,0,0.0,0,0.0,1,1.777778,955.3156,593.634094,598.346301,1439.839041,377.430719,0.0,0.0,0.0,0.0,0.000263,0.0,0.0,0.000263,2.782177,4.946092,11,19.555556,8,0.012461,0.008995,5,-2.470002,0.069119,Cluster 5 · limited retail / low building coverage,29485,140.871597,1257.411497,15.717644,False,908.879934,11.360999,False,908.879934,11.360999,False,1983.263193,24.79079,False,601.407934,7.517599,False,0,0,2,0,3,8,0,1,5,0,0,1,1,1,4,4895018554,1.384904,11.349263,1.069715,10.620588,1.069715,10.620588,2.939786,8.432856,0.58322,12.889812,40.513219,68.468118,44.030431,park,0,36.594,35.988,55.731,41.166
C020_007,20,7,0.5625,878.0,79444.623181,60.446247,0.141235,1560.888889,18,32.0,1,1.777778,2,3.555556,1,1.777778,0,0.0,1,1.777778,0,0.0,1,1.777778,12,21.333333,626.014652,435.693446,859.600475,1559.871634,344.298536,0.0,0.0,0.0,0.0,0.0,0.0,0.0,0.0,4.865134,8.649128,19,33.777778,8,0.012461,0.010647,5,-1.427588,-0.089733,Cluster 5 · limited retail / low building coverage,29506,57.310135,700.072195,8.750902,False,456.658316,5.708229,False,1022.998819,12.787485,False,2248.117905,28.101474,False,339.106156,4.238827,False,1,1,6,2,2,27,0,1,19,0,0,1,2,2,9,2451398408,0.769869,11.366743,0.478363,11.932852,1.327336,9.633947,3.376489,8.32269,0.337502,12.559403,45.28253,62.917963,42.261692,park,0,48.305,44.292,75.653,53.737
C020_008,20,8,0.5625,445.0,35651.271245,52.591444,0.06338,791.111111,4,7.111111,0,0.0,0,0.0,0,0.0,1,1.777778,0,0.0,0,0.0,0,0.0,3,5.333333,867.307323,641.829984,1055.347397,1839.133055,661.743528,0.0,0.0,0.0,0.0,0.0,0.0,0.0,0.0,1.519433,2.701214,4,7.111111,8,0.012461,0.012641,5,-3.366247,0.469338,Cluster 5 · limited retail / low building coverage,29527,256.969735,1643.077658,20.538471,False,966.677496,12.083469,False,1378.392832,17.22991,False,2415.472427,30.193405,False,1228.885597,15.36107,False,0,0,3,0,2,9,0,0,3,0,0,0,0,0,4,4882919019,1.382231,14.858928,1.090725,11.078388,1.356179,12.70475,2.978736,10.136315,0.938107,16.374547,34.810783,75.281882,45.83648,market,0,33.002,27.885,77.068,42.228
C020_009,20,9,0.5625,792.0,55448.187147,43.03828,0.098575,1408.0,7,12.444444,0,0.0,1,1.777778,0,0.0,0,0.0,0,0.0,1,1.777778,0,0.0,5,8.888889,1199.346805,104.727937,678.266391,1625.648638,763.835103,0.001115,0.0,0.0,0.0,0.0,0.0,0.0,0.001115,3.723582,6.619701,10,17.777778,8,0.012461,0.014037,5,-2.288945,0.093629,Cluster 5 · limited retail / low building coverage,42008,70.809863,1473.77067,18.422133,False,425.768612,5.322108,False,747.222507,9.340281,False,1784.302101,22.303776,False,1127.583862,14.094798,False,0,0,10,1,3,35,1,1,29,0,0,2,0,1,5,7705106194,3.161923,5.826244,1.07876,4.933542,1.366777,6.833801,4.044409,5.514718,2.174761,6.48108,54.147227,65.241058,47.292157,healthcare,0,43.281,40.564,75.925,50.491
C020_010,20,10,0.5625,178.0,13608.551276,33.233589,0.024193,316.444444,5,8.888889,0,0.0,0,0.0,1,1.777778,0,0.0,0,0.0,0,0.0,1,1.777778,3,5.333333,1110.724311,838.996655,732.392646,1740.1312,1337.218272,0.224826,0.0,0.0,0.0,0.02835,0.0,0.0,0.253176,5.859347,10.416616,45,80.0,8,0.012461,0.015282,5,-2.755774,0.40792,Cluster 5 · limited retail / low building coverage,29574,88.956779,1811.564401,22.644555,False,1291.335405,16.141693,False,986.739345,12.334242,False,2647.273687,33.090921,False,2205.644833,27.57056,False,0,0,4,0,0,16,0,1,7,0,0,0,0,0,2,4876146816,3.434687,6.592901,3.574207,4.51616,1.998048,6.173146,5.219085,6.340368,4.212074,6.545603,45.204769,76.030327,51.033731,education,0,25.435,34.689,39.619,32.22
C020_011,20,11,0.5625,33.0,5424.774397,86.768283,0.009644,58.666667,2,3.555556,0,0.0,0,0.0,0,0.0,0,0.0,0,0.0,0,0.0,0,0.0,2,3.555556,1292.944648,786.11681,881.230924,2130.347317,1621.946263,0.535786,0.0,0.0,0.0,0.02188,0.0,0.0,0.557666,4.112877,7.311781,33,58.666667,8,0.012461,0.016352,5,-3.587032,0.760962,Cluster 5 · limited retail / low building coverage,42020,175.625155,1743.984527,21.799807,False,2264.077524,28.300969,False,1421.302335,17.766279,False,3165.740515,39.571756,False,2295.06598,28.688325,False,0,0,2,0,0,3,0,0,4,0,0,0,0,0,1,4963140280,3.47005,6.282275,4.005157,7.066132,2.425258,7.325523,5.650035,7.003807,4.629477,6.196882,38.569207,82.017885,51.787343,education,0,16.05,25.311,43.142,26.064
C020_012,20,12,0.5625,7.0,212.434053,21.329094,0.000378,12.444444,0,0.0,0,0.0,0,0.0,0,0.0,0,0.0,0,0.0,0,0.0,0,0.0,0,0.0,1442.493802,1174.907511,1307.40322,1935.438132,1748.598907,0.257988,0.0,0.0,0.0,0.0,0.0,0.0,0.257988,2.025155,3.600276,3,5.333333,8,0.012461,0.017234,4,-4.624131,1.514006,Cluster 4 · road-sparse / intersection-sparse,41165,299.247731,2142.959757,26.786997,False,2000.197708,25.002471,False,1820.277565,22.75347,False,2984.978113,37.312226,False,2694.04121,33.675515,False,0,0,2,0,0,2,0,0,2,0,0,0,0,0,0,13149232799,4.729819,5.663429,2.593612,9.640021,3.685027,6.174573,4.790371,7.789006,5.889247,5.718136,32.78901,82.892691,49.464892,education,0,12.978,16.512,77.395,30.319
C020_013,20,13,0.5625,5.0,1529.006581,195.578575,0.002718,8.888889,2,3.555556,0,0.0,0,0.0,0,0.0,0,0.0,0,0.0,0,0.0,0,0.0,2,3.555556,1810.020464,673.806311,979.254809,1317.970801,1397.62898,0.950789,0.0,0.0,0.0,0.004221,0.0,0.0,0.95501,9.393859,16.700193,47,83.555556,8,0.012461,0.018489,7,-3.405247,0.972297,Cluster 7 · residential land use / road-dense,29706,128.703415,2375.990752,29.699884,False,799.413997,9.992675,False,1860.041186,23.250515,False,1784.194402,22.30243,False,2660.846522,33.260582,False,0,0,1,1,2,9,0,0,1,0,0,1,0,0,0,9935046012,4.942023,6.009661,1.552579,6.436178,4.045303,5.747534,3.749338,5.948364,5.380287,6.181934,36.029031,75.651244,46.614344,market,0,20.793,35.148,48.064,32.635
C020_014,20,14,0.5625,130.0,11323.011473,43.348667,0.02013,231.111111,4,7.111111,0,0.0,1,1.777778,0,0.0,0,0.0,0,0.0,0,0.0,0,0.0,3,5.333333,1234.394788,385.0058,594.357474,923.673807,1405.039287,0.647144,0.0,0.0,0.0,0.006874,0.0,0.0,0.654018,8.620987,15.3262,51,90.666667,8,0.012461,0.018879,7,-2.488301,0.405487,Cluster 7 · residential land use / road-dense,42055,22.568183,1804.906137,22.561327,False,488.756242,6.109453,False,1288.956571,16.111957,False,1213.109787,15.163872,False,2089.761907,26.122024,False,0,0,2,1,2,12,0,0,4,0,0,3,0,0,2,9934145872,3.743197,6.027288,1.078914,5.662592,2.846477,5.660316,2.550512,5.945422,4.181461,6.247104,44.893727,69.935848,46.812424,market,0,28.344,39.448,41.345,35.481
C020_015,20,15,0.5625,169.0,28276.207467,59.11797,0.050269,300.444444,8,14.222222,0,0.0,0,0.0,2,3.555556,1,1.777778,0,0.0,0,0.0,0,0.0,5,8.888889,946.724303,472.612203,671.177193,1046.087745,1766.325006,0.726224,0.0,1.6e-05,0.026876,0.0,0.0,0.0,0.753116,6.933813,12.326779,27,48.0,8,0.012461,0.019261,7,-2.312799,0.427958,Cluster 7 · residential land use / road-dense,29792,189.080282,1082.555867,13.531948,False,688.828957,8.610362,False,843.867131,10.548339,False,1268.53045,15.856631,False,2233.682558,27.921032,False,0,1,3,1,1,14,0,1,5,0,0,4,0,0,1,9935062221,1.500513,9.018213,0.756924,11.375469,1.516943,6.95368,1.141682,13.888836,3.086421,9.046411,50.285122,63.277605,44.402574,education,0,36.594,44.946,70.591,48.016
C020_016,20,16,0.5625,235.0,20073.401378,46.395322,0.035686,417.777778,3,5.333333,0,0.0,0,0.0,0,0.0,1,1.777778,0,0.0,0,0.0,0,0.0,2,3.555556,1180.611418,850.298952,1292.664585,1302.533889,2321.782216,0.133055,0.0,0.104611,0.0,0.0,0.0,0.0,0.237666,7.303419,12.983856,22,39.111111,8,0.012461,0.019441,5,-3.246788,0.310601,Cluster 5 · limited retail / low building coverage,29910,128.844335,2577.49659,32.218707,False,1502.464348,18.780804,False,1620.68551,20.258569,False,2978.870819,37.235885,False,4233.882711,52.923534,False,0,0,0,0,0,3,0,0,1,0,0,0,0,0,0,9931543704,3.97107,8.113357,2.857635,6.572149,2.679698,7.560018,4.835187,7.701023,6.779926,7.805916,47.096941,82.523328,56.328909,education,0,36.322,50.206,73.476,50.47
C020_017,20,17,0.5625,20.0,1407.728533,36.850618,0.002503,35.555556,0,0.0,0,0.0,0,0.0,0,0.0,0,0.0,0,0.0,0,0.0,0,0.0,0,0.0,1736.778551,964.181452,1312.085424,1807.09706,2699.09624,0.0,0.0,0.0,0.0,0.0,0.0,0.0,0.0,11.367578,20.209027,33,58.666667,8,0.012461,0.019422,5,-3.942843,0.867383,Cluster 5 · limited retail / low building coverage,30070,70.243055,2249.083758,28.113547,False,1360.309455,17.003868,False,1983.343395,24.791792,False,3074.597359,38.432467,False,3451.195313,43.139941,False,0,0,1,0,0,4,0,0,2,0,0,0,0,0,0,9977456290,3.717027,7.563451,2.434162,6.985514,3.652979,6.786732,5.713671,6.726406,6.670392,6.467377,14.593053,82.406687,40.178066,education,0,28.297,41.796,76.796,45.146
C020_018,20,18,0.5625,93.0,10583.20117,54.147435,0.018815,165.333333,2,3.555556,0,0.0,1,1.777778,0,0.0,1,1.777778,0,0.0,0,0.0,0,0.0,0,0.0,1394.569208,308.741472,1196.216653,1420.782807,2622.898081,0.0,0.0,0.0,0.0,0.0,0.0,0.0,0.0,10.557442,18.768785,29,51.555556,8,0.012461,0.019202,5,-2.975015,0.536004,Cluster 5 · limited retail / low building coverage,30206,18.12488,1460.710716,18.258884,False,571.936413,7.149205,False,1396.834978,17.460437,False,2827.589609,35.34487,False,2781.862199,34.773277,False,0,0,4,1,1,19,0,0,8,0,0,0,0,0,0,9977033405,2.460211,7.421672,1.177346,6.072304,3.149829,5.543296,4.782443,7.390547,5.413577,6.423346,21.435977,74.533437,39.399557,park,0,33.841,42.115,74.673,46.945
C020_019,20,19,0.5625,96.0,12747.154309,110.273686,0.022662,170.666667,0,0.0,0,0.0,0,0.0,0,0.0,0,0.0,0,0.0,0,0.0,0,0.0,0,0.0,655.249128,621.286343,800.250444,730.030947,2050.691094,0.02425,0.0,0.0,0.0,0.0,0.0,0.0,0.02425,13.826473,24.580396,44,78.222222,8,0.012461,0.018787,5,-3.016126,0.529561,Cluster 5 · limited retail / low building coverage,30239,38.709115,744.192488,9.302406,False,909.618105,11.370226,False,1264.892883,15.811161,False,2111.071382,26.388392,False,2716.841073,33.960513,False,1,1,4,0,2,18,0,0,11,0,0,1,0,0,0,9977033372,1.201951,7.739422,1.682486,6.757992,2.317117,6.823635,3.524183,7.487804,4.909235,6.917679,37.42872,68.458398,42.75722,market,0,41.12,53.32,66.672,51.778
C020_020,20,20,0.5625,296.0,38623.753696,102.104329,0.068664,526.222222,14,24.888889,1,1.777778,0,0.0,1,1.777778,0,0.0,0,0.0,1,1.777778,0,0.0,11,19.555556,197.179017,481.594063,481.594063,415.0501,1581.132704,0.041852,0.0,0.0,0.0,0.0,0.0,0.0,0.041852,13.149994,23.377767,57,101.333333,8,0.012461,0.018165,5,-1.348525,0.245333,Cluster 5 · limited retail / low building coverage,42218,22.3888,423.411549,5.292644,False,1134.116768,14.17646,False,1134.116768,14.17646,False,1436.654499,17.958181,False,2042.424191,25.530302,False,3,4,5,0,2,15,0,3,12,0,0,4,0,0,1,9810348277,0.820004,6.454411,2.196377,6.454474,2.180168,6.502463,2.538924,7.073147,3.923976,6.506233,48.729912,59.37986,41.113396,education,0,49.689,56.617,58.453,54.305
C020_021,20,21,0.5625,130.0,16269.284286,55.018878,0.028923,231.111111,2,3.555556,1,1.777778,0,0.0,0,0.0,0,0.0,0,0.0,0,0.0,0,0.0,1,1.777778,425.060711,764.645228,647.244368,832.994665,1385.50615,0.0,0.0,0.0,0.0,0.0,0.0,0.0,0.0,4.580208,8.142593,27,48.0,8,0.012461,0.017467,5,-2.824902,0.675773,Cluster 5 · limited retail / low building coverage,30469,80.988278,811.241271,10.140516,False,1811.756557,22.646957,False,1811.756557,22.646957,False,2114.294288,26.428679,False,2720.06398,34.0008,False,0,2,4,0,0,7,0,0,6,0,0,1,0,0,0,9916751205,2.259306,4.488333,3.635679,6.229087,3.619469,6.256983,3.978225,6.643334,5.363277,6.339556,24.857439,73.823872,40.539983,education,0,29.712,30.35,68.087,39.529
C020_022,20,22,0.5625,27.0,1188.502203,31.499723,0.002113,48.0,0,0.0,0,0.0,0,0.0,0,0.0,0,0.0,0,0.0,0,0.0,0,0.0,0,0.0,1033.961039,835.200824,1065.44635,1440.726194,1569.80061,0.0,0.0,0.0,0.0,0.0,0.0,0.0,0.0,0.871255,1.548898,4,7.111111,8,0.012461,0.016053,4,-4.39404,1.371756,Cluster 4 · road-sparse / intersection-sparse,30481,175.641683,1545.707504,19.321344,False,2546.22279,31.827785,False,2546.22279,31.827785,False,2848.760521,35.609507,False,3454.530213,43.181628,False,0,0,3,0,0,0,0,0,0,0,0,0,0,0,0,13394385259,3.74436,5.16012,5.120732,6.215475,5.104523,6.235213,5.463279,6.517973,6.848331,6.305423,14.774495,82.75661,40.438766,education,0,13.087,14.786,74.891,29.133
C020_023,20,23,0.5625,451.0,30837.321067,53.403168,0.054822,801.777778,1,1.777778,0,0.0,0,0.0,0,0.0,0,0.0,0,0.0,0,0.0,0,0.0,1,1.777778,1755.697654,496.637218,963.322068,2140.678355,2033.20452,0.0,0.0,0.0,0.0,0.0,0.0,0.0,0.0,2.018251,3.588001,6,10.666667,8,0.012461,0.015052,5,-3.830654,0.456537,Cluster 5 · limited retail / low building coverage,35524,21.56692,2823.610004,35.295125,False,884.785789,11.059822,False,1334.431685,16.680396,False,4908.899563,61.361245,False,4144.181825,51.802273,False,0,0,0,0,2,8,0,0,3,0,0,0,0,0,0,13984717699,6.007318,5.875354,0.914343,12.095918,3.47786,4.796166,11.598297,5.290539,8.250383,6.278772,34.39606,79.267107,48.0657,park,0,32.869,29.152,78.484,42.972
C020_024,20,24,0.5625,738.0,65224.149741,74.379506,0.115954,1312.0,17,30.222222,0,0.0,5,8.888889,0,0.0,4,7.111111,0,0.0,2,3.555556,0,0.0,6,10.666667,1726.658644,236.469768,293.953522,2866.062748,2463.418091,0.0,0.0,0.0,0.0,0.0,0.0,0.0,0.0,3.040702,5.405692,8,14.222222,8,0.012461,0.013884,5,-2.145633,0.01231,Cluster 5 · limited retail / low building coverage,35518,78.820996,2184.874291,27.310929,False,562.566194,7.032077,False,695.695972,8.6962,False,4270.16385,53.377048,False,3505.446112,43.818076,False,0,0,1,5,5,7,2,2,3,0,0,0,0,0,0,11368279907,4.017269,6.798382,1.261736,5.573335,1.487811,5.844964,9.608247,5.555337,6.260333,6.999321,42.742354,69.537325,45.648064,park,0,43.009,37.698,80.498,50.522
C020_025,20,25,0.5625,618.0,47778.402319,61.260737,0.084939,1098.666667,4,7.111111,0,0.0,0,0.0,0,0.0,0,0.0,0,0.0,0,0.0,0,0.0,4,7.111111,1767.020151,485.999556,508.856806,2487.961986,2881.382155,0.0,0.0,0.0,0.0,0.0,0.0,0.0,0.0,2.881268,5.122254,9,16.0,8,0.012461,0.012544,5,-3.516455,0.097568,Cluster 5 · limited retail / low building coverage,43254,173.962946,2239.421634,27.99277,False,677.202911,8.465036,False,677.202911,8.465036,False,3701.282621,46.266033,False,3559.993455,44.499918,False,0,0,1,4,5,7,2,2,4,0,0,0,0,0,0,4922024015,3.731566,7.501615,1.063166,7.9621,1.063166,7.9621,8.028261,5.762896,5.97463,7.448146,39.580093,69.751166,44.465013,park,0,39.401,34.907,79.572,47.871
C020_026,20,26,0.5625,58.0,3480.305203,45.335318,0.006187,103.111111,0,0.0,0,0.0,0,0.0,0,0.0,0,0.0,0,0.0,0,0.0,0,0.0,0,0.0,2094.843754,1206.711766,1130.422047,2185.668484,3055.860713,0.0,0.0,0.0,0.0,0.0,0.0,0.0,0.0,0.291923,0.518974,0,0.0,8,0.012461,0.011046,4,-5.232528,1.248374,Cluster 4 · road-sparse / intersection-sparse,43233,249.292911,2650.942341,33.136779,False,2058.054666,25.725683,False,1586.938877,19.836736,False,3066.082304,38.326029,False,3904.895817,48.811198,False,0,0,0,0,0,5,0,0,4,0,0,0,0,0,0,11799702231,5.564026,5.95554,3.760441,6.841134,3.097998,6.403082,6.822273,5.61778,6.857529,7.117899,17.418351,83.592535,42.173279,education,0,14.673,14.701,78.701,30.69
C020_027,20,27,0.5625,171.0,10067.433075,47.674715,0.017898,304.0,3,5.333333,0,0.0,0,0.0,1,1.777778,0,0.0,0,0.0,0,0.0,0,0.0,2,3.555556,2545.24579,1447.020741,1265.540049,2118.805938,2996.997656,0.0,0.0,0.0,0.0,0.0,0.0,0.0,0.0,1.987309,3.532994,6,10.666667,8,0.012461,0.009364,5,-4.254498,0.421267,Cluster 5 · limited retail / low building coverage,43235,113.617967,3375.252831,42.19066,False,1869.04554,23.363069,False,1729.026984,21.612837,False,2442.514307,30.531429,False,3281.32782,41.016598,False,0,0,0,0,0,5,0,0,2,0,0,0,0,0,0,4898848357,4.784482,8.81823,2.430916,9.61081,2.431816,8.88753,4.253131,7.178578,4.288386,9.564576,24.183515,83.125972,45.312058,education,0,23.165,23.313,78.266,36.992
C020_028,20,28,0.5625,112.0,7145.328434,46.619625,0.012703,199.111111,0,0.0,0,0.0,0,0.0,0,0.0,0,0.0,0,0.0,0,0.0,0,0.0,0,0.0,2732.844197,1616.270068,1660.218909,2307.927746,3122.61192,0.0,0.0,0.0,0.0,0.0,0.0,0.0,0.0,0.177581,0.3157,0,0.0,8,0.012461,0.007389,4,-5.43899,0.954784,Cluster 4 · road-sparse / intersection-sparse,43310,246.351252,3781.455446,47.268193,False,2275.248154,28.440602,False,2135.229598,26.69037,False,2848.716921,35.608962,False,3687.530435,46.09413,False,0,0,0,0,0,1,0,0,1,0,0,0,0,0,0,4925832120,6.058213,7.802333,3.704647,7.677008,3.705547,7.202815,5.526862,6.44289,5.562117,8.287155,21.047175,85.167185,44.822046,education,0,17.589,16.481,79.082,32.574
C020_029,20,29,0.5625,261.0,16181.932939,46.618476,0.028768,464.0,0,0.0,0,0.0,0,0.0,0,0.0,0,0.0,0,0.0,0,0.0,0,0.0,0,0.0,3095.738794,2062.956336,2111.208118,2699.76339,2981.294601,0.0,0.0,0.0,0.0,0.0,0.0,0.0,0.0,0.558395,0.992701,1,1.777778,8,0.012461,0.004449,4,-5.271123,0.411532,Cluster 4 · road-sparse / intersection-sparse,43312,208.441864,4193.601828,52.420023,False,2687.394537,33.592432,False,2547.375981,31.8422,False,3260.863304,40.760791,False,4099.676817,51.24596,False,0,0,0,0,0,0,0,0,0,0,0,0,0,0,0,4898644039,6.933499,7.5604,4.579932,7.3347,4.580833,6.951181,6.402147,6.366737,6.437403,7.960657,28.17522,86.683515,49.327369,education,0,24.977,21.851,80.226,37.695
C020_030,20,30,0.175504,0.0,0.0,0.0,0.0,0.0,0,0.0,0,0.0,0,0.0,0,0.0,0,0.0,0,0.0,0,0.0,0,0.0,0,0.0,3383.145452,2329.007683,2484.00381,3028.5349,2978.303957,0.0,0.0,0.0,0.0,0.0,0.0,0.0,0.0,0.0,0.0,0,0.0,5,0.007788,0.00071,4,-6.690674,0.127602,Cluster 4 · road-sparse / intersection-sparse,43312,625.821364,4610.981328,57.637267,False,3104.774037,38.809675,False,2964.755481,37.059444,False,3678.242804,45.978035,False,4517.056317,56.463204,False,0,0,0,0,0,0,0,0,0,0,0,0,0,0,0,4898644039,6.933499,8.312869,4.579932,8.473853,4.580833,8.090111,6.402147,7.181658,6.437403,8.771115,11.430793,87.888802,41.183353,education,0,8.165,9.199,80.824,26.692
C021_004,21,4,0.172383,2.0,107.710973,53.855486,0.000625,11.602059,0,0.0,0,0.0,0,0.0,0,0.0,0,0.0,0,0.0,0,0.0,0,0.0,0,0.0,844.466788,1065.933473,1735.667026,420.799429,1412.170914,0.0,0.0,0.0,0.0,0.0,0.0,0.0,0.0,0.092556,0.536922,0,0.0,4,0.006231,0.000792,1,-5.280243,-0.798718,Cluster 1 · market-distant / service-light,41964,300.494542,1528.68296,19.108537,False,1739.518851,21.743986,False,2401.116865,30.013961,False,692.059925,8.650749,False,2082.213477,26.027668,False,0,0,1,0,0,1,0,0,0,1,1,1,0,0,1,11920184911,4.672376,4.089683,3.006862,7.231455,3.006862,9.981823,0.742377,11.652773,3.870692,6.724294,13.141524,71.277216,34.131034,education,0,10.902,12.022,58.997,23.318
C021_005,21,5,0.382233,8.0,237.305522,28.638093,0.000621,20.929664,0,0.0,0,0.0,0,0.0,0,0.0,0,0.0,0,0.0,0,0.0,0,0.0,0,0.0,1472.162356,1374.506611,1385.724212,1099.701228,1223.259267,0.0,0.0,0.0,0.0,0.0,0.0,0.0,0.0,0.0,0.0,0,0.0,5,0.007788,0.001804,4,-5.534979,-0.308739,Cluster 4 · road-sparse / intersection-sparse,29464,330.781604,2559.535888,31.994199,False,1850.176405,23.127205,False,1850.176405,23.127205,False,1722.912852,21.536411,False,2614.168037,32.6771,False,0,0,0,0,0,6,0,0,1,0,0,1,0,0,0,11780366578,4.155722,7.69883,2.490208,9.287258,2.490208,9.287258,2.22891,9.662305,3.354038,9.742615,13.452566,80.851477,38.86655,education,0,9.981,10.478,71.244,25.471
C021_006,21,6,0.548975,331.0,19780.39906,38.611112,0.036032,602.942095,1,1.821577,1,1.821577,0,0.0,0,0.0,0,0.0,0,0.0,0,0.0,0,0.0,0,0.0,600.58681,600.58681,506.715834,1966.384154,673.854,0.0,0.0,0.0,0.0,0.0,0.0,0.0,0.0,1.377619,2.509439,3,5.464732,7,0.010903,0.00402,5,-3.534164,-0.321873,Cluster 5 · limited retail / low building coverage,41973,119.645379,807.524627,10.094058,False,807.524627,10.094058,False,1458.988777,18.23736,False,2695.345484,33.691819,False,1313.490226,16.418628,False,0,1,1,0,2,4,0,0,3,0,0,0,0,0,3,10847752441,1.351293,7.469924,1.351293,7.469924,2.195941,8.30503,4.431923,7.602077,2.075357,7.91123,30.559876,69.994168,40.831746,market,0,28.313,25.047,77.558,39.481
C021_007,21,7,0.5625,206.0,37372.642268,68.991789,0.06644,366.222222,16,28.444444,2,3.555556,2,3.555556,3,5.333333,3,5.333333,1,1.777778,0,0.0,0,0.0,5,8.888889,127.67805,127.67805,238.899222,2268.468604,330.718173,0.0,0.0,0.0,0.0,0.0,0.0,0.0,0.0,2.044022,3.633817,2,3.555556,8,0.012461,0.006305,3,-1.235989,0.415785,Cluster 3 · building-dense / limited recreation POIs,29503,174.780817,174.780817,2.18476,False,174.780817,2.18476,False,826.244968,10.328062,False,3008.350649,37.604383,False,830.78438,10.384805,False,1,1,3,2,2,7,0,1,6,0,0,0,0,3,5,4883041360,0.0,,0.0,,0.844648,12.227651,4.146358,9.069255,0.801684,12.953735,30.715397,55.880638,32.650631,park,0,31.477,24.518,78.865,40.888
C021_008,21,8,0.5625,286.0,19997.861436,50.343053,0.035552,508.444444,3,5.333333,1,1.777778,0,0.0,0,0.0,0,0.0,0,0.0,1,1.777778,0,0.0,1,1.777778,142.567159,787.76147,429.988577,2525.260004,568.325465,0.0,0.0,0.0,0.0,0.0,0.0,0.0,0.0,2.956089,5.255269,7,12.444444,8,0.012461,0.00799,5,-2.655122,0.258584,Cluster 5 · limited retail / low building coverage,29535,84.479052,84.479052,1.055988,False,1390.684904,17.383561,False,390.870876,4.885886,False,3200.932096,40.011651,False,1003.742804,12.546785,False,1,1,2,0,0,5,1,1,3,0,0,0,0,2,3,4882919230,0.0,,3.083612,5.637402,0.708132,6.899679,6.155515,6.50013,2.171257,5.778581,29.62675,62.48056,36.098799,education,0,30.552,29.355,79.79,42.443
C021_009,21,9,0.5625,879.0,59887.473115,40.627693,0.106467,1562.666667,1,1.777778,0,0.0,0,0.0,0,0.0,0,0.0,0,0.0,0,0.0,0,0.0,1,1.777778,832.7928,697.093189,785.988138,2374.291723,541.194732,0.0,0.0,0.0,0.0,0.0,0.0,0.0,0.0,4.745529,8.436495,16,28.444444,8,0.012461,0.009125,5,-3.09241,-0.217731,Cluster 5 · limited retail / low building coverage,29549,67.603324,904.059919,11.300749,False,821.868537,10.273357,False,1210.451743,15.130647,False,2632.115729,32.901447,False,1275.888642,15.948608,False,0,1,2,0,1,5,0,0,3,0,0,0,0,0,5,4882911349,1.941406,5.82091,1.640133,6.263733,2.649538,5.710673,6.223558,5.286597,2.869833,5.55733,43.67548,70.451011,46.642294,park,0,45.941,44.067,79.3,53.625
C021_010,21,10,0.5625,341.0,18248.592017,32.056212,0.032442,606.222222,1,1.777778,0,0.0,0,0.0,0,0.0,0,0.0,0,0.0,0,0.0,1,1.777778,0,0.0,1578.531691,434.40015,1475.013399,2454.095411,1120.407488,0.0,0.0,0.0,0.0,0.023783,0.0,0.0,0.023783,3.083486,5.481752,21,37.333333,8,0.012461,0.010136,5,-3.436196,0.216809,Cluster 5 · limited retail / low building coverage,29661,211.220549,2410.107717,30.126346,False,1362.105659,17.026321,False,2135.273257,26.690916,False,3172.352852,39.654411,False,2164.643794,27.058047,False,0,0,0,0,0,3,0,0,2,0,0,0,0,0,2,4882911610,5.765254,5.225502,1.386656,12.27869,4.826597,5.529966,7.858764,5.045884,7.040623,3.843133,29.937792,83.106532,48.170769,education,0,25.148,30.98,43.266,31.719
C021_011,21,11,0.5625,33.0,6953.775768,46.807519,0.012362,58.666667,3,5.333333,0,0.0,1,1.777778,0,0.0,0,0.0,0,0.0,0,0.0,0,0.0,2,3.555556,1792.365663,318.135126,1556.717027,2468.718476,1828.314562,0.0,0.0,0.0,0.0,0.021725,0.0,0.0,0.021725,2.27057,4.036569,14,24.888889,8,0.012461,0.011043,5,-3.865062,0.74308,Cluster 5 · limited retail / low building coverage,29666,112.960794,1999.049625,24.98812,False,1861.003236,23.26254,False,2634.170835,32.927135,False,2692.530786,33.656635,False,2663.541371,33.294267,False,0,0,1,0,0,1,0,0,0,0,0,0,0,0,0,4963185519,4.378598,5.706877,0.0,,6.213253,5.2995,6.472108,5.200259,8.427279,3.950773,17.703473,82.77605,41.902961,education,0,13.274,18.872,44.487,23.037
C021_012,21,12,0.5625,168.0,6578.932228,27.506462,0.011696,298.666667,2,3.555556,0,0.0,0,0.0,0,0.0,0,0.0,0,0.0,0,0.0,0,0.0,2,3.555556,1484.112701,999.989166,1930.964123,1720.667656,2375.992307,0.049663,0.0,0.0,0.0,0.0,0.0,0.0,0.049663,1.320405,2.347387,0,0.0,8,0.012461,0.012575,4,-4.601408,0.940759,Cluster 4 · road-sparse / intersection-sparse,29671,511.74527,1036.785615,12.95982,False,2957.415873,36.967698,False,3029.279035,37.865988,False,1730.266776,21.628335,False,4423.374332,55.292179,False,0,1,1,0,0,0,0,0,0,0,0,1,0,0,0,4949071479,1.216286,10.655237,3.162312,11.690087,5.282851,7.167718,3.309796,6.534642,8.62478,6.410851,38.698808,76.710731,48.495975,education,0,19.767,21.233,76.252,34.401
C021_013,21,13,0.5625,303.0,12952.347971,28.147274,0.023026,538.666667,2,3.555556,0,0.0,1,1.777778,0,0.0,0,0.0,0,0.0,0,0.0,0,0.0,1,1.777778,1522.368663,271.266689,1644.395244,975.614397,2130.987582,0.127079,0.0,0.0,0.0,0.0,0.0,0.0,0.127079,2.509085,4.460596,5,8.888889,8,0.012461,0.013311,5,-3.475422,0.494097,Cluster 5 · limited retail / low building coverage,29691,173.352248,761.846305,9.523079,False,2627.63843,32.84548,False,2699.501592,33.74377,False,1400.489333,17.506117,False,4274.768225,53.434603,False,1,1,1,0,0,0,0,0,0,0,0,1,0,0,0,7876446858,1.362136,6.991281,3.602117,9.118382,5.301661,6.364754,3.328606,5.259293,8.64359,6.181992,46.500778,74.164075,50.357753,education,0,27.131,27.846,69.829,38.056
C021_014,21,14,0.5625,348.0,36655.088924,54.134217,0.065165,618.666667,7,12.444444,0,0.0,0,0.0,2,3.555556,0,0.0,0,0.0,0,0.0,2,3.555556,3,5.333333,1373.646334,521.721096,1144.318828,260.67167,2135.855029,0.0,0.0,0.0,0.0,0.0,0.0,0.0,0.0,2.339466,4.159051,10,17.777778,8,0.012461,0.014121,5,-2.591629,0.617695,Cluster 5 · limited retail / low building coverage,42050,164.744919,2376.704643,29.708808,False,2004.068474,25.050856,False,1714.203581,21.427545,False,1777.547936,22.219349,False,3037.454928,37.968187,False,0,0,2,0,0,3,0,0,2,0,0,2,0,0,0,4920104536,3.838496,7.7397,3.223311,7.771776,2.970421,7.213639,2.632491,8.440428,5.147592,7.375913,33.359253,80.909798,48.558462,education,0,33.53,28.258,53.281,36.623
C021_015,21,15,0.5625,322.0,31637.978205,60.31645,0.056245,572.444444,7,12.444444,0,0.0,1,1.777778,0,0.0,4,7.111111,0,0.0,0,0.0,0,0.0,2,3.555556,1075.514253,371.564168,548.487062,555.94603,2389.06788,0.0,0.0,0.0,0.002511,0.0,0.0,0.0,0.002511,4.41644,7.851449,13,23.111111,8,0.012461,0.014159,5,-2.492738,0.319678,Cluster 5 · limited retail / low building coverage,29786,261.148859,1251.476396,15.643455,False,1097.127125,13.714089,False,1168.990288,14.612379,False,652.319689,8.153996,False,3111.36989,38.892124,False,0,0,2,0,1,7,0,1,3,1,1,2,0,0,0,4920056854,1.682946,9.295281,1.63032,8.411902,1.542159,9.475275,0.430896,18.923348,4.884088,7.963027,32.115086,62.4514,37.014352,education,0,36.05,34.572,63.134,42.304
C021_016,21,16,0.5625,75.0,3265.383869,30.83716,0.005805,133.333333,0,0.0,0,0.0,0,0.0,0,0.0,0,0.0,0,0.0,0,0.0,0,0.0,0,0.0,1245.615337,575.328908,645.918366,1294.296047,2824.608639,0.0,0.0,0.012553,0.0,0.0,0.0,0.0,0.012553,12.912012,22.954687,65,115.555556,8,0.012461,0.014381,5,-3.368658,0.276691,Cluster 5 · limited retail / low building coverage,29895,132.148629,1828.075969,22.85095,False,753.043728,9.413047,False,871.26489,10.890811,False,2496.076247,31.200953,False,4027.017129,50.337714,False,0,0,1,1,1,7,0,1,2,0,0,0,0,0,0,12896019460,2.261066,10.106274,1.077191,8.738511,0.969694,11.231181,3.125183,9.983722,5.069922,9.928696,17.858994,71.656299,36.340776,park,0,33.717,58.499,73.313,52.29
C021_017,21,17,0.5625,58.0,8950.006485,58.353682,0.015911,103.111111,3,5.333333,0,0.0,0,0.0,1,1.777778,0,0.0,0,0.0,0,0.0,0,0.0,2,3.555556,1752.536512,1032.559283,1287.859858,2041.158623,3350.877615,0.0,0.0,0.0,0.0,0.011249,0.0,0.0,0.011249,11.239365,19.981093,40,71.111111,8,0.012461,0.01442,5,-3.562846,0.378187,Cluster 5 · limited retail / low building coverage,30043,81.884425,2509.063156,31.363289,False,1407.297402,17.591218,False,1552.252077,19.403151,False,2854.879548,35.685994,False,4214.200162,52.677502,False,0,0,0,0,0,5,0,0,1,0,0,0,0,0,0,9977039882,3.573929,8.775576,2.390055,7.360173,2.282558,8.500617,4.438046,8.040924,6.382786,8.253058,19.491965,82.153966,42.46964,education,0,28.771,43.464,47.348,38.558
C021_018,21,18,0.5625,63.0,21747.247477,54.296599,0.038662,112.0,3,5.333333,0,0.0,1,1.777778,0,0.0,0,0.0,0,0.0,0,0.0,0,0.0,2,3.555556,1424.885736,425.2181,1258.714957,1552.238023,3110.686394,0.0,0.0,0.014704,0.0,0.001532,0.0,0.002213,0.01845,10.514393,18.692255,40,71.111111,8,0.012461,0.014295,5,-3.242218,0.30053,Cluster 5 · limited retail / low building coverage,30199,27.069267,1833.201572,22.91502,False,612.744671,7.659308,False,1833.201572,22.91502,False,2067.718837,25.846485,False,3616.454625,45.205683,False,0,0,2,2,3,9,0,0,7,0,0,1,0,0,0,9977733315,3.524685,6.501296,1.266287,6.048637,3.524685,6.501296,4.651237,5.556906,6.808119,6.639966,23.639191,73.794712,39.984569,market,0,34.09,50.4,53.966,44.768
C021_019,21,19,0.5625,111.0,12467.519846,94.121986,0.022164,197.333333,4,7.111111,0,0.0,0,0.0,0,0.0,0,0.0,0,0.0,0,0.0,0,0.0,4,7.111111,704.904277,648.415138,511.979804,1049.184458,2616.489347,0.035186,0.0,0.0,0.0,0.016362,0.0,0.023488,0.075037,6.825233,12.133747,27,48.0,8,0.012461,0.013975,5,-3.101502,0.438044,Cluster 5 · limited retail / low building coverage,30264,26.916552,1085.156814,13.56446,False,916.808426,11.460105,False,1085.156814,13.56446,False,1860.484985,23.256062,False,3502.712098,43.783901,False,0,1,4,0,4,14,0,3,7,0,0,1,0,0,0,9911509111,2.245293,6.041288,1.590923,7.20343,2.245293,6.041288,3.667643,6.340875,6.507969,6.727737,38.932089,63.792768,40.418622,park,0,25.614,34.681,37.994,31.882
C021_020,21,20,0.5625,301.0,34888.089585,74.656331,0.062023,535.111111,36,64.0,1,1.777778,4,7.111111,1,1.777778,5,8.888889,0,0.0,1,1.777778,0,0.0,24,42.666667,297.457086,192.690746,192.690746,957.670703,2267.30306,0.100504,0.0,0.0,0.0,0.005153,0.0,0.0,0.105656,9.54391,16.966951,19,33.777778,8,0.012461,0.013705,3,-0.886852,0.076493,Cluster 3 · building-dense / limited recreation POIs,30380,85.387954,619.373572,7.74217,False,215.010775,2.687635,False,215.010775,2.687635,False,1806.14657,22.576832,False,3011.77029,37.647129,False,1,2,4,3,3,12,4,4,8,0,0,1,0,0,0,11054246488,0.730569,10.597453,0.159335,16.867778,0.159335,16.867778,2.798844,8.066483,4.870592,7.729477,50.233281,50.456843,35.390414,park,0,38.468,45.723,42.877,42.11
C021_021,21,21,0.5625,17.0,1268.500272,73.789498,0.002255,30.222222,0,0.0,0,0.0,0,0.0,0,0.0,0,0.0,0,0.0,0,0.0,0,0.0,0,0.0,897.257709,625.156858,726.955859,1363.260181,2135.488195,0.0,0.0,0.0,0.0,0.0,0.0,0.0,0.0,0.529525,0.941378,0,0.0,8,0.012461,0.012833,4,-4.716927,1.593887,Cluster 4 · road-sparse / intersection-sparse,42227,72.960002,1680.912128,21.011402,False,2081.637083,26.020464,False,2221.474163,27.768427,False,3047.791022,38.097388,False,3653.560714,45.669509,False,0,0,4,0,0,4,0,0,4,0,0,0,0,0,0,9936121562,2.319784,9.057482,3.696157,7.03987,3.679947,7.545877,4.038703,9.433074,5.423755,8.420274,14.359772,82.717729,40.213938,education,0,12.333,13.316,74.238,28.153
C021_022,21,22,0.5625,108.0,9104.543822,82.653381,0.016186,192.0,0,0.0,0,0.0,0,0.0,0,0.0,0,0.0,0,0.0,0,0.0,0,0.0,0,0.0,1476.341094,458.327542,1464.513544,1892.503104,2259.415078,0.0,0.0,0.0,0.0,0.0,0.0,0.0,0.0,0.121877,0.216671,0,0.0,8,0.012461,0.012013,4,-4.874082,1.222467,Cluster 4 · road-sparse / intersection-sparse,43264,343.19287,3930.282948,49.128537,False,903.139107,11.289239,False,3846.654852,48.083186,False,4048.371763,50.604647,False,6194.176249,77.427203,False,0,0,0,0,1,2,0,0,0,0,0,0,0,0,0,4921648730,7.298365,6.731444,1.297097,8.703468,6.727132,7.14765,7.944135,6.370064,11.438388,6.769066,21.435977,83.048212,43.900602,market,0,18.328,15.933,77.232,32.216
C021_023,21,23,0.5625,63.0,4676.254958,63.594281,0.008313,112.0,2,3.555556,0,0.0,2,3.555556,0,0.0,0,0.0,0,0.0,0,0.0,0,0.0,0,0.0,2047.677183,258.420925,1353.461998,2467.464256,2602.806784,0.0,0.0,0.0,0.0,0.0,0.0,0.0,0.0,0.107456,0.191032,0,0.0,8,0.012461,0.010421,4,-4.5942,1.199389,Cluster 4 · road-sparse / intersection-sparse,43260,435.11895,4100.380903,51.254761,False,435.11895,5.438987,False,2611.202584,32.640032,False,6185.670462,77.320881,False,5420.952724,67.761909,False,0,0,0,2,2,2,0,0,0,0,0,0,0,0,0,4921648141,7.379214,6.945829,0.0,,4.849756,6.730242,12.970193,5.961429,9.622279,7.04219,17.988595,79.65591,40.459751,park,0,14.821,14.079,79.409,30.708
C021_024,21,24,0.5625,511.0,55148.5488,56.278262,0.098042,908.444444,3,5.333333,0,0.0,0,0.0,0,0.0,0,0.0,0,0.0,0,0.0,0,0.0,3,5.333333,2469.678455,815.928057,995.127452,3117.722198,3091.474122,0.0,0.0,0.0,0.0,0.0,0.0,0.0,0.0,1.194512,2.123577,2,3.555556,8,0.012461,0.009572,4,-4.29336,0.24189,Cluster 4 · road-sparse / intersection-sparse,43253,200.810609,2831.783011,35.397288,False,1209.474914,15.118436,False,1342.604692,16.782559,False,4917.07257,61.463407,False,4152.354832,51.904435,False,0,0,0,0,0,6,0,0,3,0,0,0,0,0,0,10708958700,5.144635,6.880428,2.389102,6.328083,2.615177,6.417371,10.735613,5.725188,7.387699,7.025792,38.232245,83.009331,52.245531,park,0,36.104,28.017,80.879,44.467
C021_025,21,25,0.5625,126.0,7099.122879,45.702019,0.012621,224.0,1,1.777778,1,1.777778,0,0.0,0,0.0,0,0.0,0,0.0,0,0.0,0,0.0,0,0.0,2498.063612,936.325052,1077.454906,3149.407995,3517.953784,0.0,0.0,0.0,0.0,0.0,0.0,0.0,0.0,0.369228,0.656405,1,1.777778,8,0.012461,0.008688,4,-4.80581,0.787738,Cluster 4 · road-sparse / intersection-sparse,35504,364.296539,2839.491472,35.493643,False,1217.183375,15.214792,False,1350.313152,16.878914,False,4924.781031,61.559763,False,4160.063293,52.000791,False,0,0,0,0,0,6,0,0,3,0,0,0,0,0,0,4920358671,4.375136,8.112581,1.619603,9.394147,1.845678,9.145102,9.966115,6.176907,6.6182,7.857241,21.384137,83.184292,43.946663,park,0,18.219,17.729,81.042,33.753
C021_026,21,26,0.5625,120.0,8561.337291,43.841208,0.01522,213.333333,1,1.777778,0,0.0,0,0.0,0,0.0,0,0.0,0,0.0,0,0.0,0,0.0,1,1.777778,2739.768594,1045.382627,1551.466321,2916.498346,3793.61954,0.0,0.0,0.0,0.0,0.0,0.0,0.0,0.0,1.41783,2.520586,0,0.0,8,0.012461,0.007771,4,-5.056085,0.704937,Cluster 4 · road-sparse / intersection-sparse,35499,67.21907,5516.928648,68.961608,False,1561.831629,19.522895,False,3870.7028,48.383785,False,4584.190124,57.302377,False,5423.003637,67.787545,False,0,0,0,0,0,1,0,0,0,0,0,0,0,0,0,4920105564,8.184902,8.425465,2.68842,7.261846,5.832236,8.295923,7.653551,7.487031,7.688807,8.816394,21.79886,87.55832,46.475357,market,0,20.257,20.016,80.607,35.26
C021_027,21,27,0.5625,332.0,23644.396504,51.445013,0.042034,590.222222,5,8.888889,0,0.0,0,0.0,2,3.555556,0,0.0,0,0.0,2,3.555556,0,0.0,1,1.777778,3146.004147,697.341197,1960.313862,2866.73237,3746.366168,0.0,0.0,0.0,0.0,0.0,0.0,0.0,0.0,3.601622,6.402884,9,16.0,8,0.012461,0.006529,5,-3.704053,-0.080826,Cluster 5 · limited retail / low building coverage,35477,101.677129,4305.796112,53.822451,False,1388.092264,17.351153,False,2659.570265,33.244628,False,3373.057588,42.16322,False,4211.871101,52.648389,False,0,0,0,0,0,1,0,0,0,0,0,0,0,0,0,4921527634,5.920575,9.090748,2.188599,7.927972,3.567909,9.317679,5.389223,7.823617,5.424479,9.705704,31.130119,85.342146,50.077126,healthcare,0,33.32,32.302,80.552,44.772
C021_028,21,28,0.5625,123.0,6290.213866,42.87324,0.011183,218.666667,0,0.0,0,0.0,0,0.0,0,0.0,0,0.0,0,0.0,0,0.0,0,0.0,0,0.0,3438.717506,1002.36952,2300.340855,3009.210255,3847.592718,0.0,0.0,0.0,0.0,0.0,0.0,0.0,0.0,1.45323,2.583521,3,5.333333,8,0.012461,0.005283,4,-5.08315,0.378202,Cluster 4 · road-sparse / intersection-sparse,35485,300.181519,4754.375709,59.429696,False,1703.701848,21.296273,False,3108.149861,38.851873,False,3821.637184,47.770465,False,4660.450698,58.255634,False,0,0,0,0,0,1,0,0,0,0,0,0,0,0,0,4928457704,6.081072,9.772898,1.677987,12.691558,3.728406,10.420505,5.549721,8.607724,5.584976,10.430775,20.969414,86.625194,45.548955,healthcare,0,19.137,20.264,80.77,34.94
C021_029,21,29,0.5625,182.0,9624.400508,36.620318,0.01711,323.555556,1,1.777778,0,0.0,0,0.0,0,0.0,0,0.0,0,0.0,0,0.0,1,1.777778,0,0.0,3733.622821,1627.330503,2689.723662,3319.267726,3728.966134,0.0,0.0,0.0,0.0,0.0,0.0,0.0,0.0,0.67913,1.207343,0,0.0,8,0.012461,0.003752,4,-5.248403,0.570222,Cluster 4 · road-sparse / intersection-sparse,43312,932.504475,4917.664439,61.470805,False,3411.457148,42.643214,False,3271.438592,40.892982,False,3984.925915,49.811574,False,4823.739428,60.296743,False,0,0,0,0,0,0,0,0,0,0,0,0,0,0,0,4898644039,6.933499,8.86577,4.579932,9.310883,4.580833,8.926976,6.402147,7.780448,6.437403,9.366625,24.235355,88.646967,48.349131,education,0,21.252,20.365,81.26,35.944
C021_030,21,30,0.165171,82.0,3929.830329,36.147383,0.023792,496.455036,0,0.0,0,0.0,0,0.0,0,0.0,0,0.0,0,0.0,0,0.0,0,0.0,0,0.0,3986.428219,2072.905225,2986.673235,3587.613111,3726.164077,0.0,0.0,0.0,0.0,0.0,0.0,0.0,0.0,0.415439,2.515208,0,0.0,5,0.007788,0.000451,1,-5.789591,-1.450862,Cluster 1 · market-distant / service-light,43312,1099.791558,5084.951523,63.561894,False,3578.744232,44.734303,False,3438.725675,42.984071,False,4152.212999,51.902662,False,4991.026512,62.387831,False,0,0,0,0,0,0,0,0,0,0,0,0,0,0,0,4898644039,6.933499,9.167362,4.579932,9.767459,4.580833,9.383462,6.402147,8.107071,6.437403,9.69146,27.656817,88.977449,50.355978,education,0,25.171,24.082,81.641,38.907
C022_006,22,6,0.043107,1.0,23.604298,23.604298,0.000548,23.197962,0,0.0,0,0.0,0,0.0,0,0.0,0,0.0,0,0.0,0,0.0,0,0.0,0,0.0,800.995353,800.995353,523.332095,2134.103117,867.837544,0.0,0.0,0.0,0.0,0.0,0.0,0.0,0.0,0.03189,0.739791,0,0.0,3,0.004673,0.0,1,-5.221639,-1.632548,Cluster 1 · market-distant / service-light,41971,412.438893,2227.328417,27.841605,False,2227.328417,27.841605,False,2708.162814,33.852035,False,3782.546073,47.281826,False,2400.690814,30.008635,False,0,0,1,0,0,1,0,0,0,0,0,0,0,0,0,10847752441,1.351293,20.603674,1.351293,20.603674,2.195941,15.415728,4.431923,10.668468,2.075357,14.459504,13.452566,85.089425,40.903796,education,0,11.166,12.862,78.375,28.562
C022_007,22,7,0.239431,33.0,5409.0067,75.387199,0.022591,137.826526,2,8.353123,0,0.0,0,0.0,0,0.0,0,0.0,0,0.0,0,0.0,2,8.353123,0,0.0,659.813616,659.813616,374.479015,2735.599108,379.212683,0.0,0.0,0.0,0.0,0.0,0.0,0.0,0.0,0.67843,2.833505,2,8.353123,5,0.007788,0.001221,1,-3.355474,-1.172078,Cluster 1 · market-distant / service-light,29489,51.469424,744.304505,9.303806,False,744.304505,9.303806,False,92.840355,1.160504,False,3524.654077,44.058176,False,427.165697,5.339571,False,1,1,3,1,2,3,1,2,3,0,0,0,1,1,5,4584010307,0.823115,11.303162,0.823115,11.303162,0.096079,12.078683,4.430993,9.943183,0.446735,11.952438,21.695179,58.641135,31.089834,park,0,21.905,18.88,80.334,35.454
C022_008,22,8,0.447664,19.0,2057.062265,57.917952,0.004595,42.442558,1,2.233819,0,0.0,0,0.0,0,0.0,1,2.233819,0,0.0,0,0.0,0,0.0,0,0.0,541.747759,1066.717576,282.57772,3132.295668,575.54174,0.0,0.0,0.0,0.0,0.0,0.0,0.0,0.0,0.0,0.0,0,0.0,5,0.007788,0.001894,4,-4.67798,-0.490094,Cluster 4 · road-sparse / intersection-sparse,29538,347.090016,653.48184,8.168523,False,1959.687692,24.496096,False,347.090016,4.338625,False,3769.934885,47.124186,False,959.961944,11.999524,False,1,1,2,0,0,3,1,1,2,0,0,0,0,2,2,4882919231,0.708132,11.535306,2.658429,9.2145,0.0,,5.447383,8.650793,1.463125,8.201299,15.266978,68.215397,33.534816,education,0,12.002,11.077,80.988,28.925
C022_009,22,9,0.557242,521.0,26583.447673,29.960832,0.047705,934.961155,3,5.383653,0,0.0,0,0.0,1,1.794551,1,1.794551,1,1.794551,0,0.0,0,0.0,0,0.0,1147.581907,1305.624885,865.167931,3121.406925,490.405647,0.0,0.0,0.0,0.0,0.0,0.0,0.0,0.0,2.626097,4.712666,7,12.561858,6,0.009346,0.0034,1,-3.371115,-1.175653,Cluster 1 · market-distant / service-light,29540,109.556734,1670.246107,20.878076,False,1796.65383,22.458173,False,1363.854282,17.048179,False,3606.901022,45.086263,False,1105.328286,13.816604,False,0,0,1,0,0,1,0,0,2,0,0,0,0,1,2,4967365875,3.617469,5.77146,3.698373,6.072447,2.909336,5.859817,8.281798,5.444019,2.376787,5.813144,35.018144,81.2986,49.600997,education,0,34.02,32.449,80.933,45.198
C022_010,22,10,0.5625,29.0,1831.960978,51.964737,0.003257,51.555556,2,3.555556,0,0.0,0,0.0,0,0.0,0,0.0,0,0.0,0,0.0,0,0.0,2,3.555556,1694.492397,892.711493,1451.323213,3184.668268,1054.212724,0.0,0.0,0.0,0.0,0.0,0.0,0.0,0.0,0.0,0.0,0,0.0,7,0.010903,0.004146,4,-5.221294,0.602535,Cluster 4 · road-sparse / intersection-sparse,29539,552.84605,1887.757431,23.596968,False,2014.165154,25.177064,False,1581.365606,19.76707,False,3824.412346,47.805154,False,1322.83961,16.535495,False,0,0,1,0,0,1,0,0,1,0,0,0,0,0,2,4967365875,3.617469,6.523061,3.698373,6.807606,2.909336,6.794357,8.281798,5.772316,2.376787,6.95708,15.318818,82.970451,40.814236,education,0,11.761,11.512,81.096,29.008
C022_011,22,11,0.5625,28.0,1497.099916,48.274935,0.002662,49.777778,0,0.0,0,0.0,0,0.0,0,0.0,0,0.0,0,0.0,0,0.0,0,0.0,0,0.0,1262.673327,842.282778,2188.430086,2536.601532,1788.514934,0.0,0.0,0.0,0.0,0.0,0.0,0.0,0.0,0.759576,1.350357,0,0.0,8,0.012461,0.006371,4,-5.14738,1.095812,Cluster 4 · road-sparse / intersection-sparse,42022,509.201048,3552.956029,44.41195,False,3414.90964,42.68637,False,4188.077238,52.350965,False,4246.437189,53.080465,False,4217.447774,52.718097,False,0,0,0,0,0,0,0,0,0,0,0,0,0,0,0,4963217494,7.514914,5.909841,3.136316,13.610354,9.349569,5.599292,9.608424,5.524367,11.563595,4.558971,15.085537,88.510886,43.41576,education,0,13.274,14.615,79.844,30.386
C022_012,22,12,0.5625,296.0,9452.233769,24.844317,0.016804,526.222222,1,1.777778,0,0.0,0,0.0,0,0.0,0,0.0,0,0.0,0,0.0,0,0.0,1,1.777778,764.434279,1320.813766,2310.366832,1816.720562,2532.036111,0.0,0.0,0.0,0.0,0.0,0.0,0.0,0.0,1.00054,1.778738,0,0.0,8,0.012461,0.007143,4,-4.692064,0.632954,Cluster 4 · road-sparse / intersection-sparse,29670,683.933619,1061.364856,13.267061,False,3277.21333,40.965167,False,3349.076493,41.863456,False,2050.064233,25.625803,False,4743.17179,59.289647,False,0,1,1,0,0,0,0,0,0,0,0,1,0,0,0,4949071442,0.875065,15.161233,3.503533,11.692529,5.624073,7.443619,3.651018,7.01881,8.966002,6.612719,26.412649,78.1493,43.6445,education,0,22.908,23.655,76.96,36.682
C022_013,22,13,0.5625,101.0,4039.515216,31.195772,0.007181,179.555556,1,1.777778,0,0.0,0,0.0,0,0.0,0,0.0,0,0.0,0,0.0,0,0.0,1,1.777778,836.286795,904.519922,1569.41436,1136.485754,2872.951336,0.0,0.0,0.0,0.0,0.0,0.0,0.0,0.0,0.939261,1.669797,1,1.777778,8,0.012461,0.007714,4,-4.480519,0.807193,Cluster 4 · road-sparse / intersection-sparse,42030,265.356479,265.356479,3.316956,False,3109.734224,38.871678,False,3181.597387,39.769967,False,1882.585127,23.532314,False,4702.025887,58.775324,False,1,1,1,0,0,0,0,0,0,0,0,1,0,0,0,4920104515,0.0,,4.378598,8.877654,6.205182,6.409154,4.232127,5.560399,9.547111,6.156347,19.258683,72.900467,37.583989,education,0,16.905,18.04,71.788,31.023
C022_014,22,14,0.5625,32.0,7163.90103,84.36945,0.012736,56.888889,5,8.888889,0,0.0,0,0.0,4,7.111111,0,0.0,0,0.0,0,0.0,0,0.0,1,1.777778,919.168096,772.967789,844.587456,638.534367,2876.563576,0.0,0.0,0.0,0.0,0.0,0.0,0.0,0.0,0.698308,1.241437,1,1.777778,8,0.012461,0.00814,4,-3.925514,1.13138,Cluster 4 · road-sparse / intersection-sparse,42044,245.143985,2257.754017,28.221925,False,2527.209738,31.590122,False,2599.072901,32.488411,False,1300.060641,16.250758,False,4541.452503,56.768156,False,0,0,1,0,0,0,0,0,0,0,0,1,0,0,0,9934201611,4.665326,6.049293,4.983242,6.339271,4.895081,6.63695,2.922026,5.561469,8.23701,6.89184,17.781234,80.832037,40.956575,education,0,16.641,14.747,64.603,27.969
C022_015,22,15,0.5625,943.0,78230.445549,63.587006,0.139076,1676.444444,22,39.111111,1,1.777778,2,3.555556,3,5.333333,5,8.888889,0,0.0,1,1.777778,0,0.0,10,17.777778,338.668935,299.660578,297.648295,805.513753,3069.264837,0.0,0.0,0.0,0.0,0.0,0.0,0.0,0.0,4.653385,8.272684,19,33.777778,8,0.012461,0.009011,3,-1.13512,-0.312132,Cluster 3 · building-dense / limited recreation POIs,29800,28.056955,433.598348,5.419979,False,450.083991,5.62605,False,351.11224,4.388903,False,1004.01393,12.550174,False,3463.06413,43.288302,False,1,1,1,2,4,5,1,2,3,0,1,1,0,0,0,3640489543,0.689685,7.858629,0.927099,6.068445,0.548898,7.995844,1.424157,8.812354,4.899111,8.83595,45.723173,47.900467,32.301154,education,0,48.064,44.467,67.924,51.77
C022_016,22,16,0.5625,165.0,14881.138551,52.131607,0.026455,293.333333,0,0.0,0,0.0,0,0.0,0,0.0,0,0.0,0,0.0,0,0.0,0,0.0,0,0.0,713.809013,468.13435,537.065491,1419.499445,3419.23314,0.0,0.0,0.0,0.0,0.0,0.0,0.0,0.0,3.532906,6.280722,14,24.888889,8,0.012461,0.008597,5,-3.669351,0.255506,Cluster 5 · limited retail / low building coverage,29946,202.414578,2463.992662,30.799908,False,1388.960421,17.362005,False,1507.181583,18.83977,False,3131.99294,39.149912,False,4676.218548,58.452732,False,0,0,0,0,0,2,0,0,1,0,0,0,0,0,0,13990848430,7.542032,4.083768,1.248232,13.909279,6.25066,3.014045,8.406149,4.657295,10.350888,5.647122,25.349922,82.309487,45.443029,education,0,28.103,28.558,74.565,39.878
C022_017,22,17,0.5625,14.0,658.640806,27.13238,0.001171,24.888889,0,0.0,0,0.0,0,0.0,0,0.0,0,0.0,0,0.0,0,0.0,0,0.0,0,0.0,1424.552549,955.239643,1236.855618,2004.980724,3884.188963,0.0,0.0,0.0,0.0,0.0,0.0,0.0,0.0,10.403269,18.494701,36,64.0,8,0.012461,0.0087,5,-4.172806,0.422077,Cluster 5 · limited retail / low building coverage,42130,26.918268,3021.613798,37.770172,False,1946.581556,24.332269,False,2064.802719,25.810034,False,3504.260913,43.803261,False,5019.723846,62.746548,False,0,0,0,0,0,3,0,0,1,0,0,0,0,0,0,13990848433,5.10265,7.40207,2.269569,10.721099,3.811279,6.772015,5.966767,7.341205,7.911506,7.93105,14.04873,84.856143,41.095183,education,0,26.065,38.418,77.667,43.289
C022_018,22,18,0.5625,88.0,7926.667672,40.255297,0.014092,156.444444,2,3.555556,0,0.0,0,0.0,0,0.0,0,0.0,0,0.0,0,0.0,0,0.0,2,3.555556,1735.376842,439.588556,1308.279062,1259.481184,3666.340461,0.0,0.0,0.049605,0.0,0.002645,0.0,0.003889,0.056139,4.3881,7.801067,14,24.888889,8,0.012461,0.008601,5,-3.896447,0.250999,Cluster 5 · limited retail / low building coverage,30172,95.297071,3160.158483,39.501981,False,1939.701582,24.24627,False,3093.807245,38.672591,False,3387.283728,42.341047,False,4920.477224,61.505965,False,0,0,0,0,0,3,0,0,0,0,0,0,0,0,0,13990848442,5.796751,6.814504,2.974932,8.150193,4.516818,8.561911,6.672306,6.345789,8.617045,7.137709,20.191809,85.653188,44.638232,education,0,20.809,38.196,49.176,33.986
C022_019,22,19,0.5625,485.0,42265.662351,64.518283,0.075139,862.222222,4,7.111111,0,0.0,1,1.777778,0,0.0,0,0.0,0,0.0,0,0.0,0,0.0,3,5.333333,1215.781009,252.799043,844.094696,526.913655,3257.56029,0.0,0.0,0.0,0.0,0.018604,0.0,0.026943,0.045548,2.949368,5.243321,8,14.222222,8,0.012461,0.008836,5,-3.025168,0.131098,Cluster 5 · limited retail / low building coverage,42176,99.490488,1795.221469,22.440268,False,392.621126,4.907764,False,1580.5623,19.757029,False,889.41648,11.117706,False,4478.575274,55.982191,False,0,0,1,2,4,9,0,0,6,0,1,1,0,0,0,11765861829,2.47787,9.056272,0.828076,5.926707,2.232827,8.848438,1.246557,8.91873,7.131685,7.849784,36.625194,63.374806,39.27661,market,0,32.014,33.095,28.243,31.45
C022_020,22,20,0.5625,657.0,57533.357672,62.41929,0.102282,1168.0,19,33.777778,0,0.0,2,3.555556,2,3.555556,3,5.333333,0,0.0,1,1.777778,1,1.777778,10,17.777778,1034.269858,326.125678,717.81323,306.56671,2984.350131,0.0,0.0,0.0,0.0,0.0,0.0,0.0,0.0,9.91213,17.621565,32,56.888889,8,0.012461,0.008051,5,-1.293171,-0.340912,Cluster 5 · limited retail / low building coverage,42192,47.497551,1481.362994,18.517037,False,379.504036,4.7438,False,1170.628565,14.632857,False,294.589996,3.682375,False,4164.716799,52.05896,False,0,0,2,2,2,10,0,1,6,1,1,1,0,0,0,4912424344,2.642274,7.007992,0.771151,6.151582,2.114409,6.920542,0.573999,6.415303,7.296089,7.135187,40.772421,55.948678,36.06645,healthcare,0,50.459,52.784,54.914,52.386
C022_021,22,21,0.5625,369.0,33629.514972,58.989099,0.059786,656.0,5,8.888889,0,0.0,1,1.777778,0,0.0,0,0.0,0,0.0,0,0.0,1,1.777778,3,5.333333,1336.527148,312.622429,1170.941102,1017.510833,2885.479574,0.0,0.0,0.186697,0.0,0.0,0.0,0.0,0.186697,2.754539,4.896959,4,7.111111,8,0.012461,0.007633,5,-3.312618,-0.049989,Cluster 5 · limited retail / low building coverage,42226,95.154092,1902.857763,23.785722,False,170.738134,2.134227,False,1902.857763,23.785722,False,2196.152533,27.451907,False,4166.751064,52.084388,False,0,0,2,1,1,8,0,0,5,0,0,1,0,0,0,4907205960,3.575382,6.652639,0.175576,12.155576,3.004148,7.917626,4.221151,6.503417,7.715404,6.750701,33.151892,71.442457,42.787699,market,0,33.678,41.019,70.264,45.394
C022_022,22,22,0.5625,431.0,25554.304109,48.322958,0.04543,766.222222,2,3.555556,0,0.0,1,1.777778,0,0.0,0,0.0,0,0.0,0,0.0,0,0.0,1,1.777778,1904.703519,211.296295,1728.420713,1761.156848,2978.361804,0.0,0.0,0.01937,0.0,0.0,0.0,0.0,0.01937,8.778524,15.606265,62,110.222222,8,0.012461,0.007045,5,-3.133711,-0.480559,Cluster 5 · limited retail / low building coverage,35531,37.423878,3239.271003,40.490888,False,2501.540755,31.269259,False,2729.288486,34.116106,False,2931.005397,36.637567,False,5692.602248,71.157528,False,0,0,0,0,0,0,0,0,0,0,0,0,0,0,0,4921607102,,,,,,,,,,,33.151892,85.730949,51.345238,education,0,41.493,55.832,76.47,55.256
C022_023,22,23,0.5625,250.0,15988.423703,55.953874,0.028424,444.444444,1,1.777778,0,0.0,0,0.0,0,0.0,0,0.0,0,0.0,0,0.0,0,0.0,1,1.777778,2535.446597,540.9764,1964.873877,2508.588964,3246.580616,0.0,0.0,0.0,0.0,0.0,0.0,0.0,0.0,3.934639,6.994914,26,46.222222,8,0.012461,0.006231,5,-4.092104,-0.124683,Cluster 5 · limited retail / low building coverage,35679,239.754621,4255.848927,53.198112,False,3518.118679,43.976483,False,3745.866411,46.82333,False,3947.583321,49.344792,False,6709.180172,83.864752,False,0,0,0,0,0,0,0,0,0,0,0,0,0,0,0,13922033313,,,,,,,,,,,27.734578,88.549767,50.155249,education,0,30.389,31.855,79.681,43.225
C022_024,22,24,0.5625,50.0,2127.262042,39.863946,0.003782,88.888889,4,7.111111,0,0.0,0,0.0,1,1.777778,0,0.0,0,0.0,0,0.0,0,0.0,3,5.333333,3093.038678,1279.243594,1737.569745,3257.201826,3651.702666,0.0,0.0,0.0,0.0,0.0,0.0,0.0,0.0,2.324613,4.132645,9,16.0,7,0.010903,0.00392,4,-4.664479,-0.233935,Cluster 4 · road-sparse / intersection-sparse,43287,256.578585,4005.859167,50.07324,False,2383.55107,29.794388,False,2516.680847,31.458511,False,6091.148726,76.139359,False,5326.430988,66.580387,False,0,0,0,0,0,1,0,0,0,0,0,0,0,0,0,9520401230,,,,,,,,,,,16.407465,87.48056,43.604229,education,0,16.594,19.806,81.151,33.857
C022_025,22,25,0.538033,94.0,4848.810151,39.896717,0.009012,174.710435,0,0.0,0,0.0,0,0.0,0,0.0,0,0.0,0,0.0,0,0.0,0,0.0,0,0.0,3231.290266,1435.797606,1790.98942,3791.754017,4155.991371,0.0,0.0,0.0,0.0,0.0,0.0,0.0,0.0,0.588732,1.09423,1,1.858622,6,0.009346,0.003297,4,-5.610188,-0.557974,Cluster 4 · road-sparse / intersection-sparse,43288,385.312726,5758.644848,71.983061,False,5020.9146,62.761432,False,5248.662331,65.608279,False,5450.379242,68.129741,False,8211.976093,102.649701,False,0,0,0,0,0,0,0,0,0,0,0,0,0,0,0,7876455623,7.792562,9.237406,4.77479,13.144333,5.439896,12.060576,7.261211,9.382697,7.296466,14.068413,19.466045,90.260498,46.646288,education,0,16.835,17.162,81.75,33.178
C022_026,22,26,0.453672,205.0,11886.602153,50.687622,0.026201,451.867818,0,0.0,0,0.0,0,0.0,0,0.0,0,0.0,0,0.0,0,0.0,0,0.0,0,0.0,3360.014624,779.598365,2046.653638,3583.446926,4462.179047,0.0,0.0,0.0,0.0,0.0,0.0,0.0,0.0,1.452082,3.200728,3,6.6127,5,0.007788,0.002162,1,-5.184375,-1.62893,Cluster 1 · market-distant / service-light,35734,269.951522,5675.345831,70.941823,False,820.146673,10.251833,False,4029.119983,50.364,False,4742.607306,59.282591,False,5581.42082,69.76776,False,0,0,0,0,1,1,0,0,0,0,0,0,0,0,0,4928485657,7.919121,8.958295,1.082301,9.472257,5.566455,9.047769,7.38777,8.024423,7.423025,9.398831,27.449456,83.981337,47.423987,market,0,25.824,24.642,81.586,39.351
C022_027,22,27,0.366581,308.0,25388.94708,54.871666,0.069259,840.196162,2,5.455819,0,0.0,1,2.72791,0,0.0,0,0.0,0,0.0,0,0.0,0,0.0,1,2.72791,3649.724839,82.721154,2524.13601,3485.079295,4365.395557,0.0,0.0,0.0,0.0,0.0,0.0,0.0,0.0,2.735744,7.462863,10,27.279096,5,0.007788,0.001778,1,-3.888489,-2.184577,Cluster 1 · market-distant / service-light,35738,135.957954,5198.474138,64.980927,False,135.957954,1.699474,False,3552.24829,44.403104,False,4265.735613,53.321695,False,5104.549127,63.806864,False,0,0,0,1,1,1,0,0,0,0,0,0,0,0,0,3716295979,6.83682,9.504554,0.0,,4.484154,9.902225,6.305469,8.456421,6.340724,10.063024,36.054951,77.196734,47.57864,healthcare,0,38.997,37.022,81.477,48.926
C022_028,22,28,0.27949,208.0,11711.117681,47.684908,0.041902,744.213668,2,7.155901,0,0.0,0,0.0,0,0.0,0,0.0,0,0.0,0,0.0,1,3.57795,1,3.57795,3977.599661,733.249015,2775.801198,3547.140491,4395.69028,0.0,0.0,0.0,0.0,0.0,0.0,0.0,0.0,1.22029,4.366136,2,7.155901,5,0.007788,0.001362,1,-4.569368,-1.79141,Cluster 1 · market-distant / service-light,35487,161.638916,5301.231257,66.265391,False,918.297952,11.478724,False,3655.005409,45.687568,False,4368.492733,54.606159,False,5207.306246,65.091328,False,0,0,0,0,1,1,0,0,0,0,0,0,0,0,0,7876528942,6.814354,9.724384,0.835141,13.74465,4.461688,10.239974,6.283002,8.691093,6.318258,10.3021,32.633489,84.000778,50.047742,healthcare,0,31.851,29.736,81.532,43.531
C022_029,22,29,0.192398,250.0,13140.069416,40.237651,0.068296,1299.388507,0,0.0,0,0.0,0,0.0,0,0.0,0,0.0,0,0.0,0,0.0,0,0.0,0,0.0,4182.566078,1483.309676,3119.140975,3761.698524,4231.131252,0.0,0.0,0.0,0.0,0.0,0.0,0.0,0.0,1.145622,5.954435,2,10.395108,5,0.007788,0.000818,1,-5.106686,-2.114552,Cluster 1 · market-distant / service-light,35743,682.115203,6383.732089,79.796651,False,2000.798783,25.009985,False,4737.506241,59.218828,False,5450.993564,68.13742,False,6289.807078,78.622588,False,0,0,0,0,0,1,0,0,0,0,0,0,0,0,0,7876528942,6.814354,11.710083,0.835141,29.947011,4.461688,13.272741,6.283002,10.844723,6.318258,12.443713,39.735614,88.938569,56.7796,market,0,39.65,38.585,81.695,49.788
C022_030,22,30,0.038566,22.0,1019.147083,32.500444,0.026426,570.451047,0,0.0,0,0.0,0,0.0,0,0.0,0,0.0,0,0.0,0,0.0,0,0.0,0,0.0,4377.078057,1964.371361,3347.688878,3968.437893,4191.462645,0.0,0.0,0.0,0.0,0.0,0.0,0.0,0.0,0.012873,0.333782,0,0.0,3,0.004673,0.0,1,-6.243943,-2.392996,Cluster 1 · market-distant / service-light,35743,1137.823911,6839.440797,85.49301,False,2456.507492,30.706344,False,5193.21495,64.915187,False,5906.702273,73.833778,False,6745.515786,84.318947,False,0,0,0,0,0,1,0,0,0,0,0,0,0,0,0,4898644039,6.933499,12.330428,4.579932,6.704541,4.580833,14.171045,6.402147,11.532658,6.437403,13.098286,28.589943,89.638414,51.231908,education,0,24.253,21.656,81.804,37.732
C023_010,23,10,0.089897,2.0,93.742254,46.871127,0.001043,22.247765,0,0.0,0,0.0,0,0.0,0,0.0,0,0.0,0,0.0,0,0.0,0,0.0,0,0.0,1818.314137,1290.35458,1606.704727,3377.221282,1242.276533,0.0,0.0,0.0,0.0,0.0,0.0,0.0,0.0,0.0,0.0,0,0.0,4,0.006231,0.000647,1,-5.929964,-1.008245,Cluster 1 · market-distant / service-light,42018,396.810247,3544.196447,44.302456,False,3670.60417,45.882552,False,3237.804623,40.472558,False,5480.851363,68.510642,False,2979.278627,37.240983,False,0,0,0,0,0,0,0,0,0,0,0,0,0,0,0,4963217494,7.514914,5.895271,3.136316,14.629442,9.349569,4.328815,9.608424,7.130268,11.563595,3.220537,13.763608,88.510886,42.71373,education,0,10.362,10.533,81.369,28.174
C023_011,23,11,0.169063,38.0,1635.645038,36.36898,0.009675,224.768907,1,5.914971,0,0.0,0,0.0,0,0.0,0,0.0,0,0.0,0,0.0,0,0.0,1,5.914971,1070.366806,1307.134139,2312.528084,2694.24147,1925.829659,0.0,0.0,0.0,0.0,0.0,0.0,0.0,0.0,0.472243,2.793306,0,0.0,5,0.007788,0.001164,1,-5.034965,-1.198865,Cluster 1 · market-distant / service-light,42022,188.274575,3232.029556,40.400369,False,3093.983167,38.67479,False,3867.150765,48.339385,False,3925.510716,49.068884,False,3896.521301,48.706516,False,0,0,0,0,0,0,0,0,0,0,0,0,0,0,0,4963217494,7.514914,5.376025,3.136316,12.33128,9.349569,5.170226,9.608424,5.106861,11.563595,4.212057,20.813893,87.713841,46.039536,education,0,19.16,20.933,80.171,35.033
C023_012,23,12,0.248228,232.0,8600.546638,27.439495,0.034648,934.623165,1,4.028548,1,4.028548,0,0.0,0,0.0,0,0.0,0,0.0,0,0.0,0,0.0,0,0.0,340.109937,1697.867853,2304.628249,2059.81103,2646.688428,0.0,0.0,0.0,0.0,0.0,0.0,0.0,0.0,1.170305,4.714631,2,8.057096,5,0.007788,0.001478,1,-4.026915,-1.785164,Cluster 1 · market-distant / service-light,42024,935.709328,3501.176348,43.764704,False,5717.024823,71.46281,False,5788.887986,72.3611,False,4489.875726,56.123447,False,7182.983283,89.787291,False,0,0,0,0,0,0,0,0,0,0,0,0,0,0,0,4963217494,7.514914,5.823713,3.136316,22.78559,9.349569,7.739512,9.608424,5.841067,11.563595,7.764652,33.618455,88.977449,53.538686,education,0,32.208,32.465,77.885,43.717
C023_013,23,13,0.327394,233.0,11502.323449,35.60504,0.035133,711.680198,0,0.0,0,0.0,0,0.0,0,0.0,0,0.0,0,0.0,0,0.0,0,0.0,0,0.0,465.011089,1445.399494,1570.128217,1535.342546,3381.075313,0.0,0.0,0.0,0.0,0.0,0.0,0.0,0.0,0.838355,2.560688,3,9.163264,5,0.007788,0.001681,1,-4.549157,-1.608583,Cluster 1 · market-distant / service-light,42044,799.755285,2812.365317,35.154566,False,3081.821038,38.522763,False,3153.684201,39.421053,False,1854.671941,23.183399,False,5096.063802,63.700798,False,0,0,1,0,0,0,0,0,0,0,0,1,0,0,0,9934201611,4.665326,7.535286,4.983242,7.730462,4.895081,8.053197,2.922026,7.934014,8.23701,7.733485,31.596682,83.981337,49.513725,education,0,28.935,26.509,75.435,39.711
C023_014,23,14,0.40656,16.0,854.320905,34.784721,0.002101,39.354575,3,7.378983,0,0.0,0,0.0,2,4.919322,1,2.459661,0,0.0,0,0.0,0,0.0,0,0.0,921.505993,731.887403,865.947309,1265.821023,3517.758095,0.0,0.0,0.0,0.0,0.0,0.0,0.0,0.0,0.241941,0.595092,0,0.0,5,0.007788,0.00185,1,-4.613647,-0.590578,Cluster 1 · market-distant / service-light,29748,447.534715,1375.604595,17.195057,False,748.074167,9.350927,False,1293.118487,16.163981,False,2592.130747,32.401634,False,5051.180947,63.139762,False,0,0,1,1,1,4,0,0,2,0,0,0,0,0,0,4920001504,1.890409,9.095947,0.571774,16.35423,1.749622,9.238558,3.722677,8.703854,6.944833,9.091617,14.437532,74.591757,36.298228,park,0,12.03,13.017,73.04,27.628
C023_015,23,15,0.485726,601.0,49047.345619,60.697695,0.100977,1237.323209,6,12.352644,0,0.0,2,4.117548,1,2.058774,0,0.0,0,0.0,0,0.0,0,0.0,3,6.176322,395.263397,300.273398,406.199139,1406.378279,3727.22628,0.0,0.0,0.0,0.0,0.005646,0.0,0.0,0.005646,3.541308,7.290753,19,39.116707,5,0.007788,0.002016,1,-2.671271,-2.148922,Cluster 1 · market-distant / service-light,29749,84.064039,839.816878,10.497711,False,415.41439,5.19268,False,757.33077,9.466635,False,2056.34303,25.704288,False,4515.39323,56.442415,False,0,1,1,1,3,5,1,1,2,0,0,1,0,0,0,4920002155,1.614963,6.500278,0.766791,6.771964,1.474176,6.421644,3.447231,7.456502,6.384247,8.840889,41.031623,60.88647,39.344212,park,0,38.888,39.977,47.263,41.363
C023_016,23,16,0.553764,118.0,12095.277483,46.563987,0.021842,213.087147,4,7.223293,0,0.0,1,1.805823,1,1.805823,1,1.805823,0,0.0,0,0.0,0,0.0,1,1.805823,921.083575,211.167737,994.947375,1990.932724,4150.355327,0.0,0.0,0.0,0.0,0.001462,0.0,0.0,0.001462,2.489624,4.495822,6,10.83494,6,0.009346,0.003417,1,-3.555899,-0.938397,Cluster 1 · market-distant / service-light,29958,187.789806,1385.877923,17.323474,False,616.722498,7.709031,False,1303.391815,16.292398,False,2602.404075,32.530051,False,5061.454275,63.268178,False,0,0,1,1,1,5,0,0,2,0,0,0,0,0,0,13990848431,6.2938,2.752467,0.0,,5.002429,3.256898,7.157917,4.544625,9.102656,6.950518,23.354069,74.047434,39.994827,park,0,20.972,23.25,56.485,30.648
C023_017,23,17,0.5625,7.0,598.932985,22.96769,0.001065,12.444444,4,7.111111,0,0.0,1,1.777778,0,0.0,2,3.555556,0,0.0,0,0.0,0,0.0,1,1.777778,1453.380784,746.445022,1527.911565,2078.893378,4463.705322,0.0,0.0,0.0,0.0,0.0,0.0,0.0,0.0,7.093071,12.609904,20,35.555556,6,0.009346,0.002435,1,-4.098922,-0.746153,Cluster 1 · market-distant / service-light,30023,134.51818,3949.734202,49.371678,False,2874.70196,35.933775,False,2992.923122,37.411539,False,4599.846501,57.498081,False,6070.9954,75.887442,False,0,0,0,0,0,0,0,0,0,0,0,0,0,0,0,12177896269,5.535665,8.918834,1.095234,32.809211,4.244294,8.81455,6.399782,8.984381,8.344521,9.094284,13.478486,87.966563,42.300562,education,0,21.563,30.579,78.048,38.84
C023_018,23,18,0.56061,29.0,2722.576018,36.344701,0.004856,51.729323,1,1.78377,0,0.0,1,1.78377,0,0.0,0,0.0,0,0.0,0,0.0,0,0.0,0,0.0,2104.56412,391.476396,1110.480303,1445.383016,4323.449356,0.0,0.0,0.0,0.0,0.0,0.0,0.0,0.0,4.192515,7.478481,29,51.729323,6,0.009346,0.003218,1,-4.103921,-0.88597,Cluster 1 · market-distant / service-light,30173,43.245856,3033.97589,37.924699,False,360.369106,4.504614,False,1232.343491,15.404294,False,2017.030973,25.212887,False,5717.329695,71.466621,False,0,0,0,1,1,4,0,0,1,0,0,1,0,0,0,9977041579,5.792944,6.546706,0.736431,6.116814,2.733656,5.635051,4.118974,6.121158,10.446758,6.841033,15.837221,73.639191,36.453118,healthcare,0,20.101,25.389,74.946,35.663
C023_019,23,19,0.500813,706.0,47127.357396,52.01205,0.094102,1409.70913,8,15.974041,0,0.0,1,1.996755,0,0.0,2,3.99351,0,0.0,1,1.996755,0,0.0,4,7.987021,1854.64624,327.361828,297.099676,730.605278,3899.366209,0.0,0.0,0.0,0.0,0.0,0.0,0.0,0.0,2.345796,4.68398,10,19.967551,5,0.007788,0.002,1,-2.811531,-2.056174,Cluster 1 · market-distant / service-light,42179,82.070416,2288.650034,28.608125,False,526.542005,6.581775,False,487.017635,6.08772,False,1271.705117,15.896314,False,4972.003839,62.150048,False,0,0,1,2,3,8,1,1,5,0,0,1,0,0,0,11829676478,3.970819,7.20459,1.008986,6.523159,0.911532,6.67856,2.296849,6.920922,8.624634,7.206108,42.22395,65.027216,42.485122,healthcare,0,40.677,36.376,66.726,45.684
C023_020,23,20,0.413721,365.0,20422.597003,39.706668,0.049363,882.236852,9,21.753785,0,0.0,0,0.0,5,12.085436,0,0.0,0,0.0,0,0.0,0,0.0,4,9.668349,1683.107539,449.740643,493.836337,539.78004,3617.415388,0.0,0.0,0.0,0.0,0.01367,0.0,0.0,0.01367,5.25045,12.690795,19,45.924658,5,0.007788,0.001872,1,-2.820599,-2.074585,Cluster 1 · market-distant / service-light,30307,63.780705,2250.4289,28.130361,False,1512.698652,18.908733,False,1740.446384,21.75558,False,1942.163294,24.277041,False,4703.760145,58.797002,False,0,0,1,0,0,7,0,0,5,0,0,1,0,0,0,12124380120,,,,,,,,,,,34.810783,80.326594,48.908027,education,0,35.824,44.3,30.7,37.51
C023_021,23,21,0.32663,300.0,22036.280422,41.783656,0.067466,918.471383,5,15.307856,0,0.0,0,0.0,1,3.061571,0,0.0,0,0.0,1,3.061571,0,0.0,3,9.184714,1832.411375,813.643156,1237.425791,1086.592407,3478.2285,0.0,0.0,0.080617,0.0,0.0,0.0,0.0,0.080617,7.694954,23.558651,44,134.709136,5,0.007788,0.001726,1,-2.977607,-2.556898,Cluster 1 · market-distant / service-light,30562,12.685065,2401.53209,30.019151,False,1663.801842,20.797523,False,1891.549574,23.64437,False,2093.266484,26.165831,False,4854.863335,60.685792,False,0,0,0,0,0,5,0,0,2,0,0,1,0,0,0,10763336978,,,,,,,,,,,36.469673,81.551322,50.465429,education,0,52.271,71.897,71.081,63.843
C023_022,23,22,0.239538,102.0,8134.934575,55.140873,0.033961,425.819293,4,16.698796,0,0.0,0,0.0,0,0.0,0,0.0,0,0.0,0,0.0,0,0.0,4,16.698796,2239.275342,598.835737,1987.539433,1789.342275,3498.884831,0.0,0.0,0.011292,0.0,0.040457,0.0,0.0,0.051749,7.34754,30.673768,70,292.228926,5,0.007788,0.001531,1,-3.522367,-2.393578,Cluster 1 · market-distant / service-light,35591,8.631814,3078.420959,38.480262,False,2340.690711,29.258634,False,2568.438442,32.105481,False,2770.155352,34.626942,False,5531.752203,69.146903,False,0,0,0,0,0,1,0,0,0,0,0,0,0,0,0,9570518593,,,,,,,,,,,28.330741,85.069984,48.488568,education,0,42.294,71.477,37.1,51.21
C023_023,23,23,0.152447,103.0,5279.290695,42.035194,0.03463,675.645551,0,0.0,0,0.0,0,0.0,0,0.0,0,0.0,0,0.0,0,0.0,0,0.0,0,0.0,2793.334713,738.138164,2394.732487,2520.823406,3676.69128,0.0,0.0,0.0,0.0,0.0,0.0,0.0,0.0,5.056539,33.169204,48,314.863946,5,0.007788,0.001206,1,-4.003229,-2.587347,Cluster 1 · market-distant / service-light,35645,38.968836,3770.749218,47.134365,False,3033.01897,37.912737,False,3260.766701,40.759584,False,3462.483611,43.281045,False,6224.080463,77.801006,False,0,0,0,0,0,0,0,0,0,0,0,0,0,0,0,9388099748,,,,,,,,,,,31.18196,87.286159,51.244984,education,0,50.537,65.653,79.736,63.127
C023_024,23,24,0.065355,31.0,1941.260815,52.243849,0.029703,474.329859,0,0.0,0,0.0,0,0.0,0,0.0,0,0.0,0,0.0,0,0.0,0,0.0,0,0.0,3362.088577,1364.856699,2154.199807,3261.762968,3990.69726,0.0,0.0,0.0,0.0,0.0,0.0,0.0,0.0,1.845625,28.239835,15,229.514448,4,0.006231,0.000649,1,-4.434466,-3.02744,Cluster 1 · market-distant / service-light,35711,18.797555,4543.845562,56.79807,False,3806.115314,47.576441,False,4033.863046,50.423288,False,4235.579956,52.944749,False,6997.176807,87.46471,False,0,0,0,0,0,0,0,0,0,0,0,0,0,0,0,9520401261,,,,,,,,,,,28.382582,89.05521,50.787785,education,0,47.341,61.726,81.205,60.842
C024_017,24,17,0.073366,1.0,2646.952694,2646.952694,0.036079,13.630315,0,0.0,0,0.0,0,0.0,0,0.0,0,0.0,0,0.0,0,0.0,0,0.0,0,0.0,1529.394388,831.852295,1601.781916,2338.489161,4746.211512,0.0,0.0,0.0,0.0,0.373978,0.0,0.030181,0.404159,0.47903,6.529331,1,13.630315,3,0.004673,0.000265,1,-5.010581,-1.555517,Cluster 1 · market-distant / service-light,42125,287.998969,4185.974385,52.32468,False,3110.942144,38.886777,False,3229.163306,40.364541,False,4748.840192,59.360502,False,6264.303125,78.303789,False,0,0,0,0,0,0,0,0,0,0,0,0,0,0,0,13990848432,6.047451,8.652353,1.60702,24.198067,4.756079,8.486936,6.911568,8.588573,8.856307,8.841585,20.813893,88.549767,46.478299,education,0,19.743,22.403,33.142,24.024
