cell_id,grid_x,grid_y,area_km2,building_count,building_footprint_m2,median_building_footprint_m2,building_footprint_share,building_density_km2,poi_count,poi_density_km2,poi_healthcare,poi_healthcare_density_km2,poi_education,poi_education_density_km2,poi_food_drink,poi_food_drink_density_km2,poi_retail_markets,poi_retail_markets_density_km2,poi_transport,poi_transport_density_km2,poi_civic_religious,poi_civic_religious_density_km2,poi_recreation_culture,poi_recreation_culture_density_km2,poi_other,poi_other_density_km2,distance_healthcare_m,distance_education_m,distance_market_m,distance_park_m,distance_transport_m,landuse_residential_share,landuse_commercial_share,landuse_industrial_share,landuse_institutional_share,landuse_green_share,landuse_transport_share,landuse_other_share,mapped_landuse_share,road_length_km,road_density_km_km2,intersection_count,intersection_density_km2,cell_neighbor_count,cell_degree_centrality,cell_betweenness_centrality,cluster_id,pca_1,pca_2,urban_class
C000_010,0,10,0.19717,304.0,20147.763268,31.837432,0.102185,1541.816818,3,15.215298,0,0.0,0,0.0,0,0.0,0,0.0,0,0.0,0,0.0,0,0.0,3,15.215298,2491.511834,429.450659,924.619164,501.490344,429.450659,0.291702,0.0,0.258511,0.0,0.0,0.0,0.0,0.550213,1.178239,5.975752,3,15.215298,3,0.004673,0.0,1,-3.411812,-3.55041,Cluster 1 · market-distant / service-light
C000_011,0,11,0.33823,561.0,20738.914742,26.659169,0.061316,1658.635568,2,5.913139,0,0.0,0,0.0,0,0.0,1,2.95657,0,0.0,0,0.0,0,0.0,1,2.95657,2834.405535,465.943956,128.634776,393.645789,466.009617,0.236085,0.0,0.167517,0.0,0.0,0.0,0.0,0.403602,2.82733,8.359198,10,29.565696,5,0.007788,0.000512,1,-2.660902,-2.388206,Cluster 1 · market-distant / service-light
C000_012,0,12,0.327572,64.0,5532.09658,24.239159,0.016888,195.377181,2,6.105537,0,0.0,0,0.0,0,0.0,1,3.052768,0,0.0,0,0.0,0,0.0,1,3.052768,2956.122542,1170.172727,652.809765,1090.542384,1170.249057,0.0,0.0,0.253587,0.0,0.0,0.0,0.0,0.253587,1.882125,5.745691,8,24.422148,5,0.007788,0.000773,1,-4.076805,-1.983759,Cluster 1 · market-distant / service-light
C000_013,0,13,0.316913,25.0,2087.074123,70.817946,0.006586,78.885947,1,3.155438,0,0.0,0,0.0,0,0.0,0,0.0,0,0.0,0,0.0,0,0.0,1,3.155438,2805.360778,1063.59939,1356.386853,1829.94791,1684.636026,0.0,0.0,0.0,0.0,0.0,0.0,0.0,0.0,0.545854,1.722407,0,0.0,5,0.007788,0.000937,1,-5.241907,-0.917339,Cluster 1 · market-distant / service-light
C000_014,0,14,0.306255,102.0,13927.089569,47.996685,0.045475,333.055861,2,6.530507,0,0.0,0,0.0,0,0.0,0,0.0,0,0.0,0,0.0,0,0.0,2,6.530507,2478.543516,369.450421,1257.309436,2575.507133,1642.49229,0.0,0.0,0.214801,0.0,0.0,0.0,0.0,0.214801,2.585553,8.442486,7,22.856775,5,0.007788,0.001045,1,-4.153577,-2.200945,Cluster 1 · market-distant / service-light
C000_015,0,15,0.295597,21.0,5548.691367,33.782623,0.018771,71.042757,0,0.0,0,0.0,0,0.0,0,0.0,0,0.0,0,0.0,0,0.0,0,0.0,0,0.0,2268.850557,508.711931,1564.279296,2657.481062,1919.02691,0.0,0.0,0.23056,0.0,0.0,0.0,0.0,0.23056,1.118992,3.785536,0,0.0,5,0.007788,0.001115,1,-5.318289,-1.359792,Cluster 1 · market-distant / service-light
C000_016,0,16,0.284938,27.0,7423.746622,39.557358,0.026054,94.757342,0,0.0,0,0.0,0,0.0,0,0.0,0,0.0,0,0.0,0,0.0,0,0.0,0,0.0,2297.235015,1227.266484,2106.706765,2723.655416,2406.792184,0.0,0.0,0.358061,0.0,0.0,0.0,0.0,0.358061,0.842237,2.955857,2,7.019062,5,0.007788,0.001153,1,-5.402158,-1.788711,Cluster 1 · market-distant / service-light
C000_017,0,17,0.27428,0.0,0.0,0.0,0.0,0.0,0,0.0,0,0.0,0,0.0,0,0.0,0,0.0,0,0.0,0,0.0,0,0.0,0,0.0,2555.7769,1969.436262,2057.390218,2788.765598,2853.16711,0.0,0.0,0.0,0.0,0.0,0.0,0.463498,0.463498,1.435231,5.23272,3,10.937726,5,0.007788,0.001162,1,-5.757263,-0.499792,Cluster 1 · market-distant / service-light
C000_018,0,18,0.263622,48.0,2684.732024,52.786854,0.010184,182.079055,0,0.0,0,0.0,0,0.0,0,0.0,0,0.0,0,0.0,0,0.0,0,0.0,0,0.0,2985.264374,1966.560469,1505.13981,2239.987485,3038.013365,0.0,0.0,0.0,0.0,0.0,0.0,0.70508,0.70508,0.526645,1.99773,2,7.586627,5,0.007788,0.001138,1,-5.31606,-1.350505,Cluster 1 · market-distant / service-light
C000_019,0,19,0.252963,135.0,7946.856124,50.359787,0.031415,533.673913,0,0.0,0,0.0,0,0.0,0,0.0,0,0.0,0,0.0,0,0.0,0,0.0,0,0.0,3031.395098,1684.428517,1192.953546,1491.985183,3154.042733,0.0,0.0,0.0,0.0,0.0,0.0,0.062689,0.062689,0.178603,0.706042,0,0.0,5,0.007788,0.001071,1,-5.432913,-1.210523,Cluster 1 · market-distant / service-light
C000_020,0,20,0.242305,28.0,1465.846635,38.615913,0.00605,115.55676,0,0.0,0,0.0,0,0.0,0,0.0,0,0.0,0,0.0,0,0.0,0,0.0,0,0.0,3000.768324,1033.046222,1306.11311,748.061908,3253.305808,0.0,0.0,0.0,0.0,0.0,0.0,0.0,0.0,1.240375,5.11906,2,8.254054,5,0.007788,0.000936,1,-4.808962,-1.352952,Cluster 1 · market-distant / service-light
C000_021,0,21,0.227696,395.0,24643.393435,48.042512,0.108229,1734.769314,1,4.391821,0,0.0,0,0.0,0,0.0,0,0.0,0,0.0,0,0.0,0,0.0,1,4.391821,3131.987853,659.394218,1713.034792,145.630996,2870.465763,0.0,0.0,0.0,0.0,0.0,0.0,0.0,0.0,1.274752,5.598481,6,26.350926,5,0.007788,0.000679,1,-3.589493,-2.080863,Cluster 1 · market-distant / service-light
C000_022,0,22,0.071607,11.0,793.426452,53.086794,0.01108,153.617325,0,0.0,0,0.0,0,0.0,0,0.0,0,0.0,0,0.0,0,0.0,0,0.0,0,0.0,3349.201608,437.6802,2261.981068,673.478333,2166.049381,0.0,0.0,0.0,0.0,0.0,0.0,0.0,0.0,0.363754,5.079897,0,0.0,3,0.004673,0.0,1,-5.087593,-2.2881,Cluster 1 · market-distant / service-light
C001_009,1,9,0.211316,150.0,7237.354621,31.488479,0.034249,709.835763,0,0.0,0,0.0,0,0.0,0,0.0,0,0.0,0,0.0,0,0.0,0,0.0,0,0.0,1644.792966,1194.69431,1311.901968,1025.89783,1194.69431,0.085742,0.0,0.253212,0.0,0.0,0.0,0.0,0.338954,0.994574,4.706561,4,18.928954,3,0.004673,0.0,1,-4.536099,-3.274465,Cluster 1 · market-distant / service-light
C001_010,1,10,0.557989,86.0,9752.702428,49.090147,0.017478,154.124944,11,19.713656,0,0.0,2,3.584301,0,0.0,2,3.584301,1,1.792151,0,0.0,0,0.0,6,10.752903,2085.7223,468.810111,1052.838396,532.503477,468.810111,0.0,0.0,0.243894,0.0,0.0,0.0,0.0,0.243894,2.998518,5.373796,5,8.960753,7,0.010903,0.002527,5,-2.976584,-0.538357,Cluster 5 · limited retail / low building coverage
C001_011,1,11,0.5625,78.0,9232.66464,42.967047,0.016414,138.666667,5,8.888889,0,0.0,0,0.0,0,0.0,0,0.0,0,0.0,1,1.777778,1,1.777778,3,5.333333,2261.247818,530.767519,685.688002,484.577837,530.826834,0.0,0.0,0.240783,0.0,0.0,0.0,0.0,0.240783,2.295271,4.080482,5,8.888889,8,0.012461,0.004476,5,-3.213319,0.214606,Cluster 5 · limited retail / low building coverage
C001_012,1,12,0.5625,39.0,10141.940751,32.790749,0.01803,69.333333,0,0.0,0,0.0,0,0.0,0,0.0,0,0.0,0,0.0,0,0.0,0,0.0,0,0.0,2399.938597,1198.902146,937.35283,1128.012715,1198.977379,0.0,0.0,0.305833,0.0,0.0,0.0,0.0,0.305833,1.844833,3.279703,3,5.333333,8,0.012461,0.00504,4,-4.661186,0.261893,Cluster 4 · road-sparse / intersection-sparse
C001_013,1,13,0.5625,370.0,17462.9899,37.557492,0.031045,657.777778,2,3.555556,0,0.0,0,0.0,0,0.0,0,0.0,0,0.0,0,0.0,0,0.0,2,3.555556,2220.570111,1091.142426,849.971431,1853.377914,1131.015919,0.001386,0.0,0.118367,0.0,0.0,0.0,0.0,0.119752,2.289355,4.069964,4,7.111111,8,0.012461,0.005572,5,-4.081085,-0.035394,Cluster 5 · limited retail / low building coverage
C001_014,1,14,0.5625,216.0,28536.293755,45.142899,0.050731,384.0,6,10.666667,0,0.0,2,3.555556,2,3.555556,1,1.777778,0,0.0,0,0.0,0,0.0,1,1.777778,1964.837263,446.902261,693.649987,2011.49818,1077.955023,0.006208,0.0,0.165692,0.0,0.0,0.0,0.0,0.1719,3.706323,6.589019,12,21.333333,8,0.012461,0.005937,5,-2.973983,-0.230924,Cluster 5 · limited retail / low building coverage
C001_015,1,15,0.5625,68.0,11432.443488,25.78027,0.020324,120.888889,1,1.777778,0,0.0,0,0.0,0,0.0,0,0.0,0,0.0,0,0.0,0,0.0,1,1.777778,1702.104315,577.798813,1168.267595,2086.069854,1473.016311,0.0,0.0,0.310033,0.0,0.0,0.0,0.0,0.310033,1.184136,2.105131,0,0.0,8,0.012461,0.006177,4,-4.784733,0.404724,Cluster 4 · road-sparse / intersection-sparse
C001_016,1,16,0.5625,49.0,11676.957942,33.694775,0.020759,87.111111,1,1.777778,0,0.0,0,0.0,0,0.0,0,0.0,0,0.0,0,0.0,0,0.0,1,1.777778,1748.923306,1258.861335,1836.722092,2178.408124,2074.26302,0.0,0.0,0.273726,0.0,0.0,0.0,0.0,0.273726,1.48841,2.646063,2,3.555556,8,0.012461,0.00631,4,-4.890813,0.314494,Cluster 4 · road-sparse / intersection-sparse
C001_017,1,17,0.5625,0.0,0.0,0.0,0.0,0.0,0,0.0,0,0.0,0,0.0,0,0.0,0,0.0,0,0.0,0,0.0,0,0.0,0,0.0,2084.539843,1489.142974,1792.112153,2272.717024,2301.409583,0.0,0.0,0.004367,0.0,0.0,0.0,0.394934,0.399301,0.363218,0.64572,1,1.777778,8,0.012461,0.006342,4,-5.753175,1.830823,Cluster 4 · road-sparse / intersection-sparse
C001_018,1,18,0.5625,0.0,0.0,0.0,0.0,0.0,0,0.0,0,0.0,0,0.0,0,0.0,0,0.0,0,0.0,0,0.0,0,0.0,0,0.0,2599.399928,1421.719183,1123.021735,2072.364803,2534.874325,0.0,0.0,0.0,0.0,0.0,0.0,1.0,1.0,0.0,0.0,0,0.0,8,0.012461,0.006265,4,-5.953387,2.050949,Cluster 4 · road-sparse / intersection-sparse
C001_019,1,19,0.5625,3.0,110.576677,34.715974,0.000197,5.333333,0,0.0,0,0.0,0,0.0,0,0.0,0,0.0,0,0.0,0,0.0,0,0.0,0,0.0,2495.744514,1553.362144,660.067925,1536.25938,2610.6057,0.0,0.0,0.035253,0.0,0.0,0.0,0.893259,0.928513,0.183138,0.325579,0,0.0,8,0.012461,0.006054,4,-5.547538,1.591148,Cluster 4 · road-sparse / intersection-sparse
C001_020,1,20,0.5625,370.0,19067.958315,38.069776,0.033899,657.777778,1,1.777778,0,0.0,0,0.0,0,0.0,0,0.0,0,0.0,0,0.0,0,0.0,1,1.777778,2467.083962,807.575353,857.438927,834.104146,2737.888425,0.0,0.0,0.036791,0.0,0.0,0.0,0.043688,0.08048,2.677849,4.76062,11,19.555556,8,0.012461,0.005667,5,-3.899039,-0.026454,Cluster 5 · limited retail / low building coverage
C001_021,1,21,0.5625,1030.0,57419.462105,41.223263,0.102079,1831.111111,3,5.333333,0,0.0,1,1.777778,0,0.0,1,1.777778,0,0.0,0,0.0,0,0.0,1,1.777778,2658.809107,128.148157,1469.596326,395.432128,2637.193893,0.0,0.0,0.0,0.0,0.0,0.0,0.0,0.0,5.306035,9.432951,17,30.222222,8,0.012461,0.005199,5,-2.66727,-0.469271,Cluster 5 · limited retail / low building coverage
C001_022,1,22,0.556673,708.0,42797.466213,45.863571,0.076881,1271.84202,3,5.389161,0,0.0,1,1.796387,0,0.0,0,0.0,0,0.0,0,0.0,1,1.796387,1,1.796387,2981.211588,292.671485,2090.644873,243.034166,1993.885141,0.0,0.0,0.0,0.0,0.0,0.0,0.0,0.0,4.220508,7.581666,13,23.353031,7,0.010903,0.003577,5,-2.940912,-0.787984,Cluster 5 · limited retail / low building coverage
C001_023,1,23,0.391705,219.0,25286.475862,46.963199,0.064555,559.094642,1,2.552944,0,0.0,0,0.0,0,0.0,0,0.0,0,0.0,0,0.0,0,0.0,1,2.552944,2805.081273,595.552183,2872.592239,907.311033,1173.966279,0.0,0.0,0.0,0.0,0.0,0.0,0.0,0.0,1.825151,4.659508,4,10.211774,5,0.007788,0.001238,1,-4.253242,-1.738733,Cluster 1 · market-distant / service-light
C001_024,1,24,0.15513,269.0,18863.531661,49.107842,0.121598,1734.029692,0,0.0,0,0.0,0,0.0,0,0.0,0,0.0,0,0.0,0,0.0,0,0.0,0,0.0,2155.111318,1357.966975,3168.285415,829.742691,458.549279,0.0,0.0,0.0,0.0,0.0,0.0,0.0,0.0,1.221329,7.87294,5,32.231035,4,0.006231,0.000571,1,-3.94908,-2.75687,Cluster 1 · market-distant / service-light
C002_008,2,8,0.204958,40.0,3465.939084,50.433017,0.016911,195.162385,2,9.758119,0,0.0,0,0.0,0,0.0,0,0.0,0,0.0,0,0.0,1,4.87906,1,4.87906,1010.341589,1085.574262,873.879296,173.502014,906.944389,4.2e-05,0.0,0.0,0.0,0.0,0.0,0.0,4.2e-05,0.805453,3.929851,3,14.637179,3,0.004673,0.0,1,-3.380903,-2.344923,Cluster 1 · market-distant / service-light
C002_009,2,9,0.557004,169.0,14543.035384,44.153271,0.026109,303.40891,0,0.0,0,0.0,0,0.0,0,0.0,0,0.0,0,0.0,0,0.0,0,0.0,0,0.0,1114.703678,908.502118,774.684906,664.187478,784.006418,0.041752,0.0,0.167942,0.0,0.0,0.0,0.0,0.209694,0.466956,0.838334,3,5.385957,7,0.010903,0.003425,4,-4.25126,-0.223099,Cluster 4 · road-sparse / intersection-sparse
C002_010,2,10,0.5625,43.0,4387.371184,48.361043,0.0078,76.444444,2,3.555556,0,0.0,0,0.0,1,1.777778,0,0.0,0,0.0,0,0.0,0,0.0,1,1.777778,1381.636524,1087.431832,671.254073,1197.842243,1075.253756,0.00251,0.0,0.134715,0.0,0.0,0.0,0.0,0.137224,0.247366,0.439761,0,0.0,8,0.012461,0.00608,4,-4.537987,0.984546,Cluster 4 · road-sparse / intersection-sparse
C002_011,2,11,0.5625,31.0,8974.372164,47.291829,0.015954,55.111111,0,0.0,0,0.0,0,0.0,0,0.0,0,0.0,0,0.0,0,0.0,0,0.0,0,0.0,1574.2612,1172.721883,727.434242,1160.78553,1172.749675,0.0,0.0,0.113919,0.0,0.0,0.0,0.0,0.113919,0.255204,0.453695,0,0.0,8,0.012461,0.007447,4,-4.923832,1.132646,Cluster 4 · road-sparse / intersection-sparse
C002_012,2,12,0.5625,46.0,5735.856424,72.342384,0.010197,81.777778,2,3.555556,0,0.0,0,0.0,1,1.777778,0,0.0,0,0.0,0,0.0,0,0.0,1,1.777778,1693.638042,909.001727,929.227205,1544.351013,1236.728708,0.294877,0.0,0.065328,0.0,0.003676,0.0,0.0,0.363881,4.144898,7.368708,27,48.0,8,0.012461,0.009122,5,-3.591454,0.325322,Cluster 5 · limited retail / low building coverage
C002_013,2,13,0.5625,1185.0,87314.057499,57.294583,0.155225,2106.666667,23,40.888889,0,0.0,1,1.777778,2,3.555556,6,10.666667,0,0.0,1,1.777778,0,0.0,13,23.111111,1474.190175,493.249707,218.361378,1249.750643,535.992463,0.024232,0.0,0.009737,0.017505,0.0,0.0,0.0,0.051474,3.883396,6.903815,14,24.888889,8,0.012461,0.009935,3,-1.498974,-0.283889,Cluster 3 · building-dense / limited recreation POIs
C002_014,2,14,0.5625,1873.0,124176.25229,48.962762,0.220758,3329.777778,45,80.0,1,1.777778,5,8.888889,4,7.111111,11,19.555556,1,1.777778,0,0.0,2,3.555556,21,37.333333,1378.986785,412.40507,232.366232,1290.706188,412.40507,0.187356,0.0,0.116353,0.0,0.0,0.0,0.0,0.303709,5.048266,8.974696,13,23.111111,8,0.012461,0.010561,3,-0.323764,-0.533067,Cluster 3 · building-dense / limited recreation POIs
C002_015,2,15,0.5625,435.0,28775.218144,48.924541,0.051156,773.333333,0,0.0,0,0.0,0,0.0,0,0.0,0,0.0,0,0.0,0,0.0,0,0.0,0,0.0,968.595985,622.807307,955.351147,1337.772371,1085.296256,0.044479,0.0,0.115543,0.0,0.0,0.0,0.0,0.160021,0.809402,1.438936,0,0.0,8,0.012461,0.01098,4,-4.233163,0.606411,Cluster 4 · road-sparse / intersection-sparse
C002_016,2,16,0.5625,4.0,427.678319,93.031337,0.00076,7.111111,0,0.0,0,0.0,0,0.0,0,0.0,0,0.0,0,0.0,0,0.0,0,0.0,0,0.0,1048.690522,974.057913,1601.157498,1477.636435,1565.115349,0.0,0.0,0.0,0.0,0.0,0.0,0.0,0.0,0.0,0.0,0,0.0,8,0.012461,0.011216,4,-5.283488,1.930742,Cluster 4 · road-sparse / intersection-sparse
C002_017,2,17,0.5625,1.0,40.555356,40.555356,7.2e-05,1.777778,1,1.777778,0,0.0,0,0.0,0,0.0,0,0.0,0,0.0,0,0.0,0,0.0,1,1.777778,1544.773589,824.106422,1679.175383,1623.113162,1566.425176,0.0,0.0,0.0,0.0,0.0,0.0,0.02643,0.02643,0.0,0.0,0,0.0,8,0.012461,0.011277,4,-5.363094,2.115282,Cluster 4 · road-sparse / intersection-sparse
C002_018,2,18,0.5625,0.0,0.0,0.0,0.0,0.0,0,0.0,0,0.0,0,0.0,0,0.0,0,0.0,0,0.0,0,0.0,0,0.0,0,0.0,2093.273323,694.902895,932.277757,1328.137621,1892.825826,0.0,0.0,0.0,0.0,0.0,0.0,0.8484,0.8484,0.0,0.0,0,0.0,8,0.012461,0.011151,4,-5.504617,2.324847,Cluster 4 · road-sparse / intersection-sparse
C002_019,2,19,0.5625,5.0,252.864831,41.989188,0.00045,8.888889,1,1.777778,0,0.0,0,0.0,0,0.0,1,1.777778,0,0.0,0,0.0,0,0.0,0,0.0,1764.810414,1188.119805,208.934591,1420.705018,1861.085712,0.0,0.0,0.023998,0.0,0.0,0.0,0.94513,0.969127,0.171995,0.305769,0,0.0,8,0.012461,0.01082,4,-4.752597,1.754054,Cluster 4 · road-sparse / intersection-sparse
C002_020,2,20,0.5625,260.0,11980.477427,38.470329,0.021299,462.222222,0,0.0,0,0.0,0,0.0,0,0.0,0,0.0,0,0.0,0,0.0,0,0.0,0,0.0,1724.041297,1018.313329,585.803304,1360.487596,2035.782634,0.0,0.0,0.050739,0.0,0.0,0.0,0.506209,0.556948,1.295962,2.303932,2,3.555556,8,0.012461,0.010301,4,-4.30224,0.549065,Cluster 4 · road-sparse / intersection-sparse
C002_021,2,21,0.5625,15.0,645.072259,40.186226,0.001147,26.666667,1,1.777778,0,0.0,0,0.0,0,0.0,0,0.0,0,0.0,0,0.0,0,0.0,1,1.777778,1988.738542,633.408269,1329.540281,791.948719,2296.170439,0.0,0.0,0.017853,0.0,0.0,0.0,0.900935,0.918788,0.036527,0.064937,0,0.0,8,0.012461,0.009018,4,-5.001385,1.540547,Cluster 4 · road-sparse / intersection-sparse
C002_022,2,22,0.5625,53.0,3940.769085,46.28275,0.007006,94.222222,0,0.0,0,0.0,0,0.0,0,0.0,0,0.0,0,0.0,0,0.0,0,0.0,0,0.0,2462.28422,868.529469,2077.784687,537.300793,1823.43101,0.0,0.0,0.0,0.0,0.0,0.0,0.062395,0.062395,1.499376,2.665558,1,1.777778,8,0.012461,0.00795,4,-4.608837,0.927659,Cluster 4 · road-sparse / intersection-sparse
C002_023,2,23,0.5625,53.0,7229.414482,45.038092,0.012852,94.222222,0,0.0,0,0.0,0,0.0,0,0.0,0,0.0,0,0.0,0,0.0,0,0.0,0,0.0,2450.639385,1013.609027,2826.959684,1036.91924,1077.599466,0.0,0.0,0.0,0.0,0.0,0.0,0.0,0.0,0.786731,1.398632,0,0.0,8,0.012461,0.006722,4,-4.983445,1.034605,Cluster 4 · road-sparse / intersection-sparse
C002_024,2,24,0.5625,772.0,68257.638174,52.429638,0.121347,1372.444444,7,12.444444,0,0.0,1,1.777778,0,0.0,0,0.0,2,3.555556,0,0.0,0,0.0,4,7.111111,1821.802762,1557.389829,2696.542587,410.606312,350.05795,0.0,0.0,0.0,0.0,0.004962,0.0,0.0,0.004962,4.097176,7.283869,7,12.444444,7,0.010903,0.003505,5,-2.835595,-0.720282,Cluster 5 · limited retail / low building coverage
C002_025,2,25,0.478186,242.0,19781.609363,54.885665,0.041368,506.078747,2,4.182469,0,0.0,0,0.0,0,0.0,1,2.091234,0,0.0,1,2.091234,0,0.0,0,0.0,1238.840979,1558.518724,2605.649027,583.094137,535.601494,0.0,0.0,0.0,0.0,0.001529,0.0,0.0,0.001529,4.660622,9.746454,22,46.007159,6,0.009346,0.002567,1,-3.223052,-1.300917,Cluster 1 · market-distant / service-light
C002_026,2,26,0.244481,52.0,3495.854302,46.361281,0.014299,212.695855,0,0.0,0,0.0,0,0.0,0,0.0,0,0.0,0,0.0,0,0.0,0,0.0,0,0.0,937.86665,868.076748,2642.327387,1227.577027,1235.995491,0.0,0.0,0.0,0.0,0.0,0.0,0.0,0.0,4.352106,17.801441,14,57.264269,5,0.007788,0.001173,1,-3.981682,-1.890227,Cluster 1 · market-distant / service-light
C002_027,2,27,0.033657,6.0,1158.594717,118.105605,0.034424,178.269773,2,59.423258,0,0.0,0,0.0,0,0.0,0,0.0,0,0.0,0,0.0,0,0.0,2,59.423258,1046.634896,347.974449,2811.138533,1799.379573,1822.066158,0.0,0.0,0.0,0.0,0.0,0.0,0.0,0.0,0.090182,2.679443,0,0.0,3,0.004673,0.0,1,-4.617349,-2.325898,Cluster 1 · market-distant / service-light
C003_007,3,7,0.198696,107.0,14182.830969,79.83301,0.07138,538.511866,6,30.196927,0,0.0,0,0.0,1,5.032821,0,0.0,1,5.032821,0,0.0,0,0.0,4,20.131285,861.321415,726.282582,643.385,1118.281359,938.412408,0.053579,0.0,0.081919,0.0,0.0,0.0,0.0,0.135497,1.626794,8.187364,9,45.295391,3,0.004673,0.0,1,-2.779312,-3.141918,Cluster 1 · market-distant / service-light
C003_008,3,8,0.555922,448.0,61246.950646,87.81953,0.110172,805.868214,8,14.390504,0,0.0,0,0.0,1,1.798813,3,5.396439,0,0.0,0,0.0,0,0.0,4,7.195252,608.482988,852.190275,419.549344,476.55176,706.897309,0.0,0.0,0.076342,0.0,0.0,0.0,0.0,0.076342,8.34834,15.017103,33,59.360828,7,0.010903,0.003907,5,-2.103513,-1.080606,Cluster 5 · limited retail / low building coverage
C003_009,3,9,0.5625,461.0,71866.58258,114.384589,0.127763,819.555556,28,49.777778,1,1.777778,2,3.555556,13,23.111111,3,5.333333,1,1.777778,0,0.0,0,0.0,8,14.222222,387.092966,211.44295,29.253001,705.139714,35.538717,0.401225,0.0,0.0,0.0,0.001265,0.0,0.0,0.40249,8.333449,14.81502,42,74.666667,8,0.012461,0.007053,7,0.654431,-0.273088,Cluster 7 · residential land use / road-dense
C003_010,3,10,0.5625,78.0,6782.379684,54.875645,0.012058,138.666667,4,7.111111,0,0.0,0,0.0,0,0.0,2,3.555556,0,0.0,0,0.0,0,0.0,2,3.555556,631.645561,472.614013,360.715497,1084.910678,737.641778,0.012539,0.0,0.0,0.0,0.0,0.0,0.0,0.012539,2.972088,5.283712,6,10.666667,8,0.012461,0.009029,5,-3.012907,0.599644,Cluster 5 · limited retail / low building coverage
C003_011,3,11,0.5625,10.0,2935.981711,34.739297,0.00522,17.777778,0,0.0,0,0.0,0,0.0,0,0.0,0,0.0,0,0.0,0,0.0,0,0.0,0,0.0,984.050281,890.020976,456.83062,1348.395706,890.020976,0.0,0.0,0.0,0.0,0.0,0.0,0.0,0.0,1.955589,3.476603,5,8.888889,8,0.012461,0.01131,4,-4.108168,1.223266,Cluster 4 · road-sparse / intersection-sparse
C003_012,3,12,0.5625,184.0,27703.429926,47.740526,0.049251,327.111111,1,1.777778,0,0.0,0,0.0,0,0.0,0,0.0,0,0.0,0,0.0,0,0.0,1,1.777778,959.91709,673.807448,662.942466,1152.227587,859.804712,0.194544,0.0,0.0,0.00051,0.0,0.0,0.0,0.195054,3.244301,5.767646,19,33.777778,8,0.012461,0.012711,5,-3.243034,0.39591,Cluster 5 · limited retail / low building coverage
C003_013,3,13,0.5625,1247.0,87365.073686,46.497647,0.155316,2216.888889,23,40.888889,1,1.777778,1,1.777778,0,0.0,3,5.333333,1,1.777778,1,1.777778,1,1.777778,15,26.666667,735.215428,154.496415,497.546356,553.781731,574.567035,0.001287,0.000539,0.139574,0.0,0.0,0.0,0.0,0.1414,9.212453,16.377694,36,64.0,8,0.012461,0.014152,3,-0.537636,-0.387836,Cluster 3 · building-dense / limited recreation POIs
C003_014,3,14,0.5625,2289.0,134392.640731,45.443511,0.23892,4069.333333,8,14.222222,0,0.0,0,0.0,1,1.777778,1,1.777778,0,0.0,1,1.777778,0,0.0,5,8.888889,759.691572,550.607712,130.915083,640.874403,550.607712,0.018868,0.0,0.0,0.0,0.004196,0.0,0.0,0.023064,7.59349,13.499537,39,69.333333,8,0.012461,0.014948,3,-1.130971,-0.415135,Cluster 3 · building-dense / limited recreation POIs
C003_015,3,15,0.5625,2008.0,128305.982967,53.883029,0.2281,3569.777778,13,23.111111,1,1.777778,2,3.555556,1,1.777778,2,3.555556,0,0.0,1,1.777778,0,0.0,6,10.666667,322.79601,204.18652,736.985941,593.786492,1144.971124,0.0,0.0,0.0,0.0,0.000477,0.0,0.0,0.000477,6.351103,11.290849,39,69.333333,8,0.012461,0.015501,3,-0.769804,-0.35668,Cluster 3 · building-dense / limited recreation POIs
C003_016,3,16,0.5625,196.0,21631.041207,76.411722,0.038455,348.444444,0,0.0,0,0.0,0,0.0,0,0.0,0,0.0,0,0.0,0,0.0,0,0.0,0,0.0,515.529721,516.214614,1314.265694,863.919508,855.445977,0.0,0.0,0.0,0.0,0.002098,0.0,0.0,0.002098,1.472405,2.617609,3,5.333333,8,0.012461,0.01581,5,-3.63356,0.948836,Cluster 5 · limited retail / low building coverage
C003_017,3,17,0.5625,0.0,0.0,0.0,0.0,0.0,1,1.777778,0,0.0,0,0.0,0,0.0,0,0.0,0,0.0,0,0.0,0,0.0,1,1.777778,1245.931187,515.51527,1376.275292,1108.489964,857.840075,0.0,0.0,0.0,0.0,0.0,0.0,0.0,0.0,0.0,0.0,0,0.0,8,0.012461,0.01588,4,-5.033426,2.589041,Cluster 4 · road-sparse / intersection-sparse
C003_018,3,18,0.5625,4.0,169.703937,36.142684,0.000302,7.111111,1,1.777778,0,0.0,1,1.777778,0,0.0,0,0.0,0,0.0,0,0.0,0,0.0,0,0.0,1546.805845,263.618345,870.499147,598.500798,1296.629101,0.0,0.0,0.0,0.0,0.0,0.0,0.274794,0.274794,0.223942,0.39812,0,0.0,8,0.012461,0.015712,4,-4.335242,2.103584,Cluster 4 · road-sparse / intersection-sparse
C003_019,3,19,0.5625,0.0,0.0,0.0,0.0,0.0,0,0.0,0,0.0,0,0.0,0,0.0,0,0.0,0,0.0,0,0.0,0,0.0,0,0.0,1060.835009,946.928381,863.94667,782.723713,1112.213079,0.0,0.0,0.0,0.0,0.0,0.0,0.082538,0.082538,0.0,0.0,0,0.0,8,0.012461,0.015309,4,-5.135681,2.605956,Cluster 4 · road-sparse / intersection-sparse
C003_020,3,20,0.5625,1.0,51.953045,51.953045,9.2e-05,1.777778,0,0.0,0,0.0,0,0.0,0,0.0,0,0.0,0,0.0,0,0.0,0,0.0,0,0.0,991.530893,991.530893,991.530893,1324.820452,1384.842533,0.0,0.0,0.0,0.0,0.0,0.0,0.853165,0.853165,0.0,0.0,0,0.0,8,0.012461,0.014335,4,-5.21442,2.310638,Cluster 4 · road-sparse / intersection-sparse
C003_021,3,21,0.5625,0.0,0.0,0.0,0.0,0.0,1,1.777778,0,0.0,0,0.0,0,0.0,0,0.0,0,0.0,1,1.777778,0,0.0,0,0.0,1402.10417,1058.985347,1402.10417,1384.80002,1615.881287,0.0,0.0,0.0,0.0,0.0,0.0,0.999973,0.999973,0.0,0.0,0,0.0,8,0.012461,0.013422,4,-5.232772,2.434433,Cluster 4 · road-sparse / intersection-sparse
C003_022,3,22,0.5625,259.0,10607.49304,35.624163,0.018858,460.444444,2,3.555556,0,0.0,0,0.0,0,0.0,0,0.0,0,0.0,1,1.777778,0,0.0,1,1.777778,2018.330671,1098.483746,2018.330671,900.799824,1769.422869,0.0,0.0,0.0,0.0,0.0,0.0,0.533923,0.533923,0.798755,1.420009,2,3.555556,8,0.012461,0.012217,4,-4.141777,0.782934,Cluster 4 · road-sparse / intersection-sparse
C003_023,3,23,0.5625,384.0,19203.706067,38.301409,0.03414,682.666667,6,10.666667,0,0.0,0,0.0,3,5.333333,0,0.0,0,0.0,0,0.0,0,0.0,3,5.333333,2202.033792,1244.518105,2268.878065,911.158356,1394.636035,0.0,0.0,0.0,0.0,0.0,0.0,0.0,0.0,2.40067,4.267857,4,7.111111,8,0.012461,0.010134,5,-3.666583,0.373371,Cluster 5 · limited retail / low building coverage
C003_024,3,24,0.5625,188.0,10591.356959,39.381613,0.018829,334.222222,0,0.0,0,0.0,0,0.0,0,0.0,0,0.0,0,0.0,0,0.0,0,0.0,0,0.0,1470.470921,1256.86295,1963.523905,524.332483,952.013461,0.0,0.0,0.0,0.0,0.0,0.0,0.0,0.0,0.650578,1.156583,0,0.0,8,0.012461,0.008838,4,-4.525116,0.974334,Cluster 4 · road-sparse / intersection-sparse
C003_025,3,25,0.5625,69.0,3824.091612,35.822468,0.006798,122.666667,1,1.777778,0,0.0,0,0.0,0,0.0,0,0.0,0,0.0,0,0.0,0,0.0,1,1.777778,774.994604,1518.29203,1920.428228,650.845683,996.318016,0.0,0.0,0.0,0.0,0.0,0.0,0.0,0.0,4.977556,8.848988,21,37.333333,8,0.012461,0.007228,5,-3.663372,0.378698,Cluster 5 · limited retail / low building coverage
C003_026,3,26,0.5625,76.0,8194.503181,39.038116,0.014568,135.111111,1,1.777778,0,0.0,0,0.0,0,0.0,0,0.0,0,0.0,0,0.0,0,0.0,1,1.777778,404.905599,773.25527,2155.380021,1302.795323,1484.577229,0.0,0.0,0.0,0.0,0.0,0.0,0.0,0.0,6.474434,11.510104,25,44.444444,8,0.012461,0.005769,5,-3.557245,0.154011,Cluster 5 · limited retail / low building coverage
C003_027,3,27,0.536749,1052.0,95692.532762,53.006746,0.178282,1959.947833,4,7.452273,0,0.0,2,3.726137,0,0.0,0,0.0,0,0.0,0,0.0,0,0.0,2,3.726137,768.821484,225.536602,2478.268136,1853.577455,1973.482883,0.0,0.0,0.0,0.0,0.0,0.0,0.0,0.0,5.57892,10.393908,25,46.576707,7,0.010903,0.003059,5,-2.827732,-1.351259,Cluster 5 · limited retail / low building coverage
C003_028,3,28,0.333831,293.0,19312.267284,50.418584,0.05785,877.689297,2,5.991053,0,0.0,1,2.995527,0,0.0,0,0.0,0,0.0,0,0.0,0,0.0,1,2.995527,1602.522463,409.062535,3062.539943,2789.052368,2880.7113,0.0,0.0,0.081097,0.0,0.0,0.0,0.0,0.081097,2.466866,7.389562,9,26.959739,5,0.007788,0.001163,1,-3.997507,-2.239382,Cluster 1 · market-distant / service-light
C003_029,3,29,0.098191,6.0,337.871596,40.83757,0.003441,61.105269,1,10.184212,0,0.0,0,0.0,0,0.0,0,0.0,0,0.0,0,0.0,0,0.0,1,10.184212,2302.429008,1093.826743,3604.246089,3325.681492,3178.191005,0.0,0.0,0.783031,0.0,0.0,0.0,0.0,0.783031,0.528346,5.380786,1,10.184212,3,0.004673,0.0,1,-5.433254,-3.082322,Cluster 1 · market-distant / service-light
C004_006,4,6,0.192531,632.0,51202.255258,56.871044,0.265943,3282.587497,20,103.879351,1,5.193968,2,10.387935,1,5.193968,4,20.77587,0,0.0,0,0.0,0,0.0,12,62.327611,665.690909,854.252165,380.977751,906.024399,914.394605,0.0,0.0,0.0,0.0,0.0,0.0,0.0,0.0,3.029408,15.734646,25,129.849189,3,0.004673,0.0,1,-0.96606,-4.01678,Cluster 1 · market-distant / service-light
C004_007,4,7,0.554743,600.0,58741.52276,61.525053,0.10589,1081.581721,26,46.868541,1,1.802636,4,7.210545,0,0.0,2,3.605272,1,1.802636,0,0.0,0,0.0,18,32.447452,406.519751,269.809452,335.704246,700.605756,446.754519,0.0,0.0,0.229344,0.0,0.0,0.0,0.0,0.229344,3.444715,6.209568,13,23.434271,7,0.010903,0.004175,3,-1.464664,-1.059682,Cluster 3 · building-dense / limited recreation POIs
C004_008,4,8,0.5625,1085.0,116784.474201,79.178318,0.207617,1928.888889,85,151.111111,0,0.0,8,14.222222,2,3.555556,25,44.444444,0,0.0,0,0.0,1,1.777778,49,87.111111,474.130302,224.45361,78.730763,846.688866,575.457011,0.0,0.0,0.002461,0.0,0.0,0.0,0.0,0.002461,10.917031,19.408055,77,136.888889,8,0.012461,0.007653,3,0.236038,-0.753796,Cluster 3 · building-dense / limited recreation POIs
C004_009,4,9,0.5625,1190.0,162124.253848,106.474175,0.288221,2115.555556,72,128.0,3,5.333333,5,8.888889,2,3.555556,8,14.222222,2,3.555556,2,3.555556,4,7.111111,46,81.777778,88.525565,177.997045,139.186758,751.086259,289.546346,0.694552,0.0,0.0,0.0,0.007187,0.0,0.0,0.701738,14.782271,26.279593,73,129.777778,8,0.012461,0.010073,7,1.964066,-0.704607,Cluster 7 · residential land use / road-dense
C004_010,4,10,0.5625,1849.0,211927.64747,90.8456,0.37676,3287.111111,93,165.333333,7,12.444444,11,19.555556,2,3.555556,14,24.888889,2,3.555556,0,0.0,2,3.555556,55,97.777778,118.459886,143.056515,84.166989,337.737091,316.570948,0.77614,0.0,0.0,0.018039,0.0,0.0,0.0,0.794179,13.220505,23.50312,72,128.0,8,0.012461,0.012826,7,2.359981,-0.768066,Cluster 7 · residential land use / road-dense
C004_011,4,11,0.5625,377.0,36272.69245,55.029038,0.064485,670.222222,12,21.333333,0,0.0,0,0.0,0,0.0,1,1.777778,0,0.0,1,1.777778,0,0.0,10,17.777778,442.525667,391.817153,402.005479,869.025973,399.699234,0.00307,0.0,0.00851,0.00912,0.0,0.0,0.0,0.0207,3.082905,5.480719,15,26.666667,8,0.012461,0.014732,5,-2.057476,0.415007,Cluster 5 · limited retail / low building coverage
C004_012,4,12,0.5625,670.0,80466.459478,50.54749,0.143051,1191.111111,22,39.111111,1,1.777778,2,3.555556,0,0.0,5,8.888889,1,1.777778,0,0.0,0,0.0,13,23.111111,315.391539,356.085254,354.048731,776.572103,356.085254,0.0,0.0,0.0,0.0,0.0,0.0,0.0,0.0,3.496675,6.21631,16,28.444444,8,0.012461,0.016681,3,-1.017505,0.304861,Cluster 3 · building-dense / limited recreation POIs
C004_013,4,13,0.5625,1796.0,160758.545042,56.176498,0.285793,3192.888889,118,209.777778,3,5.333333,10,17.777778,4,7.111111,21,37.333333,14,24.888889,5,8.888889,2,3.555556,59,104.888889,181.236799,37.595685,114.147856,420.085398,154.369076,0.0,0.0,0.0,0.0,0.008393,0.0,0.0,0.008393,11.497805,20.440542,84,149.333333,8,0.012461,0.017961,6,3.091135,-0.196433,Cluster 6 · high building coverage / retail-rich
C004_014,4,14,0.5625,1881.0,180151.737344,73.417306,0.32027,3344.0,85,151.111111,5,8.888889,16,28.444444,2,3.555556,12,21.333333,1,1.777778,5,8.888889,1,1.777778,43,76.444444,94.258735,37.139876,102.322328,216.074905,596.189654,0.0,0.0,0.0,0.029902,0.072686,0.0,0.0,0.102589,11.108831,19.749032,97,172.444444,8,0.012461,0.019142,6,2.679947,-0.177124,Cluster 6 · high building coverage / retail-rich
C004_015,4,15,0.5625,2087.0,127111.611032,42.491288,0.225976,3710.222222,37,65.777778,0,0.0,5,8.888889,4,7.111111,6,10.666667,0,0.0,1,1.777778,2,3.555556,19,33.777778,607.997159,111.675549,388.583759,201.320341,828.928149,0.0,0.0,0.035438,0.101878,0.0,0.0,0.0,0.137316,8.199418,14.576743,57,101.333333,8,0.012461,0.019774,3,0.541249,-0.098444,Cluster 3 · building-dense / limited recreation POIs
C004_016,4,16,0.5625,792.0,57703.965181,52.510585,0.102585,1408.0,7,12.444444,0,0.0,0,0.0,0,0.0,1,1.777778,1,1.777778,0,0.0,0,0.0,5,8.888889,442.731317,477.678602,591.07999,447.179684,372.813066,0.0,0.0,0.0,0.0,0.0,0.0,0.068626,0.068626,3.667806,6.520544,14,24.888889,8,0.012461,0.020116,5,-1.821091,0.565943,Cluster 5 · limited retail / low building coverage
C004_017,4,17,0.5625,615.0,44842.004925,53.304398,0.079719,1093.333333,5,8.888889,0,0.0,0,0.0,0,0.0,0,0.0,0,0.0,0,0.0,0,0.0,5,8.888889,706.028448,706.028448,837.814786,474.952,378.274183,0.0,0.0,0.0,0.0,0.000712,0.0,0.423141,0.423853,4.103227,7.294626,4,7.111111,8,0.012461,0.020177,5,-2.643622,0.710338,Cluster 5 · limited retail / low building coverage
C004_018,4,18,0.5625,325.0,28340.623648,51.990136,0.050383,577.777778,12,21.333333,0,0.0,1,1.777778,6,10.666667,0,0.0,0,0.0,0,0.0,2,3.555556,3,5.333333,1005.69361,219.055332,383.906178,107.117706,761.331026,0.0,0.0,0.0,0.0,0.181681,0.0,0.180144,0.361825,5.193124,9.23222,21,37.333333,8,0.012461,0.019962,3,-0.976697,1.15368,Cluster 3 · building-dense / limited recreation POIs
C004_019,4,19,0.5625,252.0,23021.0194,48.688676,0.040926,448.0,11,19.555556,0,0.0,0,0.0,4,7.111111,1,1.777778,1,1.777778,0,0.0,0,0.0,5,8.888889,511.063631,511.063631,368.80759,518.518304,367.961737,0.0,0.0,0.0,0.0,0.010646,0.0,0.0,0.010646,3.20521,5.698151,14,24.888889,8,0.012461,0.019259,5,-1.700995,0.886516,Cluster 5 · limited retail / low building coverage
C004_020,4,20,0.5625,153.0,12114.977597,37.747332,0.021538,272.0,16,28.444444,1,1.777778,1,1.777778,1,1.777778,4,7.111111,0,0.0,0,0.0,0,0.0,9,16.0,344.8893,344.8893,344.8893,701.81708,651.825217,0.0,0.0,0.002333,0.0,0.0,0.0,0.001143,0.003476,1.322076,2.350357,4,7.111111,8,0.012461,0.018504,5,-1.9919,1.107423,Cluster 5 · limited retail / low building coverage
C004_021,4,21,0.5625,82.0,8630.78277,42.322763,0.015344,145.777778,4,7.111111,0,0.0,2,3.555556,0,0.0,0,0.0,0,0.0,0,0.0,0,0.0,2,3.555556,1049.624325,410.939697,1049.624325,986.07077,1036.699563,0.0,0.0,0.012203,0.0,0.0,0.0,0.163154,0.175357,0.998883,1.775793,0,0.0,8,0.012461,0.017463,4,-3.722158,1.398093,Cluster 4 · road-sparse / intersection-sparse
C004_022,4,22,0.5625,109.0,11525.10919,39.26925,0.020489,193.777778,6,10.666667,0,0.0,0,0.0,1,1.777778,0,0.0,0,0.0,0,0.0,1,1.777778,4,7.111111,1791.500437,504.071433,1791.23532,370.093494,1257.196129,0.0,0.0,0.0,0.0,0.0,0.0,0.158773,0.158773,1.505212,2.675933,3,5.333333,8,0.012461,0.015806,5,-3.289484,1.132308,Cluster 5 · limited retail / low building coverage
C004_023,4,23,0.5625,130.0,17068.495154,49.807218,0.030344,231.111111,9,16.0,0,0.0,0,0.0,3,5.333333,0,0.0,0,0.0,0,0.0,1,1.777778,5,8.888889,1504.551753,567.314721,1655.183604,272.002882,732.57561,0.0,0.0,0.0,0.0,0.0,0.0,0.0,0.0,2.17001,3.857796,7,12.444444,8,0.012461,0.014404,5,-2.739934,0.927533,Cluster 5 · limited retail / low building coverage
C004_024,4,24,0.5625,9.0,2029.308519,128.197513,0.003608,16.0,0,0.0,0,0.0,0,0.0,0,0.0,0,0.0,0,0.0,0,0.0,0,0.0,0,0.0,1428.472853,593.906688,1250.803873,994.171679,785.997418,0.0,0.0,0.0,0.0,0.0,0.0,0.0,0.0,0.0,0.0,0,0.0,8,0.012461,0.012787,4,-4.866933,1.893166,Cluster 4 · road-sparse / intersection-sparse
C004_025,4,25,0.5625,168.0,7439.786139,35.863357,0.013226,298.666667,2,3.555556,0,0.0,0,0.0,0,0.0,1,1.777778,0,0.0,0,0.0,0,0.0,1,1.777778,754.278504,1103.046655,1182.002023,1286.439704,1350.524661,0.0,0.0,0.0,0.0,0.0,0.0,0.0,0.0,2.035429,3.61854,4,7.111111,8,0.012461,0.011058,5,-3.752598,0.628346,Cluster 5 · limited retail / low building coverage
C004_026,4,26,0.5625,296.0,15944.336166,37.945282,0.028345,526.222222,1,1.777778,1,1.777778,0,0.0,0,0.0,0,0.0,0,0.0,0,0.0,0,0.0,0,0.0,363.686636,630.853608,1534.518568,1711.316061,2027.99374,0.0,0.0,0.0,0.0,0.0,0.0,0.0,0.0,2.368829,4.211251,6,10.666667,8,0.012461,0.00863,5,-3.560617,0.3071,Cluster 5 · limited retail / low building coverage
C004_027,4,27,0.5625,1149.0,66597.911259,45.649563,0.118396,2042.666667,2,3.555556,0,0.0,1,1.777778,0,0.0,0,0.0,0,0.0,0,0.0,0,0.0,1,1.777778,905.86968,365.541185,2106.505564,2283.236812,2539.503607,0.0,0.0,0.138139,0.0,0.0,0.0,0.0,0.138139,5.190207,9.227034,24,42.666667,8,0.012461,0.006921,5,-3.239997,-0.721762,Cluster 5 · limited retail / low building coverage
C004_028,4,28,0.5625,35.0,1584.916557,34.899818,0.002818,62.222222,0,0.0,0,0.0,0,0.0,0,0.0,0,0.0,0,0.0,0,0.0,0,0.0,0,0.0,1622.939242,814.121025,2764.956445,2558.682845,2833.600861,0.0,0.0,0.450199,0.0,0.0,0.0,0.0,0.450199,1.979359,3.518861,2,3.555556,8,0.012461,0.004983,4,-5.183042,0.083317,Cluster 4 · road-sparse / intersection-sparse
C004_029,4,29,0.561565,59.0,5389.313571,57.853669,0.009597,105.063491,1,1.780737,0,0.0,0,0.0,0,0.0,0,0.0,0,0.0,0,0.0,0,0.0,1,1.780737,2327.609721,1340.210105,3190.877234,2978.652116,2731.381319,0.0,0.0,0.527441,0.0,0.0,0.0,0.0,0.527441,3.862653,6.87837,8,14.245897,7,0.010903,0.001786,1,-5.056726,-0.999804,Cluster 1 · market-distant / service-light
C004_030,4,30,0.283586,13.0,702.083931,24.084174,0.002476,45.841401,0,0.0,0,0.0,0,0.0,0,0.0,0,0.0,0,0.0,0,0.0,0,0.0,0,0.0,2961.873261,1889.569027,3133.962448,3392.354446,2735.213383,0.0,0.0,0.017543,0.0,0.0,0.0,0.0,0.017543,1.936544,6.828761,4,14.105046,3,0.004673,0.0,1,-5.558688,-2.524166,Cluster 1 · market-distant / service-light
C005_005,5,5,0.183744,236.0,25893.361147,75.416019,0.140921,1284.397179,5,27.211805,1,5.442361,0,0.0,0,0.0,1,5.442361,0,0.0,0,0.0,0,0.0,3,16.327083,286.216617,574.812627,31.159881,720.942901,648.329368,0.0,0.0,0.0,0.0,0.0,0.0,0.0,0.0,1.178724,6.41504,5,27.211805,3,0.004673,0.0,1,-1.726261,-3.225666,Cluster 1 · market-distant / service-light
C005_006,5,6,0.553467,584.0,57612.954793,71.030511,0.104095,1055.166986,4,7.227171,0,0.0,0,0.0,0,0.0,3,5.420378,0,0.0,0,0.0,0,0.0,1,1.806793,450.34435,750.17765,293.140819,555.124097,664.903206,0.0,0.0,0.0,0.0,0.0,0.0,0.0,0.0,3.338905,6.032709,19,34.329063,7,0.010903,0.004296,5,-2.391391,-0.77193,Cluster 5 · limited retail / low building coverage
C005_007,5,7,0.5625,1333.0,140990.82862,74.155788,0.25065,2369.777778,107,190.222222,6,10.666667,7,12.444444,10,17.777778,18,32.0,1,1.777778,2,3.555556,1,1.777778,62,110.222222,61.955504,108.97834,67.747171,67.864171,335.782657,0.0,0.0,0.0,0.010491,0.0,0.0,0.0,0.010491,11.49763,20.440231,82,145.777778,8,0.012461,0.007984,6,2.680007,-0.533086,Cluster 6 · high building coverage / retail-rich
C005_008,5,8,0.5625,896.0,128705.053375,109.464811,0.228809,1592.888889,79,140.444444,3,5.333333,7,12.444444,7,12.444444,16,28.444444,0,0.0,1,1.777778,1,1.777778,44,78.222222,469.629171,251.532837,157.642128,513.498935,580.281007,0.0,0.0,0.0,0.020946,0.0,0.0,0.0,0.020946,12.799977,22.755514,73,129.777778,8,0.012461,0.010718,3,0.860473,-0.564794,Cluster 3 · building-dense / limited recreation POIs
C005_009,5,9,0.5625,1601.0,182416.941469,83.221173,0.324297,2846.222222,81,144.0,2,3.555556,12,21.333333,3,5.333333,14,24.888889,2,3.555556,2,3.555556,1,1.777778,45,80.0,282.444594,124.958627,65.028052,318.362904,365.829872,0.138631,0.0,0.0,0.112414,0.040723,0.0,0.004926,0.296694,12.995091,23.102384,81,144.0,8,0.012461,0.013825,6,2.178612,-0.442905,Cluster 6 · high building coverage / retail-rich
C005_010,5,10,0.5625,2228.0,238171.178495,82.069892,0.423415,3960.888889,156,277.333333,8,14.222222,10,17.777778,14,24.888889,30,53.333333,2,3.555556,6,10.666667,4,7.111111,82,145.777778,219.854868,124.28036,79.886525,419.644499,86.437194,0.264251,0.0,0.0,0.008465,0.000916,0.0,0.0,0.273632,15.094292,26.834297,132,234.666667,8,0.012461,0.016134,6,3.57689,-0.690256,Cluster 6 · high building coverage / retail-rich
C005_011,5,11,0.5625,2481.0,260083.931032,72.307197,0.462371,4410.666667,167,296.888889,7,12.444444,23,40.888889,9,16.0,25,44.444444,3,5.333333,3,5.333333,3,5.333333,94,167.111111,215.668587,66.305279,112.602244,531.605219,315.974131,0.0,0.0,0.0,0.0,0.007153,0.0,0.0,0.007154,10.890079,19.36014,84,149.333333,8,0.012461,0.018501,6,3.162817,-0.560257,Cluster 6 · high building coverage / retail-rich
C005_012,5,12,0.5625,1518.0,159174.403102,67.892621,0.282977,2698.666667,50,88.888889,0,0.0,4,7.111111,2,3.555556,4,7.111111,2,3.555556,1,1.777778,0,0.0,37,65.777778,498.456285,266.079616,111.300711,648.106334,285.796877,0.000224,0.0,0.0,0.006001,0.001403,0.0,0.0,0.007629,7.35994,13.084338,43,76.444444,8,0.012461,0.020219,3,0.385903,-0.088759,Cluster 3 · building-dense / limited recreation POIs
C005_013,5,13,0.5625,1388.0,178848.475497,75.222985,0.317953,2467.555556,193,343.111111,13,23.111111,22,39.111111,11,19.555556,32,56.888889,16,28.444444,4,7.111111,4,7.111111,91,161.777778,246.306756,192.215145,212.280175,295.812492,185.460932,0.0,0.0,0.0,0.046855,0.018657,0.0,0.0,0.065512,11.06809,19.676604,95,168.888889,8,0.012461,0.021843,6,3.432791,0.097622,Cluster 6 · high building coverage / retail-rich
C005_014,5,14,0.5625,1908.0,258005.257784,106.198062,0.458676,3392.0,297,528.0,8,14.222222,17,30.222222,22,39.111111,79,140.444444,7,12.444444,7,12.444444,5,8.888889,152,270.222222,98.322655,76.642569,76.642569,76.642569,91.247621,0.066594,0.0,0.0,0.018241,0.055487,0.0,0.0,0.140321,15.281571,27.167238,170,302.222222,8,0.012461,0.022898,2,4.982848,-0.085452,Cluster 2 · recreation/culture-rich / transport-POI-rich
C005_015,5,15,0.5625,2033.0,244412.093757,94.217383,0.43451,3614.222222,462,821.333333,15,26.666667,34,60.444444,28,49.777778,165,293.333333,3,5.333333,9,16.0,7,12.444444,201,357.333333,200.531278,79.508386,129.975072,373.800307,265.267806,0.216233,0.016512,0.042283,0.141401,0.0,0.0,0.0,0.416429,13.531965,24.056827,138,245.333333,8,0.012461,0.023757,2,4.572231,-0.240103,Cluster 2 · recreation/culture-rich / transport-POI-rich
C005_016,5,16,0.5625,2860.0,221642.590013,58.417232,0.394031,5084.444444,201,357.333333,8,14.222222,17,30.222222,24,42.666667,45,80.0,1,1.777778,6,10.666667,6,10.666667,94,167.111111,42.568003,18.796526,4.816652,311.974198,448.70809,0.030275,0.0,0.0,0.001706,0.00253,0.0,0.071147,0.105659,14.021313,24.926779,144,256.0,8,0.012461,0.024113,6,4.778916,-0.282443,Cluster 6 · high building coverage / retail-rich
C005_017,5,17,0.5625,564.0,117707.788469,54.694324,0.209258,1002.666667,35,62.222222,3,5.333333,7,12.444444,1,1.777778,4,7.111111,1,1.777778,1,1.777778,1,1.777778,17,30.222222,55.620138,55.620138,100.404435,178.904866,360.758643,0.000411,0.0,0.0,0.0,0.165485,0.0,0.251032,0.416928,5.260851,9.352624,26,46.222222,8,0.012461,0.024147,3,1.580292,0.985119,Cluster 3 · building-dense / limited recreation POIs
C005_018,5,18,0.5625,161.0,13070.987643,58.404216,0.023237,286.222222,3,5.333333,0,0.0,0,0.0,0,0.0,0,0.0,0,0.0,0,0.0,0,0.0,3,5.333333,502.618677,414.913797,578.754827,75.450182,585.489352,0.0,0.0,0.0,0.0,0.697218,0.0,0.263355,0.960574,7.010704,12.463473,49,87.111111,8,0.012461,0.023722,5,-1.646172,1.757212,Cluster 5 · limited retail / low building coverage
C005_019,5,19,0.5625,714.0,83174.790419,111.726167,0.147866,1269.333333,20,35.555556,2,3.555556,2,3.555556,2,3.555556,2,3.555556,0,0.0,0,0.0,0,0.0,12,21.333333,520.49603,427.224665,558.261542,362.297137,398.464235,0.0,0.0,0.0,0.0,0.472301,0.0,0.0,0.472301,11.0603,19.662755,81,144.0,8,0.012461,0.023155,3,-0.310164,0.977515,Cluster 3 · building-dense / limited recreation POIs
C005_020,5,20,0.5625,789.0,110891.915995,134.456713,0.197141,1402.666667,27,48.0,1,1.777778,3,5.333333,0,0.0,6,10.666667,2,3.555556,0,0.0,0,0.0,15,26.666667,291.135372,343.835419,267.802198,530.66654,116.40345,0.0,0.0,0.0,0.0,0.0,0.0,0.0,0.0,9.833953,17.482583,87,154.666667,8,0.012461,0.022291,3,0.177789,0.169206,Cluster 3 · building-dense / limited recreation POIs
C005_021,5,21,0.5625,179.0,31125.267096,139.442453,0.055334,318.222222,4,7.111111,0,0.0,0,0.0,0,0.0,1,1.777778,0,0.0,0,0.0,0,0.0,3,5.333333,922.949772,521.827974,803.639056,328.151429,766.768633,0.0,0.0,0.0,0.0,0.0,0.0,0.0,0.0,2.982013,5.301357,19,33.777778,8,0.012461,0.020923,5,-2.620796,0.901425,Cluster 5 · limited retail / low building coverage
C005_022,5,22,0.5625,1.0,269.552801,269.552801,0.000479,1.777778,3,5.333333,0,0.0,0,0.0,0,0.0,1,1.777778,0,0.0,1,1.777778,0,0.0,1,1.777778,1194.212642,653.076932,1066.690165,766.484224,1074.814832,0.0,0.0,0.0,0.0,0.0,0.0,0.0,0.0,0.0,0.0,0,0.0,8,0.012461,0.019588,4,-4.417976,2.559981,Cluster 4 · road-sparse / intersection-sparse
C005_023,5,23,0.5625,214.0,46175.411547,70.785438,0.08209,380.444444,6,10.666667,0,0.0,1,1.777778,1,1.777778,0,0.0,1,1.777778,1,1.777778,0,0.0,2,3.555556,842.918087,468.899426,915.82149,655.737524,333.694234,0.0,0.0,0.0,0.0,0.00012,0.0,0.0,0.00012,3.17063,5.636676,23,40.888889,8,0.012461,0.017982,5,-1.92685,0.692062,Cluster 5 · limited retail / low building coverage
C005_024,5,24,0.5625,167.0,22746.262499,56.322457,0.040438,296.888889,5,8.888889,0,0.0,0,0.0,0,0.0,1,1.777778,0,0.0,2,3.555556,0,0.0,2,3.555556,698.118624,500.745278,631.343434,897.370286,438.721734,0.0,0.0,0.011381,0.0,0.0,0.0,0.0,0.011381,4.815645,8.561147,26,46.222222,8,0.012461,0.01613,5,-2.275386,0.513824,Cluster 5 · limited retail / low building coverage
C005_025,5,25,0.5625,28.0,2168.70028,48.446149,0.003855,49.777778,3,5.333333,0,0.0,0,0.0,0,0.0,0,0.0,0,0.0,0,0.0,0,0.0,3,5.333333,1178.655304,931.817511,480.846114,1359.460205,1182.62491,0.0,0.0,0.087919,0.0,0.0,0.0,0.0,0.087919,1.213181,2.156766,0,0.0,8,0.012461,0.013785,4,-4.306595,1.315818,Cluster 4 · road-sparse / intersection-sparse
C005_026,5,26,0.5625,368.0,24360.751426,45.438803,0.043308,654.222222,4,7.111111,0,0.0,2,3.555556,1,1.777778,0,0.0,0,0.0,0,0.0,0,0.0,1,1.777778,1107.062507,222.594308,1090.335471,1493.346099,1931.250008,0.0,0.0,0.065056,0.0,0.0,0.0,0.0,0.065056,2.317204,4.119473,7,12.444444,8,0.012461,0.011715,5,-3.078218,0.245262,Cluster 5 · limited retail / low building coverage
C005_027,5,27,0.5625,111.0,7030.286656,49.159395,0.012498,197.333333,0,0.0,0,0.0,0,0.0,0,0.0,0,0.0,0,0.0,0,0.0,0,0.0,0,0.0,1383.444723,433.434682,1808.714984,1561.656214,2344.018405,0.0,0.0,0.16477,0.0,0.0,0.0,0.0,0.16477,1.81816,3.232285,4,7.111111,8,0.012461,0.009408,4,-4.398468,0.389516,Cluster 4 · road-sparse / intersection-sparse
C005_028,5,28,0.5625,5.0,579.798855,41.89067,0.001031,8.888889,1,1.777778,0,0.0,0,0.0,0,0.0,0,0.0,0,0.0,0,0.0,0,0.0,1,1.777778,1930.609026,1171.017319,2545.401412,1942.281568,2120.172111,0.0,0.0,0.081731,0.0,0.0,0.0,0.0,0.081731,0.558733,0.993303,1,1.777778,8,0.012461,0.006478,4,-5.322372,1.232796,Cluster 4 · road-sparse / intersection-sparse
C005_029,5,29,0.5625,40.0,3707.576269,43.885427,0.006591,71.111111,0,0.0,0,0.0,0,0.0,0,0.0,0,0.0,0,0.0,0,0.0,0,0.0,0,0.0,2581.77906,1429.261783,2441.301295,2496.226201,1981.116213,0.0,0.0,0.062585,0.0,0.0,0.0,0.0,0.062585,2.84547,5.058613,1,1.777778,8,0.012461,0.004179,4,-5.097153,0.498787,Cluster 4 · road-sparse / intersection-sparse
C005_030,5,30,0.330494,0.0,0.0,0.0,0.0,0.0,0,0.0,0,0.0,0,0.0,0,0.0,0,0.0,0,0.0,0,0.0,0,0.0,0,0.0,3039.686379,1589.850906,2449.171374,2994.283653,2066.152772,0.0,0.0,0.0,0.0,0.0,0.0,0.0,0.0,0.0,0.0,0,0.0,5,0.007788,0.000454,4,-6.514371,0.127322,Cluster 4 · road-sparse / intersection-sparse
C006_004,6,4,0.130719,456.0,33619.240647,53.837983,0.257186,3488.386717,6,45.899825,0,0.0,2,15.299942,0,0.0,2,15.299942,0,0.0,0,0.0,0,0.0,2,15.299942,646.333476,165.036624,196.90928,715.896378,890.207478,0.0,0.0,0.0,0.0,0.0,0.0,0.0,0.0,1.762753,13.485008,16,122.399534,3,0.004673,0.0,1,-1.13171,-3.982831,Cluster 1 · market-distant / service-light
C006_005,6,5,0.545692,1510.0,117666.167486,52.213483,0.215628,2767.129993,23,42.148338,2,3.665073,5,9.162682,4,7.330146,3,5.497609,0,0.0,1,1.832536,1,1.832536,7,12.827755,91.482608,116.132892,337.456317,264.048966,550.491848,0.110817,0.0,0.0,0.0,0.0,0.0,0.0,0.110817,7.032828,12.887913,69,126.445013,7,0.010903,0.00428,3,0.639405,-1.300568,Cluster 3 · building-dense / limited recreation POIs
C006_006,6,6,0.5625,1296.0,123875.902725,54.062387,0.220224,2304.0,30,53.333333,3,5.333333,1,1.777778,4,7.111111,10,17.777778,1,1.777778,0,0.0,0,0.0,11,19.555556,416.979636,300.529332,288.804191,198.67093,170.148259,0.051456,0.0,0.0,0.0,0.035121,0.0,0.045713,0.13229,7.776123,13.824219,62,110.222222,8,0.012461,0.008078,3,0.387178,-0.454164,Cluster 3 · building-dense / limited recreation POIs
C006_007,6,7,0.5625,1220.0,136150.645915,65.138501,0.242046,2168.888889,51,90.666667,3,5.333333,0,0.0,3,5.333333,10,17.777778,1,1.777778,4,7.111111,0,0.0,30,53.333333,290.415865,524.930543,283.463382,480.758668,357.138355,0.035246,0.0,0.0,0.166786,0.048618,0.0,0.0,0.25065,10.350106,18.400188,75,133.333333,8,0.012461,0.01102,3,0.586845,-0.364451,Cluster 3 · building-dense / limited recreation POIs
C006_008,6,8,0.5625,1488.0,141947.388966,61.906441,0.252351,2645.333333,70,124.444444,2,3.555556,7,12.444444,2,3.555556,17,30.222222,0,0.0,1,1.777778,0,0.0,41,72.888889,167.671103,59.591216,448.833255,175.097612,577.194738,0.081301,0.0,0.0,0.443918,0.0,0.0,0.0,0.525219,14.30318,25.427875,134,238.222222,8,0.012461,0.01438,3,1.551557,-0.414843,Cluster 3 · building-dense / limited recreation POIs
C006_009,6,9,0.5625,2067.0,253271.618617,102.7132,0.450261,3674.666667,397,705.777778,8,14.222222,49,87.111111,28,49.777778,77,136.888889,7,12.444444,10,17.777778,7,12.444444,211,375.111111,119.253704,154.129946,58.929543,437.72885,277.793008,0.22281,0.0,0.0,0.026539,0.003617,0.0,0.0,0.252966,16.314042,29.002742,150,266.666667,8,0.012461,0.017004,2,4.524801,-0.645321,Cluster 2 · recreation/culture-rich / transport-POI-rich
C006_010,6,10,0.5625,1997.0,283407.852563,118.526182,0.503836,3550.222222,945,1680.0,37,65.777778,84,149.333333,87,154.666667,228,405.333333,11,19.555556,13,23.111111,7,12.444444,478,849.777778,129.644052,69.139218,69.139218,255.514723,152.691232,0.355627,0.000478,0.0,0.019987,0.006165,0.0,0.003357,0.385615,17.101029,30.40183,150,266.666667,8,0.012461,0.019706,2,5.881129,-0.564363,Cluster 2 · recreation/culture-rich / transport-POI-rich
C006_011,6,11,0.5625,1942.0,300949.722417,134.430619,0.535022,3452.444444,770,1368.888889,39,69.333333,53,94.222222,53,94.222222,165,293.333333,14,24.888889,21,37.333333,6,10.666667,419,744.888889,65.340701,105.517193,95.205687,333.254261,184.945894,0.0,0.00043,0.0,0.0,0.003066,0.0,0.0,0.003496,15.48648,27.53152,113,200.888889,8,0.012461,0.021794,2,5.592966,-0.405465,Cluster 2 · recreation/culture-rich / transport-POI-rich
C006_012,6,12,0.5625,1750.0,227122.085188,95.687768,0.403773,3111.111111,265,471.111111,12,21.333333,16,28.444444,9,16.0,57,101.333333,16,28.444444,8,14.222222,2,3.555556,145,257.777778,57.981649,100.780233,82.114,528.246043,136.307673,0.018408,0.0,0.0,0.023697,0.019288,0.0,0.0,0.061394,12.313604,21.890852,98,174.222222,8,0.012461,0.023796,6,4.190057,-0.052176,Cluster 6 · high building coverage / retail-rich
C006_013,6,13,0.5625,1889.0,145907.591723,34.813377,0.259391,3358.222222,101,179.555556,7,12.444444,17,30.222222,6,10.666667,20,35.555556,0,0.0,8,14.222222,3,5.333333,40,71.111111,168.057845,168.057845,167.184515,439.5139,542.192405,0.284161,0.0,0.0,0.03045,0.028775,0.0,0.0,0.343386,10.312711,18.333708,125,222.222222,8,0.012461,0.025247,6,2.389715,-0.002586,Cluster 6 · high building coverage / retail-rich
C006_014,6,14,0.5625,1709.0,246048.057879,123.09433,0.437419,3038.222222,220,391.111111,18,32.0,16,28.444444,13,23.111111,43,76.444444,3,5.333333,7,12.444444,3,5.333333,117,208.0,174.687206,133.021509,144.081462,76.950612,235.32218,0.115755,0.0,0.0,0.005754,0.002531,0.0,0.0,0.124039,14.207152,25.257159,131,232.888889,8,0.012461,0.026504,6,4.052711,-0.039879,Cluster 6 · high building coverage / retail-rich
C006_015,6,15,0.5625,1656.0,266978.623097,125.440694,0.474629,2944.0,912,1621.333333,38,67.555556,69,122.666667,89,158.222222,255,453.333333,8,14.222222,11,19.555556,9,16.0,433,769.777778,137.522951,76.2216,66.411988,302.050834,257.498794,0.047413,0.001012,0.0,0.022084,0.017748,0.0,0.0,0.088257,14.041383,24.962458,139,247.111111,8,0.012461,0.027248,2,5.582786,-0.032972,Cluster 2 · recreation/culture-rich / transport-POI-rich
C006_016,6,16,0.5625,1712.0,261354.143514,128.801296,0.46463,3043.555556,419,744.888889,11,19.555556,39,69.333333,94,167.111111,68,120.888889,4,7.111111,23,40.888889,2,3.555556,178,316.444444,369.007136,24.254664,123.654561,274.564241,112.528576,0.0,0.0,0.0,0.025041,0.008408,0.0,0.0,0.033449,16.829834,29.919704,205,364.444444,8,0.012461,0.027729,2,4.946751,-0.184233,Cluster 2 · recreation/culture-rich / transport-POI-rich
C006_017,6,17,0.5625,1278.0,217444.418433,140.290823,0.386568,2272.0,159,282.666667,6,10.666667,15,26.666667,21,37.333333,35,62.222222,1,1.777778,4,7.111111,1,1.777778,76,135.111111,89.679856,95.302313,133.560221,124.834851,485.329118,0.084097,0.0,0.0,0.01044,0.04473,0.0,0.0,0.139267,11.012772,19.578262,91,161.777778,8,0.012461,0.027623,6,3.243547,0.205108,Cluster 6 · high building coverage / retail-rich
C006_018,6,18,0.5625,2425.0,271652.983974,101.945982,0.482939,4311.111111,207,368.0,9,16.0,25,44.444444,12,21.333333,44,78.222222,3,5.333333,6,10.666667,2,3.555556,106,188.444444,101.051504,24.355327,22.304206,311.609318,167.356783,0.080574,0.0,0.0,0.007514,0.026221,0.0,0.0,0.114308,15.406512,27.389355,131,232.888889,8,0.012461,0.027293,6,4.619644,-0.206545,Cluster 6 · high building coverage / retail-rich
C006_019,6,19,0.5625,2752.0,250103.849596,59.721942,0.444629,4892.444444,171,304.0,8,14.222222,22,39.111111,14,24.888889,28,49.777778,1,1.777778,6,10.666667,3,5.333333,89,158.222222,168.36954,96.664457,116.978263,403.216745,365.527162,0.0,0.0,0.0,0.0,0.0,0.0,0.0,0.0,16.000953,28.446139,132,234.666667,8,0.012461,0.026641,6,3.43538,-0.323671,Cluster 6 · high building coverage / retail-rich
C006_020,6,20,0.5625,1166.0,135469.499644,80.844222,0.240835,2072.888889,42,74.666667,0,0.0,3,5.333333,2,3.555556,13,23.111111,1,1.777778,3,5.333333,0,0.0,20,35.555556,511.310637,317.793989,173.967152,736.175775,374.343956,0.0,0.0,0.0,0.001807,0.001214,0.0,0.0,0.003021,7.18792,12.778524,38,67.555556,8,0.012461,0.025526,3,0.257585,0.232085,Cluster 3 · building-dense / limited recreation POIs
C006_021,6,21,0.5625,590.0,87643.055874,97.08223,0.15581,1048.888889,34,60.444444,2,3.555556,14,24.888889,2,3.555556,1,1.777778,1,1.777778,0,0.0,0,0.0,14,24.888889,320.420778,231.616718,469.414191,606.655715,369.027252,0.0,0.0,0.0,0.15567,0.034332,0.0,0.0,0.190002,7.295673,12.970086,40,71.111111,8,0.012461,0.024308,3,0.070109,0.618605,Cluster 3 · building-dense / limited recreation POIs
C006_022,6,22,0.5625,111.0,15953.889239,72.485272,0.028362,197.333333,2,3.555556,0,0.0,0,0.0,0,0.0,1,1.777778,0,0.0,0,0.0,0,0.0,1,1.777778,662.842581,649.604795,438.328467,1148.52407,1114.015382,0.0,0.0,0.0,0.0,0.034843,0.0,0.0,0.034843,1.867218,3.319499,8,14.222222,8,0.012461,0.022792,5,-3.142376,1.276454,Cluster 5 · limited retail / low building coverage
C006_023,6,23,0.5625,106.0,47296.859142,171.672794,0.084083,188.444444,8,14.222222,0,0.0,1,1.777778,0,0.0,1,1.777778,0,0.0,0,0.0,0,0.0,6,10.666667,531.362235,118.026863,250.649641,438.735165,900.575738,0.0,0.0,0.0,0.0,0.0,0.0,0.0,0.0,5.907447,10.502128,41,72.888889,8,0.012461,0.020984,5,-1.613974,0.71952,Cluster 5 · limited retail / low building coverage
C006_024,6,24,0.5625,152.0,47215.357324,63.720724,0.083938,270.222222,14,24.888889,1,1.777778,0,0.0,1,1.777778,0,0.0,0,0.0,0,0.0,1,1.777778,11,19.555556,243.319823,639.057113,561.946831,332.185436,944.543052,0.0,0.0,0.0,0.0,0.0,0.0,0.0,0.0,12.046319,21.415677,61,108.444444,8,0.012461,0.018709,5,-1.368411,0.494457,Cluster 5 · limited retail / low building coverage
C006_025,6,25,0.5625,32.0,2688.421749,55.33318,0.004779,56.888889,3,5.333333,0,0.0,0,0.0,1,1.777778,1,1.777778,0,0.0,0,0.0,0,0.0,1,1.777778,980.338334,922.789293,436.230659,837.620494,1448.546339,0.0,0.0,0.000967,0.0,0.0,0.0,0.0,0.000967,12.122417,21.550963,70,124.444444,8,0.012461,0.016447,5,-2.69038,0.613083,Cluster 5 · limited retail / low building coverage
C006_026,6,26,0.5625,102.0,11893.72848,52.71194,0.021144,181.333333,8,14.222222,0,0.0,2,3.555556,0,0.0,0,0.0,0,0.0,0,0.0,1,1.777778,5,8.888889,1728.560662,499.543711,1071.408252,762.025171,1539.685861,0.0,0.0,0.028657,0.0,0.0,0.0,0.0,0.028657,11.047275,19.639599,60,106.666667,8,0.012461,0.01394,5,-2.525314,0.255473,Cluster 5 · limited retail / low building coverage
C006_027,6,27,0.5625,131.0,49315.649421,48.52109,0.087672,232.888889,2,3.555556,0,0.0,0,0.0,0,0.0,0,0.0,0,0.0,0,0.0,0,0.0,2,3.555556,2032.790872,522.020081,1535.395287,888.464923,1625.100081,0.0,0.0,0.0,0.0,0.0,0.093558,0.0,0.093558,4.964867,8.826429,45,80.0,8,0.012461,0.010953,5,-3.369633,0.147718,Cluster 5 · limited retail / low building coverage
C006_028,6,28,0.5625,0.0,0.0,0.0,0.0,0.0,3,5.333333,0,0.0,1,1.777778,0,0.0,0,0.0,0,0.0,0,0.0,0,0.0,2,3.555556,2416.704899,651.725032,1857.493173,1457.071541,1444.287271,0.0,0.0,0.0,0.0,0.0,0.0,0.0,0.0,0.0,0.0,0,0.0,8,0.012461,0.008197,4,-5.297068,2.150082,Cluster 4 · road-sparse / intersection-sparse
C006_029,6,29,0.5625,3.0,74.726798,24.372262,0.000133,5.333333,1,1.777778,0,0.0,0,0.0,0,0.0,0,0.0,0,0.0,0,0.0,0,0.0,1,1.777778,2256.741091,699.949881,1697.610535,2140.501118,1231.120379,0.0,0.0,0.0,0.0,0.0,0.0,0.0,0.0,2.910938,5.175001,2,3.555556,8,0.012461,0.004663,4,-4.777557,1.055218,Cluster 4 · road-sparse / intersection-sparse
C006_030,6,30,0.320161,29.0,9015.241506,114.963369,0.028158,90.579326,0,0.0,0,0.0,0,0.0,0,0.0,0,0.0,0,0.0,0,0.0,0,0.0,0,0.0,2300.160463,954.488922,1707.598394,2551.930808,1360.804186,0.0,0.0,0.013459,0.0,0.0,0.0,0.0,0.013459,0.121461,0.379375,0,0.0,5,0.007788,0.000691,1,-5.541526,-0.857213,Cluster 1 · market-distant / service-light
C007_003,7,3,0.078495,493.0,36824.571607,56.961806,0.469131,6280.637772,36,458.626693,1,12.73963,0,0.0,1,12.73963,24,305.751129,0,0.0,0,0.0,0,0.0,10,127.396304,251.571426,239.947255,70.362428,251.656702,251.913969,0.0,0.0,0.0,0.0,0.0,0.0,0.0,0.0,1.697674,21.62774,13,165.615195,3,0.004673,0.0,3,1.231826,-4.378102,Cluster 3 · building-dense / limited recreation POIs
C007_004,7,4,0.517967,1962.0,175332.110709,61.25688,0.3385,3787.885152,36,69.50248,3,5.791873,6,11.583747,0,0.0,12,23.167493,0,0.0,0,0.0,0,0.0,15,28.959367,599.437847,264.065821,379.660844,533.02407,576.870742,0.0,0.0,0.0,0.0,0.0,0.0,0.0,0.0,8.935975,17.252011,59,113.906842,7,0.010903,0.004078,3,-0.263643,-1.767297,Cluster 3 · building-dense / limited recreation POIs
C007_005,7,5,0.5625,1539.0,187217.627425,64.550015,0.332831,2736.0,88,156.444444,3,5.333333,5,8.888889,5,8.888889,25,44.444444,3,5.333333,6,10.666667,1,1.777778,40,71.111111,151.101748,291.461855,112.698345,497.524468,105.682635,0.092643,0.0,0.045859,0.011366,0.0,0.0,0.0,0.149868,9.932581,17.657922,90,160.0,8,0.012461,0.007909,6,2.218977,-0.829063,Cluster 6 · high building coverage / retail-rich
C007_006,7,6,0.5625,2059.0,272471.412003,82.716866,0.484394,3660.444444,217,385.777778,5,8.888889,18,32.0,13,23.111111,66,117.333333,5,8.888889,10,17.777778,1,1.777778,99,176.0,339.348995,219.435487,47.358844,322.532948,136.746415,0.014201,0.00409,0.276125,0.006778,0.013287,0.0,0.001598,0.316079,13.249532,23.554723,152,270.222222,8,0.012461,0.010976,6,3.410254,-1.329093,Cluster 6 · high building coverage / retail-rich
C007_007,7,7,0.5625,2701.0,278497.625586,73.557711,0.495107,4801.777778,317,563.555556,16,28.444444,27,48.0,22,39.111111,66,117.333333,2,3.555556,10,17.777778,5,8.888889,169,300.444444,151.588943,64.231054,151.588943,219.410429,190.806703,0.0,0.0,0.0,0.007977,0.018379,0.0,0.0,0.026356,13.171712,23.416376,145,257.777778,8,0.012461,0.014511,6,4.311043,-0.80053,Cluster 6 · high building coverage / retail-rich
C007_008,7,8,0.5625,2239.0,284710.103617,93.564982,0.506151,3980.444444,441,784.0,27,48.0,62,110.222222,56,99.555556,67,119.111111,4,7.111111,11,19.555556,3,5.333333,211,375.111111,251.557283,40.428004,101.252686,446.872067,98.30841,0.015016,0.005363,0.0,0.019847,0.015098,0.0,0.004697,0.060021,14.157747,25.169328,138,245.333333,8,0.012461,0.017379,2,4.844024,-0.679605,Cluster 2 · recreation/culture-rich / transport-POI-rich
C007_009,7,9,0.5625,1753.0,252594.254475,112.3998,0.449056,3116.444444,938,1667.555556,56,99.555556,113,200.888889,97,172.444444,158,280.888889,9,16.0,19,33.777778,9,16.0,477,848.0,117.105669,100.376333,62.968393,194.064998,182.618488,0.009842,0.0,0.0,0.038898,0.047813,0.0,0.0,0.096553,15.005799,26.676976,150,266.666667,8,0.012461,0.020344,2,5.870625,-0.231092,Cluster 2 · recreation/culture-rich / transport-POI-rich
C007_010,7,10,0.5625,1658.0,224146.194268,111.361288,0.398482,2947.555556,674,1198.222222,35,62.222222,81,144.0,113,200.888889,120,213.333333,3,5.333333,12,21.333333,11,19.555556,299,531.555556,88.084658,58.759648,76.081046,111.67773,76.247823,0.0,0.024195,0.0,0.234349,0.071167,0.0,0.0,0.329712,14.874415,26.443404,151,268.444444,8,0.012461,0.022741,2,6.094988,0.274847,Cluster 2 · recreation/culture-rich / transport-POI-rich
C007_011,7,11,0.5625,1651.0,239355.324262,110.233413,0.425521,2935.111111,645,1146.666667,51,90.666667,54,96.0,47,83.555556,114,202.666667,12,21.333333,17,30.222222,5,8.888889,345,613.333333,72.223156,45.302593,43.974886,238.968671,132.912157,0.023487,0.000546,0.0,0.020252,0.05183,0.0,0.0,0.096114,16.210564,28.81878,188,334.222222,8,0.012461,0.025064,2,5.885579,-0.016597,Cluster 2 · recreation/culture-rich / transport-POI-rich
C007_012,7,12,0.5625,1761.0,232254.90567,100.387576,0.412898,3130.666667,560,995.555556,38,67.555556,31,55.111111,26,46.222222,109,193.777778,14,24.888889,14,24.888889,4,7.111111,324,576.0,100.518272,107.040551,108.982761,119.372858,201.535942,0.003606,0.000657,0.0,0.013955,0.002181,0.0,0.0,0.020398,12.429249,22.096443,100,177.777778,8,0.012461,0.026864,2,5.080818,0.133692,Cluster 2 · recreation/culture-rich / transport-POI-rich
C007_013,7,13,0.5625,1994.0,259141.328152,118.685931,0.460696,3544.888889,266,472.888889,14,24.888889,23,40.888889,24,42.666667,46,81.777778,2,3.555556,10,17.777778,3,5.333333,144,256.0,276.175381,115.208957,145.693616,522.099024,321.70395,0.0,0.0,0.0,0.000292,0.0,0.0,0.0,0.000292,13.946786,24.794286,139,247.111111,8,0.012461,0.028468,6,3.67859,-0.185865,Cluster 6 · high building coverage / retail-rich
C007_014,7,14,0.5625,2263.0,261568.717663,106.702528,0.465011,4023.111111,282,501.333333,11,19.555556,12,21.333333,28,49.777778,68,120.888889,3,5.333333,10,17.777778,4,7.111111,146,259.555556,215.951303,236.969615,69.976123,176.353681,104.155087,0.018231,0.0,0.0,0.000741,0.001417,0.0,0.0,0.020389,16.429059,29.207217,198,352.0,8,0.012461,0.029581,6,4.370148,-0.064848,Cluster 6 · high building coverage / retail-rich
C007_015,7,15,0.5625,2182.0,290792.934427,121.717,0.516965,3879.111111,448,796.444444,24,42.666667,44,78.222222,48,85.333333,84,149.333333,3,5.333333,6,10.666667,4,7.111111,235,417.777778,104.823232,27.025996,47.417396,35.425968,132.975353,0.0,0.0,0.0,0.013013,0.0,0.0,0.0,0.013013,14.847804,26.396095,164,291.555556,8,0.012461,0.030435,2,5.762872,0.056373,Cluster 2 · recreation/culture-rich / transport-POI-rich
C007_016,7,16,0.5625,1428.0,241268.801703,115.88243,0.428922,2538.666667,714,1269.333333,29,51.555556,42,74.666667,61,108.444444,206,366.222222,8,14.222222,20,35.555556,10,17.777778,338,600.888889,69.400675,12.724915,16.464039,16.556629,228.218538,0.232476,0.006117,0.0,0.065548,0.065802,0.0,0.082434,0.452377,15.194495,27.012435,157,279.111111,8,0.012461,0.030717,2,7.008816,0.531844,Cluster 2 · recreation/culture-rich / transport-POI-rich
C007_017,7,17,0.5625,1925.0,265635.041798,111.076092,0.47224,3422.222222,541,961.777778,24,42.666667,44,78.222222,78,138.666667,109,193.777778,3,5.333333,12,21.333333,4,7.111111,267,474.666667,46.562981,76.044775,12.935651,201.822058,276.701952,0.747305,0.0,0.0,0.000811,0.010702,0.0,0.017233,0.776051,17.933034,31.88095,207,368.0,8,0.012461,0.030789,2,5.84797,-0.131682,Cluster 2 · recreation/culture-rich / transport-POI-rich
C007_018,7,18,0.5625,2298.0,309024.89846,67.163633,0.549378,4085.333333,454,807.111111,25,44.444444,31,55.111111,59,104.888889,87,154.666667,12,21.333333,7,12.444444,6,10.666667,227,403.555556,75.920916,79.12046,115.405531,112.175673,156.541965,0.017015,0.0,0.0,0.0,0.0,0.0,0.0,0.017015,14.979277,26.629826,130,231.111111,8,0.012461,0.030406,2,5.523013,0.026356,Cluster 2 · recreation/culture-rich / transport-POI-rich
C007_019,7,19,0.5625,1449.0,263803.386246,156.37261,0.468984,2576.0,623,1107.555556,20,35.555556,75,133.333333,57,101.333333,116,206.222222,11,19.555556,14,24.888889,10,17.777778,320,568.888889,224.921552,83.083889,104.78263,111.114516,169.210899,0.0,0.0,0.0,0.030308,0.020379,0.0,0.0,0.050687,13.169119,23.411768,115,204.444444,8,0.012461,0.029562,2,5.461636,0.261572,Cluster 2 · recreation/culture-rich / transport-POI-rich
C007_020,7,20,0.5625,1115.0,114442.613746,48.10945,0.203454,1982.222222,230,408.888889,11,19.555556,19,33.777778,32,56.888889,49,87.111111,1,1.777778,1,1.777778,3,5.333333,114,202.666667,240.029064,183.180428,178.410626,389.523951,451.402124,0.0,0.0,0.0,0.060271,0.0,0.0,0.0,0.060271,7.953823,14.14013,46,81.777778,8,0.012461,0.028519,6,2.427035,0.564547,Cluster 6 · high building coverage / retail-rich
C007_021,7,21,0.5625,458.0,98339.852619,179.753639,0.174826,814.222222,140,248.888889,5,8.888889,11,19.555556,6,10.666667,22,39.111111,3,5.333333,1,1.777778,5,8.888889,87,154.666667,353.664429,46.453055,19.598282,332.072122,217.808497,0.0,0.0,0.0,0.077409,0.030518,0.0,0.0,0.107928,7.769702,13.812803,46,81.777778,8,0.012461,0.027148,6,2.762583,0.877478,Cluster 6 · high building coverage / retail-rich
C007_022,7,22,0.5625,208.0,19036.563941,33.178083,0.033843,369.777778,6,10.666667,0,0.0,0,0.0,0,0.0,0,0.0,0,0.0,0,0.0,0,0.0,6,10.666667,759.892389,662.645104,539.689959,621.978544,846.16554,0.0,0.0,0.0,0.0,0.0,0.0,0.0,0.0,5.956424,10.589198,32,56.888889,8,0.012461,0.025452,5,-2.539179,0.898462,Cluster 5 · limited retail / low building coverage
C007_023,7,23,0.5625,68.0,6811.003513,34.69508,0.012108,120.888889,5,8.888889,0,0.0,0,0.0,2,3.555556,1,1.777778,0,0.0,0,0.0,1,1.777778,1,1.777778,989.535622,562.891647,354.941529,789.026159,1584.156463,0.0,0.0,0.0,0.0,0.0,0.0,0.0,0.0,3.153909,5.606949,13,23.111111,8,0.012461,0.023311,5,-2.550996,1.279414,Cluster 5 · limited retail / low building coverage
C007_024,7,24,0.5625,363.0,28124.527676,36.4332,0.049999,645.333333,19,33.777778,0,0.0,1,1.777778,3,5.333333,3,5.333333,0,0.0,0,0.0,1,1.777778,11,19.555556,869.505296,196.936764,115.352738,224.533616,1609.325426,0.0,0.0,0.0,0.0,0.0,0.0,0.0,0.0,11.10665,19.745155,59,104.888889,8,0.012461,0.021042,3,-0.686707,0.441181,Cluster 3 · building-dense / limited recreation POIs
C007_025,7,25,0.5625,187.0,15051.487259,43.530006,0.026758,332.444444,12,21.333333,0,0.0,1,1.777778,2,3.555556,4,7.111111,0,0.0,0,0.0,0,0.0,5,8.888889,1287.593947,204.590479,36.907829,450.733547,1223.455277,0.0,0.0,0.0,0.0,0.0,0.0,0.0,0.0,12.37669,22.003005,71,126.222222,8,0.012461,0.01847,3,-1.028648,0.333425,Cluster 3 · building-dense / limited recreation POIs
C007_026,7,26,0.5625,412.0,57303.457263,50.611981,0.101873,732.444444,9,16.0,0,0.0,0,0.0,0,0.0,0,0.0,0,0.0,0,0.0,1,1.777778,8,14.222222,1551.986756,459.810931,543.776566,237.238594,801.349199,0.0,0.0,0.0,0.0,0.0,0.000823,0.0,0.000823,9.690664,17.227848,50,88.888889,8,0.012461,0.015449,5,-1.925245,0.149685,Cluster 5 · limited retail / low building coverage
C007_027,7,27,0.5625,156.0,68001.14693,85.738136,0.120891,277.333333,6,10.666667,0,0.0,0,0.0,0,0.0,0,0.0,0,0.0,2,3.555556,0,0.0,4,7.111111,1908.658365,511.412087,902.948261,514.752084,955.237281,0.0,0.0,0.0,0.0,0.0,0.285777,0.0,0.285777,5.962669,10.600301,30,53.333333,8,0.012461,0.012464,5,-2.56701,0.194634,Cluster 5 · limited retail / low building coverage
C007_028,7,28,0.5625,232.0,35091.336586,41.314678,0.062385,412.444444,13,23.111111,0,0.0,7,12.444444,0,0.0,0,0.0,0,0.0,0,0.0,1,1.777778,5,8.888889,1733.255192,162.821634,1140.340038,1264.38019,895.433784,0.0,0.0,0.0,0.0,0.0,0.0,0.0,0.0,5.031619,8.945101,24,42.666667,8,0.012461,0.008958,5,-2.288622,0.046672,Cluster 5 · limited retail / low building coverage
C007_029,7,29,0.5625,334.0,113610.281089,56.673174,0.201974,593.777778,14,24.888889,0,0.0,3,5.333333,0,0.0,1,1.777778,1,1.777778,0,0.0,0,0.0,9,16.0,1508.420439,85.959171,963.748434,1813.142821,481.137534,0.0,0.0,0.156243,0.0,0.0,0.0,0.0,0.156243,7.025861,12.490419,21,37.333333,8,0.012461,0.005151,5,-1.858297,-0.686238,Cluster 5 · limited retail / low building coverage
C007_030,7,30,0.309829,512.0,69121.217601,43.128925,0.223095,1652.526214,0,0.0,0,0.0,0,0.0,0,0.0,0,0.0,0,0.0,0,0.0,0,0.0,0,0.0,1570.629789,647.740075,978.998994,1807.162268,748.120104,0.0,0.0,0.162647,0.0,0.0,0.0,0.0,0.162647,1.708584,5.514608,8,25.820722,5,0.007788,0.000839,1,-3.726961,-2.534947,Cluster 1 · market-distant / service-light
C008_002,8,2,0.039517,336.0,19576.733195,45.416014,0.495402,8502.698876,1,25.305651,0,0.0,0,0.0,0,0.0,1,25.305651,0,0.0,0,0.0,0,0.0,0,0.0,521.916901,292.124123,200.096067,520.353062,229.44568,0.0,0.0,0.0,0.0,0.0,0.0,0.00763,0.00763,1.250836,31.653223,8,202.445211,3,0.004673,0.0,3,-0.570243,-4.608758,Cluster 3 · building-dense / limited recreation POIs
C008_003,8,3,0.476997,4155.0,229183.39633,42.353123,0.480472,8710.75351,290,607.970762,14,29.350313,24,50.314822,11,23.06096,105,220.127345,2,4.192902,5,10.482255,9,18.868058,120,251.574109,219.460265,60.837945,142.153054,450.591478,156.559202,0.0,0.0,0.0,0.0,0.000234,0.0,0.000809,0.001043,14.715861,30.85108,155,324.94989,7,0.010903,0.003523,6,4.143043,-2.107189,Cluster 6 · high building coverage / retail-rich
C008_004,8,4,0.5625,2592.0,218932.283385,55.689544,0.389213,4608.0,105,186.666667,6,10.666667,14,24.888889,4,7.111111,22,39.111111,2,3.555556,9,16.0,5,8.888889,43,76.444444,194.681145,69.053469,186.409438,235.265391,265.677019,0.0,0.0,0.0,0.0,0.0,0.0,0.004719,0.004719,11.389984,20.24886,88,156.444444,8,0.012461,0.007385,6,2.985475,-0.950241,Cluster 6 · high building coverage / retail-rich
C008_005,8,5,0.5625,1478.0,157009.844478,66.763146,0.279129,2627.555556,95,168.888889,2,3.555556,13,23.111111,1,1.777778,17,30.222222,1,1.777778,5,8.888889,0,0.0,56,99.555556,312.79039,132.951889,111.467394,420.487688,380.000227,0.046357,0.0,0.01483,0.077781,0.011703,0.0,0.385122,0.535793,9.285197,16.507016,65,115.555556,8,0.012461,0.010531,3,1.42951,-0.636328,Cluster 3 · building-dense / limited recreation POIs
C008_006,8,6,0.5625,1193.0,195918.160183,122.320357,0.348299,2120.888889,489,869.333333,27,48.0,46,81.777778,75,133.333333,96,170.666667,6,10.666667,7,12.444444,4,7.111111,228,405.333333,146.986701,67.029692,103.703725,117.893571,368.539174,0.054576,2.8e-05,0.078539,0.00405,0.003928,0.0,0.367429,0.508551,9.51216,16.910507,77,136.888889,8,0.012461,0.014189,2,4.393801,-0.403047,Cluster 2 · recreation/culture-rich / transport-POI-rich
C008_007,8,7,0.5625,1159.0,250084.772359,156.817703,0.444595,2060.444444,873,1552.0,57,101.333333,108,192.0,177,314.666667,130,231.111111,2,3.555556,12,21.333333,4,7.111111,383,680.888889,29.680594,13.676329,80.766374,303.36652,189.880029,0.395559,0.0,0.0,0.00046,0.0165,0.0,0.0,0.41252,10.934444,19.439012,70,124.444444,8,0.012461,0.017253,2,5.720413,-0.404479,Cluster 2 · recreation/culture-rich / transport-POI-rich
C008_008,8,8,0.5625,594.0,224915.333558,308.851662,0.399849,1056.0,641,1139.555556,32,56.888889,81,144.0,77,136.888889,80,142.222222,3,5.333333,6,10.666667,12,21.333333,350,622.222222,207.832635,91.023143,134.122523,203.185437,279.46016,0.848683,0.0,0.0,0.0,0.134899,0.0,0.0,0.983582,10.131713,18.011935,50,88.888889,8,0.012461,0.020431,2,4.663703,0.202837,Cluster 2 · recreation/culture-rich / transport-POI-rich
C008_009,8,9,0.5625,652.0,192648.520185,247.485594,0.342486,1159.111111,642,1141.333333,26,46.222222,71,126.222222,51,90.666667,139,247.111111,9,16.0,10,17.777778,3,5.333333,333,592.0,19.386514,53.435739,109.515323,70.283262,181.584649,0.086575,0.000423,0.0,0.004478,0.139937,0.0,0.001447,0.23286,12.812012,22.77691,126,224.0,8,0.012461,0.023087,2,5.564361,0.505147,Cluster 2 · recreation/culture-rich / transport-POI-rich
C008_010,8,10,0.5625,383.0,88801.744955,139.303389,0.15787,680.888889,270,480.0,12,21.333333,26,46.222222,11,19.555556,56,99.555556,5,8.888889,12,21.333333,3,5.333333,145,257.777778,109.993196,183.491273,53.015548,97.325175,125.34709,0.0,0.0,0.0,0.143428,0.13204,0.0,0.0,0.275467,10.855924,19.29942,64,113.777778,8,0.012461,0.025679,2,4.000305,1.122064,Cluster 2 · recreation/culture-rich / transport-POI-rich
C008_011,8,11,0.5625,550.0,152223.802657,61.376488,0.27062,977.777778,116,206.222222,39,69.333333,11,19.555556,7,12.444444,5,8.888889,2,3.555556,7,12.444444,2,3.555556,43,76.444444,152.195097,51.522582,354.690621,427.057962,164.178229,0.019196,0.016424,0.0,0.275106,0.03761,0.0,0.0,0.348336,9.405396,16.720705,71,126.222222,8,0.012461,0.027784,6,3.095583,0.803122,Cluster 6 · high building coverage / retail-rich
C008_012,8,12,0.5625,985.0,148100.770511,57.710331,0.26329,1751.111111,253,449.777778,10,17.777778,21,37.333333,15,26.666667,26,46.222222,2,3.555556,58,103.111111,8,14.222222,113,200.888889,145.462032,23.401886,144.460395,213.787275,369.851685,0.010045,0.016426,0.0,0.004562,0.005108,0.0,0.0,0.03614,14.221137,25.282021,117,208.0,8,0.012461,0.029695,6,4.259038,0.479237,Cluster 6 · high building coverage / retail-rich
C008_013,8,13,0.5625,1919.0,248670.297339,112.940869,0.442081,3411.555556,296,526.222222,4,7.111111,24,42.666667,13,23.111111,75,133.333333,6,10.666667,8,14.222222,3,5.333333,163,289.777778,241.501368,41.947465,41.947465,241.501368,217.503427,0.0,0.0,0.0,0.000158,0.003626,0.0,0.0,0.003783,14.508861,25.79353,125,222.222222,8,0.012461,0.03114,6,4.34494,0.088638,Cluster 6 · high building coverage / retail-rich
C008_014,8,14,0.5625,2068.0,272799.541648,120.546756,0.484977,3676.444444,364,647.111111,20,35.555556,33,58.666667,18,32.0,86,152.888889,4,7.111111,11,19.555556,1,1.777778,191,339.555556,47.655303,47.655303,47.655303,574.400083,85.25669,0.0,0.0,0.0,0.0,0.001463,0.0,0.0,0.001463,14.098839,25.064602,137,243.555556,8,0.012461,0.032324,6,4.916637,0.009172,Cluster 6 · high building coverage / retail-rich
C008_015,8,15,0.5625,2084.0,284738.594256,118.629494,0.506202,3704.888889,445,791.111111,16,28.444444,46,81.777778,19,33.777778,109,193.777778,7,12.444444,10,17.777778,2,3.555556,236,419.555556,167.220321,27.453751,115.936958,342.077659,149.746045,0.000681,0.0,0.0,0.0,0.001531,0.0,0.000704,0.002917,13.583339,24.148158,117,208.0,8,0.012461,0.032976,2,4.870148,0.050745,Cluster 2 · recreation/culture-rich / transport-POI-rich
C008_016,8,16,0.5625,1682.0,265390.26385,130.846681,0.471805,2990.222222,1252,2225.777778,54,96.0,138,245.333333,60,106.666667,378,672.0,16,28.444444,14,24.888889,12,21.333333,580,1031.111111,147.123828,115.166474,38.172215,144.959903,137.808476,0.031453,0.000176,0.0,0.029827,0.012716,0.0,0.000703,0.074874,14.964072,26.602795,149,264.888889,8,0.012461,0.033405,2,6.392189,0.346039,Cluster 2 · recreation/culture-rich / transport-POI-rich
C008_017,8,17,0.5625,3223.0,270273.851663,59.562154,0.480487,5729.777778,615,1093.333333,27,48.0,40,71.111111,52,92.444444,183,325.333333,6,10.666667,8,14.222222,2,3.555556,297,528.0,55.422616,106.782128,61.73175,325.65524,260.515666,0.05215,0.0,0.0,0.015101,0.014674,0.0,0.001276,0.083201,15.440716,27.450163,183,325.333333,8,0.012461,0.033369,2,5.228845,0.00011,Cluster 2 · recreation/culture-rich / transport-POI-rich
C008_018,8,18,0.5625,4720.0,286964.057369,36.57493,0.510158,8391.111111,392,696.888889,26,46.222222,28,49.777778,29,51.555556,101,179.555556,7,12.444444,8,14.222222,3,5.333333,190,337.777778,206.293408,117.056243,113.166057,682.949989,131.134561,0.009963,0.0,0.0,0.0,0.00013,0.0,0.024441,0.034534,15.665618,27.849987,166,295.111111,8,0.012461,0.032922,6,4.662437,-0.197914,Cluster 6 · high building coverage / retail-rich
C008_019,8,19,0.5625,3131.0,291257.439802,89.651423,0.517791,5566.222222,350,622.222222,17,30.222222,36,64.0,21,37.333333,84,149.333333,2,3.555556,8,14.222222,6,10.666667,176,312.888889,211.69203,42.681592,62.023446,209.835353,53.073598,0.0,0.0,0.0,0.000498,0.011329,0.0,0.0,0.011826,17.65727,31.390703,165,293.333333,8,0.012461,0.032121,2,5.195068,-0.074603,Cluster 2 · recreation/culture-rich / transport-POI-rich
C008_020,8,20,0.5625,1574.0,118908.043605,27.919896,0.211392,2798.222222,413,734.222222,12,21.333333,36,64.0,18,32.0,75,133.333333,6,10.666667,3,5.333333,9,16.0,254,451.555556,261.848828,200.4313,258.645959,272.084043,280.274749,0.083671,0.0,0.0,0.0,0.003706,0.0,0.0,0.087377,8.149737,14.488422,48,85.333333,8,0.012461,0.030961,6,3.330641,0.687551,Cluster 6 · high building coverage / retail-rich
C008_021,8,21,0.5625,1138.0,145849.585128,156.782077,0.259288,2023.111111,434,771.555556,12,21.333333,26,46.222222,14,24.888889,58,103.111111,7,12.444444,6,10.666667,3,5.333333,308,547.555556,372.750901,148.584311,14.307262,236.15183,160.683062,0.0,0.0,0.0,0.0,0.031001,0.0,0.0,0.031001,15.256276,27.122269,84,149.333333,8,0.012461,0.029441,6,4.064009,0.473264,Cluster 6 · high building coverage / retail-rich
C008_022,8,22,0.5625,427.0,23201.469292,28.173828,0.041247,759.111111,11,19.555556,0,0.0,2,3.555556,3,5.333333,0,0.0,0,0.0,2,3.555556,0,0.0,4,7.111111,827.651131,225.230032,692.420342,714.636753,800.202641,0.0,0.0,0.0,0.0,0.0,0.0,0.0,0.0,11.664165,20.736294,76,135.111111,8,0.012461,0.027483,3,-1.183618,0.581067,Cluster 3 · building-dense / limited recreation POIs
C008_023,8,23,0.5625,112.0,10626.384872,74.505624,0.018891,199.111111,8,14.222222,0,0.0,1,1.777778,3,5.333333,1,1.777778,0,0.0,0,0.0,0,0.0,3,5.333333,1528.634248,188.122827,569.891793,1284.220619,1161.429624,0.0,0.0,0.0,0.0,0.0,0.0,0.0,0.0,7.70702,13.701369,44,78.222222,8,0.012461,0.025314,5,-2.070894,0.842381,Cluster 5 · limited retail / low building coverage
C008_024,8,24,0.5625,156.0,8297.249638,35.178356,0.014751,277.333333,11,19.555556,0,0.0,2,3.555556,0,0.0,1,1.777778,0,0.0,0,0.0,0,0.0,8,14.222222,1283.977698,301.333347,794.920404,908.541798,1047.548213,0.0,0.0,0.0,0.0,0.0,0.0,0.0,0.0,11.830872,21.032662,73,129.777778,8,0.012461,0.022807,5,-2.100706,0.535823,Cluster 5 · limited retail / low building coverage
C008_025,8,25,0.5625,363.0,46675.626261,64.662098,0.082979,645.333333,53,94.222222,1,1.777778,3,5.333333,12,21.333333,4,7.111111,0,0.0,0,0.0,0,0.0,33,58.666667,795.558038,340.369964,102.561813,642.518976,627.18219,0.0,0.0,0.0,0.0,0.0,0.0,0.0,0.0,13.680631,24.321122,87,154.666667,8,0.012461,0.019863,3,-0.253409,0.152771,Cluster 3 · building-dense / limited recreation POIs
C008_026,8,26,0.5625,807.0,88977.669951,66.712767,0.158183,1434.666667,111,197.333333,0,0.0,8,14.222222,14,24.888889,18,32.0,1,1.777778,2,3.555556,2,3.555556,66,117.333333,861.525655,208.195207,230.753154,333.612533,196.693996,0.0,0.0,0.0,0.0,0.0,0.004763,0.0,0.004763,8.376938,14.892334,61,108.444444,8,0.012461,0.016805,3,1.08468,0.060462,Cluster 3 · building-dense / limited recreation POIs
C008_027,8,27,0.5625,875.0,116310.671829,77.075091,0.206775,1555.555556,32,56.888889,0,0.0,7,12.444444,2,3.555556,0,0.0,0,0.0,2,3.555556,0,0.0,21,37.333333,1268.842268,169.195402,452.633867,720.157357,555.883308,0.0,0.0,0.0,0.0,0.0,0.025692,0.0,0.025692,6.378127,11.338893,28,49.777778,8,0.012461,0.013309,3,-0.955496,-0.256708,Cluster 3 · building-dense / limited recreation POIs
C008_028,8,28,0.5625,754.0,88131.870369,73.899319,0.156679,1340.444444,17,30.222222,0,0.0,1,1.777778,0,0.0,0,0.0,0,0.0,3,5.333333,0,0.0,13,23.111111,1030.442963,325.083659,524.852284,1432.115888,735.072867,0.0,0.0,0.0,0.0,0.0,0.0,0.0,0.0,5.323793,9.464521,26,46.222222,8,0.012461,0.009592,5,-1.93741,-0.338268,Cluster 5 · limited retail / low building coverage
C008_029,8,29,0.5625,985.0,133135.451278,65.663595,0.236685,1751.111111,41,72.888889,0,0.0,9,16.0,3,5.333333,6,10.666667,1,1.777778,1,1.777778,1,1.777778,20,35.555556,763.402968,289.741895,300.539298,1081.546689,268.94101,0.0,0.0,0.0,0.0,0.0,0.0,0.0,0.0,8.333486,14.815085,44,78.222222,8,0.012461,0.005511,3,-0.004745,-0.695363,Cluster 3 · building-dense / limited recreation POIs
C008_030,8,30,0.299496,64.0,7307.611848,37.031952,0.0244,213.692348,2,6.677886,0,0.0,1,3.338943,0,0.0,0,0.0,0,0.0,0,0.0,0,0.0,1,3.338943,876.420341,248.06267,355.078428,1069.773331,626.637254,0.0,0.0,0.0,0.0,0.0,0.0,0.0,0.0,0.356549,1.190496,0,0.0,5,0.007788,0.000938,1,-3.750339,-1.011472,Cluster 1 · market-distant / service-light
C009_002,9,2,0.42278,2454.0,190144.52025,58.894465,0.449748,5804.434221,50,118.264756,0,0.0,2,4.73059,2,4.73059,10,23.652951,0,0.0,2,4.73059,1,2.365295,33,78.054739,978.986251,315.079345,107.687737,481.911057,725.621211,0.0,0.0,0.0,0.0,0.0,0.0,0.0,0.0,12.710984,30.065227,156,368.986038,6,0.009346,0.002032,3,0.657538,-2.809504,Cluster 3 · building-dense / limited recreation POIs
C009_003,9,3,0.5625,2723.0,177445.635668,49.207967,0.315459,4840.888889,101,179.555556,3,5.333333,6,10.666667,6,10.666667,26,46.222222,2,3.555556,9,16.0,4,7.111111,45,80.0,288.394886,46.095816,172.56299,348.337486,347.898961,0.0,0.0,0.0,0.000511,0.015832,0.0,0.000335,0.016678,11.711983,20.821303,112,199.111111,8,0.012461,0.006283,6,2.598667,-0.97176,Cluster 6 · high building coverage / retail-rich
C009_004,9,4,0.5625,2356.0,201656.52989,63.095652,0.3585,4188.444444,362,643.555556,16,28.444444,26,46.222222,24,42.666667,86,152.888889,0,0.0,17,30.222222,11,19.555556,182,323.555556,55.247699,217.173403,62.025485,362.348556,446.127381,0.001395,0.0,0.0,0.05006,0.0,0.0,0.093448,0.144903,11.513048,20.46764,108,192.0,8,0.012461,0.009561,6,3.835559,-0.825579,Cluster 6 · high building coverage / retail-rich
C009_005,9,5,0.5625,575.0,117763.32246,97.778752,0.209357,1022.222222,407,723.555556,6,10.666667,23,40.888889,18,32.0,191,339.555556,5,8.888889,5,8.888889,5,8.888889,154,273.777778,251.889832,137.516763,62.738307,249.922739,74.940974,0.0,0.0,0.0,0.232844,0.073719,0.0,0.492261,0.798824,8.793573,15.633019,71,126.222222,8,0.012461,0.013343,2,3.821362,0.293198,Cluster 2 · recreation/culture-rich / transport-POI-rich
C009_006,9,6,0.5625,439.0,159297.022192,245.181699,0.283195,780.444444,741,1317.333333,30,53.333333,75,133.333333,120,213.333333,171,304.0,4,7.111111,11,19.555556,3,5.333333,327,581.333333,57.050484,61.088429,113.860412,191.909103,161.000046,0.459079,0.0,0.0,0.178595,0.090998,0.0,0.238832,0.967504,11.145983,19.815081,101,179.555556,8,0.012461,0.016585,2,5.131927,0.223787,Cluster 2 · recreation/culture-rich / transport-POI-rich
C009_007,9,7,0.5625,489.0,187050.561666,306.85445,0.332534,869.333333,1104,1962.666667,67,119.111111,100,177.777778,82,145.777778,251,446.222222,10,17.777778,16,28.444444,19,33.777778,559,993.777778,17.017419,17.017419,64.633565,127.109855,232.395808,0.821899,0.0,0.001471,5.5e-05,0.146978,0.0,0.000145,0.970548,11.806046,20.988526,66,117.333333,8,0.012461,0.019944,2,6.580653,0.423069,Cluster 2 · recreation/culture-rich / transport-POI-rich
C009_008,9,8,0.5625,1097.0,214498.582257,147.815514,0.381331,1950.222222,1090,1937.777778,54,96.0,175,311.111111,69,122.666667,144,256.0,28,49.777778,18,32.0,21,37.333333,581,1032.888889,75.08999,11.310217,41.023453,117.269897,51.813427,0.357652,0.000509,0.0,0.0,0.076367,0.0,0.0,0.434527,13.032103,23.168183,82,145.777778,8,0.012461,0.022825,2,7.055574,0.302954,Cluster 2 · recreation/culture-rich / transport-POI-rich
C009_009,9,9,0.5625,585.0,127724.216964,148.438288,0.227065,1040.0,307,545.777778,14,24.888889,35,62.222222,16,28.444444,54,96.0,4,7.111111,15,26.666667,4,7.111111,165,293.333333,370.968904,55.057825,191.698078,424.349305,257.568207,0.011335,0.0,0.0,0.005404,0.481312,0.0,0.0,0.498051,9.142733,16.253747,47,83.555556,8,0.012461,0.025653,2,3.561187,1.253586,Cluster 2 · recreation/culture-rich / transport-POI-rich
C009_010,9,10,0.5625,59.0,51831.44433,97.179037,0.092145,104.888889,24,42.666667,1,1.777778,2,3.555556,1,1.777778,2,3.555556,0,0.0,1,1.777778,2,3.555556,15,26.666667,298.136622,288.879671,435.609026,185.195955,559.422099,0.0,0.0,0.0,0.0,0.675355,0.0,0.0,0.675355,6.396515,11.371583,20,35.555556,8,0.012461,0.028028,3,-0.227618,2.168889,Cluster 3 · building-dense / limited recreation POIs
C009_011,9,11,0.5625,201.0,95440.200753,210.381843,0.169671,357.333333,187,332.444444,2,3.555556,24,42.666667,5,8.888889,26,46.222222,3,5.333333,17,30.222222,2,3.555556,108,192.0,174.965668,106.961888,200.422822,420.87468,200.422822,0.0,0.196364,0.0,0.270706,0.07571,0.0,0.012724,0.555503,10.421046,18.526305,64,113.777778,8,0.012461,0.030204,6,2.954827,1.45687,Cluster 6 · high building coverage / retail-rich
C009_012,9,12,0.5625,398.0,96018.621723,47.46186,0.1707,707.555556,181,321.777778,4,7.111111,14,24.888889,7,12.444444,53,94.222222,3,5.333333,38,67.555556,9,16.0,53,94.222222,113.814777,79.948754,160.117606,148.527137,248.902239,0.0,0.007053,0.0,0.040331,0.050373,0.0,0.0,0.097757,11.132683,19.791436,59,104.888889,8,0.012461,0.031952,6,3.637378,1.171651,Cluster 6 · high building coverage / retail-rich
C009_013,9,13,0.5625,593.0,92719.579185,118.891454,0.164835,1054.222222,248,440.888889,4,7.111111,28,49.777778,14,24.888889,47,83.555556,4,7.111111,5,8.888889,5,8.888889,141,250.666667,210.970067,98.35486,66.660098,416.785648,304.27669,0.0,0.0,0.0,0.001029,0.011889,0.0,0.005165,0.018083,7.072852,12.573959,53,94.222222,8,0.012461,0.033437,6,3.034076,1.042805,Cluster 6 · high building coverage / retail-rich
C009_014,9,14,0.5625,1422.0,196829.42869,118.514097,0.349919,2528.0,371,659.555556,15,26.666667,35,62.222222,12,21.333333,87,154.666667,2,3.555556,4,7.111111,4,7.111111,212,376.888889,312.511503,88.011623,115.82082,671.098219,272.356246,0.0,0.0,0.0,0.001645,0.0,0.0,0.018276,0.019921,8.738361,15.534864,69,122.666667,8,0.012461,0.034421,6,3.396528,0.466399,Cluster 6 · high building coverage / retail-rich
C009_015,9,15,0.5625,2197.0,246619.039279,92.422826,0.438434,3905.777778,212,376.888889,6,10.666667,29,51.555556,13,23.111111,49,87.111111,3,5.333333,4,7.111111,3,5.333333,105,186.666667,290.108951,162.102223,195.271842,404.180527,406.894398,0.001532,0.0,0.0,0.0,0.001505,0.0,0.000153,0.00319,11.773271,20.930259,90,160.0,8,0.012461,0.035167,6,3.229564,0.256867,Cluster 6 · high building coverage / retail-rich
C009_016,9,16,0.5625,1588.0,229099.614318,103.578053,0.407288,2823.111111,234,416.0,12,21.333333,35,62.222222,13,23.111111,41,72.888889,2,3.555556,13,23.111111,3,5.333333,115,204.444444,122.618666,73.582051,169.787883,422.995858,228.890516,0.026368,0.0,0.0,0.045211,0.031595,0.0,0.0,0.103174,14.92965,26.541601,145,257.777778,8,0.012461,0.035478,6,4.066463,0.369069,Cluster 6 · high building coverage / retail-rich
C009_017,9,17,0.5625,2516.0,250538.793366,73.588962,0.445402,4472.888889,142,252.444444,7,12.444444,12,21.333333,10,17.777778,27,48.0,3,5.333333,6,10.666667,0,0.0,77,136.888889,359.922287,145.213378,151.497218,299.967821,251.830374,0.089438,0.034216,0.0,0.001763,0.000909,0.0,0.0,0.126326,11.979628,21.297117,111,197.333333,8,0.012461,0.035402,6,3.008653,0.26669,Cluster 6 · high building coverage / retail-rich
C009_018,9,18,0.5625,3949.0,244881.77596,42.386607,0.435345,7020.444444,104,184.888889,2,3.555556,12,21.333333,12,21.333333,25,44.444444,0,0.0,2,3.555556,1,1.777778,50,88.888889,302.006915,143.833663,201.253402,707.333454,460.764771,0.342353,0.0,0.0,0.01366,0.015174,0.0,0.000205,0.371392,18.835864,33.48598,236,419.555556,8,0.012461,0.034926,6,2.384125,-0.252322,Cluster 6 · high building coverage / retail-rich
C009_019,9,19,0.5625,3578.0,206102.241196,36.435743,0.366404,6360.888889,156,277.333333,10,17.777778,14,24.888889,20,35.555556,31,55.111111,2,3.555556,2,3.555556,4,7.111111,73,129.777778,257.084958,299.8243,182.151659,302.698073,227.611212,0.145495,0.0,0.0,0.00547,0.042966,0.0,0.0,0.193931,15.120171,26.880303,128,227.555556,8,0.012461,0.03411,6,3.244351,0.247548,Cluster 6 · high building coverage / retail-rich
C009_020,9,20,0.5625,1100.0,112862.431125,59.392154,0.200644,1955.555556,72,128.0,4,7.111111,8,14.222222,10,17.777778,8,14.222222,1,1.777778,0,0.0,0,0.0,41,72.888889,236.540854,85.335862,69.716057,197.425313,347.086843,0.173114,0.0,0.0,0.011618,0.011191,0.0,0.0,0.195924,13.057354,23.213073,87,154.666667,8,0.012461,0.032838,3,1.851793,0.554877,Cluster 3 · building-dense / limited recreation POIs
C009_021,9,21,0.5625,447.0,66196.392738,139.383406,0.117682,794.666667,229,407.111111,5,8.888889,8,14.222222,30,53.333333,42,74.666667,3,5.333333,1,1.777778,2,3.555556,138,245.333333,338.068341,142.205884,150.060225,260.287831,172.993556,0.0,0.006694,0.041739,0.0,0.0,0.0,0.0,0.048433,8.574142,15.24292,51,90.666667,8,0.012461,0.031122,6,2.311683,0.974189,Cluster 6 · high building coverage / retail-rich
C009_022,9,22,0.5625,94.0,7644.932589,40.066754,0.013591,167.111111,2,3.555556,0,0.0,0,0.0,0,0.0,0,0.0,1,1.777778,0,0.0,0,0.0,1,1.777778,910.427955,381.076006,620.266348,745.522392,308.639381,0.0,0.0,0.0,0.0,0.0,0.0,0.0,0.0,7.322211,13.017264,42,74.666667,8,0.012461,0.029133,5,-2.220681,1.256968,Cluster 5 · limited retail / low building coverage
C009_023,9,23,0.5625,581.0,61600.559269,75.683994,0.109512,1032.888889,4,7.111111,0,0.0,1,1.777778,0,0.0,0,0.0,0,0.0,1,1.777778,0,0.0,2,3.555556,1353.805356,371.057443,571.151823,1335.525727,464.539525,0.0,0.0,0.0,0.0,0.00065,0.0,0.0,0.00065,5.706354,10.14463,31,55.111111,8,0.012461,0.026785,5,-2.071483,0.598143,Cluster 5 · limited retail / low building coverage
C009_024,9,24,0.5625,432.0,38589.630508,57.606086,0.068604,768.0,14,24.888889,0,0.0,3,5.333333,2,3.555556,2,3.555556,1,1.777778,0,0.0,0,0.0,6,10.666667,1052.217797,431.065978,747.898355,1042.069189,420.463439,0.0,0.0,0.0,0.0,0.0,0.0,0.0,0.0,6.989666,12.426073,34,60.444444,8,0.012461,0.02401,5,-1.414983,0.592213,Cluster 5 · limited retail / low building coverage
C009_025,9,25,0.5625,1112.0,107021.379981,69.322055,0.19026,1976.888889,116,206.222222,2,3.555556,10,17.777778,6,10.666667,25,44.444444,1,1.777778,2,3.555556,2,3.555556,68,120.888889,302.450252,81.950204,265.865325,754.069062,160.581541,0.084224,0.0,0.0,0.0,0.0,0.0,0.0,0.084224,7.371069,13.104122,45,80.0,8,0.012461,0.021023,6,1.632659,0.14613,Cluster 6 · high building coverage / retail-rich
C009_026,9,26,0.5625,916.0,120966.194991,95.909509,0.215051,1628.444444,111,197.333333,5,8.888889,9,16.0,7,12.444444,19,33.777778,4,7.111111,4,7.111111,0,0.0,63,112.0,313.486153,69.586044,235.981016,445.021579,109.971579,0.062235,0.0,0.0,0.019845,0.0,0.0,0.0,0.08208,9.989128,17.75845,72,128.0,8,0.012461,0.017616,6,2.089771,-0.090377,Cluster 6 · high building coverage / retail-rich
C009_027,9,27,0.5625,1203.0,190214.418714,92.8921,0.338159,2138.666667,32,56.888889,0,0.0,4,7.111111,1,1.777778,6,10.666667,2,3.555556,2,3.555556,1,1.777778,16,28.444444,699.568658,177.282282,527.916535,778.057519,363.538429,0.098622,0.0,0.0,0.0,0.0,0.0,0.0,0.098622,7.015486,12.471975,39,69.333333,8,0.012461,0.013972,3,0.200745,-0.412291,Cluster 3 · building-dense / limited recreation POIs
C009_028,9,28,0.5625,1745.0,188832.342588,67.270317,0.335702,3102.222222,16,28.444444,1,1.777778,2,3.555556,1,1.777778,1,1.777778,0,0.0,1,1.777778,0,0.0,10,17.777778,494.420711,6.810865,569.783055,1095.978971,684.35495,0.0,0.0,0.0,0.0,0.0,0.0,0.0,0.0,10.03123,17.833298,73,129.777778,8,0.012461,0.010067,3,0.057163,-0.973649,Cluster 3 · building-dense / limited recreation POIs
C009_029,9,29,0.5625,1657.0,174875.076953,59.290173,0.310889,2945.777778,65,115.555556,8,14.222222,6,10.666667,4,7.111111,9,16.0,3,5.333333,2,3.555556,4,7.111111,29,51.555556,80.08455,142.41228,116.38517,420.713193,108.676692,0.0,0.0,0.0,0.0,0.0,0.0,0.0,0.0,9.665751,17.183557,59,104.888889,8,0.012461,0.00577,6,2.435646,-0.695915,Cluster 6 · high building coverage / retail-rich
C009_030,9,30,0.289163,81.0,10420.536443,52.333498,0.036037,280.118539,0,0.0,0,0.0,0,0.0,0,0.0,0,0.0,0,0.0,0,0.0,0,0.0,0,0.0,349.499343,441.768891,506.579357,384.82385,546.126801,0.0,0.0,0.0,0.0,0.0,0.0,0.0,0.0,1.890246,6.536951,7,24.207775,5,0.007788,0.001009,1,-3.170289,-1.550158,Cluster 1 · market-distant / service-light
C010_001,10,1,0.355318,1764.0,117284.724107,48.862061,0.330084,4964.567854,54,151.976567,2,5.628762,2,5.628762,11,30.95819,5,14.071904,0,0.0,3,8.443143,0,0.0,31,87.245807,57.280343,244.132179,147.72676,1106.917301,408.322554,0.0,0.0,0.0,0.0,0.018181,0.0,0.0,0.018181,7.024002,19.768217,54,151.976567,5,0.007788,0.001273,3,1.080579,-2.990375,Cluster 3 · building-dense / limited recreation POIs
C010_002,10,2,0.5625,1385.0,120501.727596,64.394118,0.214225,2462.222222,35,62.222222,0,0.0,6,10.666667,1,1.777778,5,8.888889,0,0.0,3,5.333333,1,1.777778,19,33.777778,636.08858,305.057645,320.833537,303.756805,500.835573,0.0,0.0,0.0,0.0,0.008182,0.0,0.0,0.008182,8.827628,15.69356,88,156.444444,7,0.010903,0.003799,3,-0.095541,-1.401913,Cluster 3 · building-dense / limited recreation POIs
C010_003,10,3,0.5625,2047.0,239059.754571,85.022761,0.424995,3639.111111,312,554.666667,5,8.888889,30,53.333333,56,99.555556,65,115.555556,3,5.333333,11,19.555556,6,10.666667,136,241.777778,438.270163,134.864288,101.900535,12.710283,249.668588,0.0,0.0,0.0,0.0,0.069546,0.0,0.0,0.069546,11.631475,20.678177,110,195.555556,8,0.012461,0.007908,2,4.380989,-0.601353,Cluster 2 · recreation/culture-rich / transport-POI-rich
C010_004,10,4,0.5625,876.0,193549.079669,140.606271,0.344087,1557.333333,333,592.0,20,35.555556,41,72.888889,43,76.444444,40,71.111111,2,3.555556,28,49.777778,5,8.888889,154,273.777778,23.973485,53.814237,63.482499,102.607645,259.630381,0.084138,0.0,0.0,0.310263,0.028522,0.0,0.0,0.422923,10.911574,19.398354,92,163.555556,8,0.012461,0.011869,2,5.149732,-0.110759,Cluster 2 · recreation/culture-rich / transport-POI-rich
C010_005,10,5,0.5625,415.0,116819.386491,162.49133,0.207679,737.777778,597,1061.333333,4,7.111111,50,88.888889,22,39.111111,259,460.444444,7,12.444444,11,19.555556,9,16.0,235,417.777778,98.684783,128.730541,168.424425,262.316901,187.444588,0.161423,0.0,0.0,0.59045,0.089212,0.0,0.005383,0.846469,12.782361,22.724197,113,200.888889,8,0.012461,0.015305,2,4.400804,0.411004,Cluster 2 · recreation/culture-rich / transport-POI-rich
C010_006,10,6,0.5625,947.0,241132.112584,163.317874,0.428679,1683.555556,1946,3459.555556,23,40.888889,97,172.444444,49,87.111111,925,1644.444444,25,44.444444,21,37.333333,10,17.777778,796,1415.111111,127.887225,50.591208,23.464044,191.964703,55.610131,0.003707,0.0,0.0,0.120579,0.01993,0.0,0.0,0.144216,13.151286,23.380063,86,152.888889,8,0.012461,0.018842,2,6.527374,-0.011212,Cluster 2 · recreation/culture-rich / transport-POI-rich
C010_007,10,7,0.5625,1467.0,274096.510835,145.722092,0.487283,2608.0,695,1235.555556,63,112.0,53,94.222222,43,76.444444,95,168.888889,8,14.222222,26,46.222222,3,5.333333,404,718.222222,96.99517,11.554949,21.234063,328.828768,132.070954,0.0,0.0,0.0,0.0,0.004159,0.0,0.0,0.004159,11.177682,19.871434,77,136.888889,8,0.012461,0.021934,2,5.853524,-0.244934,Cluster 2 · recreation/culture-rich / transport-POI-rich
C010_008,10,8,0.5625,1576.0,250929.334333,120.490882,0.446097,2801.777778,1167,2074.666667,72,128.0,188,334.222222,59,104.888889,194,344.888889,12,21.333333,29,51.555556,13,23.111111,600,1066.666667,26.88631,17.437343,26.298983,427.461431,22.018498,0.0,0.000372,0.0,0.02527,0.000239,0.0,1.8e-05,0.025898,12.136504,21.576007,88,156.444444,8,0.012461,0.024972,2,7.112807,0.077537,Cluster 2 · recreation/culture-rich / transport-POI-rich
C010_009,10,9,0.5625,1246.0,225660.231568,112.164474,0.401174,2215.111111,920,1635.555556,37,65.777778,173,307.555556,55,97.777778,105,186.666667,11,19.555556,32,56.888889,22,39.111111,485,862.222222,29.036014,11.727669,24.271666,172.221845,134.678175,0.007564,0.0,0.002207,0.022896,0.087449,0.0,0.075989,0.196106,12.142734,21.587083,87,154.666667,8,0.012461,0.027589,2,6.890232,0.504538,Cluster 2 · recreation/culture-rich / transport-POI-rich
C010_010,10,10,0.5625,562.0,117396.080462,156.373738,0.208704,999.111111,499,887.111111,12,21.333333,31,55.111111,17,30.222222,73,129.777778,5,8.888889,17,30.222222,9,16.0,335,595.555556,268.382773,176.866096,25.524163,275.991457,263.492979,0.0,0.0,0.0,0.000467,0.238905,0.0,0.007472,0.246845,13.251115,23.557538,70,124.444444,8,0.012461,0.030009,2,4.194931,1.168698,Cluster 2 · recreation/culture-rich / transport-POI-rich
C010_011,10,11,0.5625,84.0,42972.644821,88.465317,0.076396,149.333333,47,83.555556,0,0.0,5,8.888889,4,7.111111,5,8.888889,2,3.555556,4,7.111111,0,0.0,27,48.0,525.975738,312.014977,123.562155,683.575682,298.364435,0.0,0.0,0.0,0.0,0.308597,0.0,0.0,0.308597,5.147292,9.150741,25,44.444444,8,0.012461,0.032033,3,0.173539,2.033667,Cluster 3 · building-dense / limited recreation POIs
C010_012,10,12,0.5625,140.0,38795.679555,107.564853,0.06897,248.888889,8,14.222222,0,0.0,0,0.0,0,0.0,0,0.0,0,0.0,1,1.777778,0,0.0,7,12.444444,478.12071,490.750253,498.753501,575.392921,458.619079,0.0,0.0,0.0,0.001191,0.037017,0.0,0.041625,0.079833,3.434721,6.10617,14,24.888889,8,0.012461,0.033784,5,-2.09512,1.619892,Cluster 5 · limited retail / low building coverage
C010_013,10,13,0.5625,888.0,134240.262642,109.918738,0.238649,1578.666667,61,108.444444,7,12.444444,2,3.555556,3,5.333333,7,12.444444,0,0.0,5,8.888889,2,3.555556,35,62.222222,355.525956,257.732605,203.622481,356.120269,401.008201,0.0,0.0,0.0,0.0,0.001586,0.0,0.016804,0.01839,7.911601,14.065069,58,103.111111,8,0.012461,0.035075,3,1.249248,0.774883,Cluster 3 · building-dense / limited recreation POIs
C010_014,10,14,0.5625,1978.0,238747.199883,90.067877,0.424439,3516.444444,273,485.333333,16,28.444444,20,35.555556,33,58.666667,55,97.777778,1,1.777778,6,10.666667,3,5.333333,139,247.111111,123.750969,89.682206,178.284174,172.510987,156.342358,0.0,0.0,0.0,0.0,0.011465,0.0,0.0,0.011465,12.164274,21.625375,98,174.222222,8,0.012461,0.036117,6,4.103023,0.424335,Cluster 6 · high building coverage / retail-rich
C010_015,10,15,0.5625,1590.0,182994.172329,73.903857,0.325323,2826.666667,205,364.444444,15,26.666667,32,56.888889,25,44.444444,29,51.555556,2,3.555556,8,14.222222,2,3.555556,92,163.555556,98.372513,175.339274,128.3605,207.994236,183.815707,0.0,0.021673,0.0,0.019731,0.017024,0.0,0.0,0.058428,11.87041,21.102952,84,149.333333,8,0.012461,0.036746,6,3.875045,0.770909,Cluster 6 · high building coverage / retail-rich
C010_016,10,16,0.5625,1131.0,172366.676221,52.245033,0.30643,2010.666667,59,104.888889,5,8.888889,8,14.222222,2,3.555556,5,8.888889,4,7.111111,4,7.111111,0,0.0,31,55.111111,216.683516,121.80183,331.075113,337.407449,239.795416,0.0,0.001333,0.054153,0.0,0.011987,0.0,0.0,0.067473,8.946505,15.904897,66,117.333333,8,0.012461,0.036997,6,1.813813,0.67175,Cluster 6 · high building coverage / retail-rich
C010_017,10,17,0.5625,1974.0,159126.15544,54.143869,0.282891,3509.333333,21,37.333333,2,3.555556,5,8.888889,1,1.777778,6,10.666667,0,0.0,1,1.777778,1,1.777778,5,8.888889,353.269735,285.134588,472.46137,958.445489,421.996413,0.029448,0.0,0.0,0.000526,0.0,0.0,0.0,0.029973,6.990556,12.427656,49,87.111111,8,0.012461,0.036858,3,0.320431,0.577187,Cluster 3 · building-dense / limited recreation POIs
C010_018,10,18,0.5625,1419.0,117826.261186,47.721093,0.209469,2522.666667,59,104.888889,0,0.0,3,5.333333,13,23.111111,8,14.222222,2,3.555556,0,0.0,0,0.0,33,58.666667,494.894078,340.131057,341.292528,916.207651,247.642332,0.206773,0.0,0.007995,0.000196,0.003717,0.0,0.000313,0.218994,10.350871,18.401548,66,117.333333,8,0.012461,0.0364,3,0.460264,0.624619,Cluster 3 · building-dense / limited recreation POIs
C010_019,10,19,0.5625,708.0,82289.768085,68.275082,0.146293,1258.666667,31,55.111111,3,5.333333,4,7.111111,1,1.777778,7,12.444444,0,0.0,1,1.777778,0,0.0,15,26.666667,358.730417,191.908253,254.429749,763.564075,507.716564,0.003074,0.0,0.0,0.000175,0.0,0.0,0.000741,0.00399,5.626767,10.003142,30,53.333333,8,0.012461,0.035461,3,-0.049196,0.946254,Cluster 3 · building-dense / limited recreation POIs
C010_020,10,20,0.5625,1031.0,113206.944164,67.893487,0.201257,1832.888889,29,51.555556,0,0.0,4,7.111111,0,0.0,8,14.222222,1,1.777778,2,3.555556,0,0.0,14,24.888889,601.952606,163.238409,263.749915,428.923133,118.218943,0.009374,0.0,0.0,0.0,0.0,0.0,0.01029,0.019664,8.14435,14.478844,58,103.111111,8,0.012461,0.034102,3,0.404853,0.70175,Cluster 3 · building-dense / limited recreation POIs
C010_021,10,21,0.5625,911.0,108319.342471,72.598654,0.192568,1619.555556,37,65.777778,1,1.777778,0,0.0,1,1.777778,6,10.666667,0,0.0,0,0.0,2,3.555556,27,48.0,1030.091527,633.390648,96.122358,341.534061,648.949411,0.007701,0.0,0.0,0.0,0.000422,0.0,0.13308,0.141203,5.795687,10.303443,29,51.555556,8,0.012461,0.032374,3,-0.460032,0.830716,Cluster 3 · building-dense / limited recreation POIs
C010_022,10,22,0.5625,1223.0,100057.448816,59.633544,0.17788,2174.222222,17,30.222222,1,1.777778,1,1.777778,2,3.555556,3,5.333333,0,0.0,1,1.777778,0,0.0,9,16.0,1320.75503,476.86723,478.370452,468.477155,450.422151,0.0,0.0,0.0,0.0,0.001337,0.0,0.00155,0.002887,5.30108,9.424142,29,51.555556,8,0.012461,0.030263,3,-0.864632,0.604475,Cluster 3 · building-dense / limited recreation POIs
C010_023,10,23,0.5625,1058.0,105519.001329,73.817158,0.187589,1880.888889,28,49.777778,2,3.555556,3,5.333333,2,3.555556,10,17.777778,1,1.777778,0,0.0,1,1.777778,9,16.0,851.626012,297.241239,309.633335,1203.036232,398.259304,0.0,0.0,0.0,0.0,0.001229,0.0,0.0,0.001229,5.798949,10.309242,28,49.777778,8,0.012461,0.027732,3,-0.164122,0.516088,Cluster 3 · building-dense / limited recreation POIs
C010_024,10,24,0.5625,706.0,71551.560238,79.918343,0.127203,1255.111111,26,46.222222,1,1.777778,2,3.555556,3,5.333333,3,5.333333,3,5.333333,1,1.777778,1,1.777778,12,21.333333,363.910454,344.270762,569.834803,719.867042,139.397898,0.0,0.0,0.0,0.0,0.027133,0.0,0.0,0.027133,5.706593,10.145054,24,42.666667,8,0.012461,0.024927,3,0.127579,0.769556,Cluster 3 · building-dense / limited recreation POIs
C010_025,10,25,0.5625,1582.0,217354.980931,133.960679,0.386409,2812.444444,462,821.333333,18,32.0,62,110.222222,42,74.666667,74,131.555556,5,8.888889,5,8.888889,6,10.666667,250,444.444444,112.603254,132.544459,138.842946,30.339979,260.363122,0.049821,0.0,0.0,0.015365,0.005005,0.0,0.0,0.070192,10.584355,18.81663,63,112.0,8,0.012461,0.021704,2,4.690937,0.101937,Cluster 2 · recreation/culture-rich / transport-POI-rich
C010_026,10,26,0.5625,1559.0,260356.218496,151.230519,0.462855,2771.555556,904,1607.111111,30,53.333333,100,177.777778,63,112.0,142,252.444444,14,24.888889,9,16.0,21,37.333333,525,933.333333,135.464866,82.597761,77.979605,139.773978,126.185528,0.007762,0.0,0.0,0.0,0.036971,0.0,0.0,0.044733,14.916653,26.518494,90,160.0,8,0.012461,0.018202,2,5.770272,-0.216493,Cluster 2 · recreation/culture-rich / transport-POI-rich
C010_027,10,27,0.5625,2008.0,227781.598186,83.998215,0.404945,3569.777778,137,243.555556,2,3.555556,14,24.888889,8,14.222222,23,40.888889,1,1.777778,2,3.555556,2,3.555556,85,151.111111,442.751017,142.670159,88.772832,468.189348,346.092943,0.053993,0.0,0.0,0.0,0.0,0.0,0.0,0.053993,10.589336,18.825486,67,119.111111,8,0.012461,0.014444,6,2.125951,-0.67835,Cluster 6 · high building coverage / retail-rich
C010_028,10,28,0.5625,2263.0,213334.753087,63.238268,0.379262,4023.111111,65,115.555556,1,1.777778,9,16.0,1,1.777778,18,32.0,0,0.0,4,7.111111,0,0.0,32,56.888889,445.221364,277.260645,273.696169,687.149685,405.772486,0.0,0.0,0.0,0.0,0.0,0.0,0.0,0.0,9.464975,16.826623,64,113.777778,8,0.012461,0.010406,3,0.611427,-0.993603,Cluster 3 · building-dense / limited recreation POIs
C010_029,10,29,0.5625,2284.0,197820.083821,52.277671,0.35168,4060.444444,119,211.555556,9,16.0,10,17.777778,7,12.444444,15,26.666667,6,10.666667,1,1.777778,2,3.555556,69,122.666667,277.475121,137.788909,109.116187,556.10785,125.080702,0.0,0.0,0.0,0.0,0.004915,0.0,0.0,0.004915,11.632089,20.67927,73,129.777778,8,0.012461,0.005955,6,2.486374,-0.933465,Cluster 6 · high building coverage / retail-rich
C010_030,10,30,0.278831,277.0,27896.615025,51.324378,0.100049,993.434691,3,10.75922,1,3.586407,0,0.0,0,0.0,0,0.0,0,0.0,0,0.0,0,0.0,2,7.172814,312.630845,262.732971,581.631577,526.173653,264.128986,0.0,0.0,0.0,0.0,0.0,0.0,0.0,0.0,2.457202,8.812525,6,21.518441,5,0.007788,0.001059,1,-2.167544,-1.964009,Cluster 1 · market-distant / service-light
C011_000,11,0,0.273677,1496.0,125241.390145,60.162413,0.457624,5466.292556,37,135.195738,4,14.615755,3,10.961817,1,3.653939,6,21.923633,0,0.0,2,7.307878,0,0.0,21,76.732716,285.578966,135.782514,23.566507,1150.900167,524.274854,0.0,0.0,0.0,0.0,0.0,0.0,0.0,0.0,7.029027,25.683636,40,146.157555,4,0.006231,0.000113,3,1.273407,-3.94791,Cluster 3 · building-dense / limited recreation POIs
C011_001,11,1,0.5625,2287.0,225744.287934,67.863179,0.401323,4065.777778,213,378.666667,9,16.0,20,35.555556,24,42.666667,50,88.888889,5,8.888889,7,12.444444,2,3.555556,96,170.666667,171.614054,35.887993,105.821788,1135.173073,305.601055,0.0,0.0,0.0,0.0,0.013635,0.0,0.0,0.013635,13.060932,23.219434,100,177.777778,7,0.010903,0.002449,6,3.294816,-1.866199,Cluster 6 · high building coverage / retail-rich
C011_002,11,2,0.5625,1641.0,182514.086388,74.636357,0.324469,2917.333333,153,272.0,4,7.111111,10,17.777778,15,26.666667,34,60.444444,2,3.555556,8,14.222222,1,1.777778,79,140.444444,163.830272,90.582528,163.830272,468.483052,359.917891,0.0,0.0,0.0,0.0,0.005436,0.0,0.0,0.005436,8.720109,15.502415,72,128.0,8,0.012461,0.006293,6,2.419781,-0.855103,Cluster 6 · high building coverage / retail-rich
C011_003,11,3,0.5625,2158.0,263415.421094,86.293357,0.468294,3836.444444,532,945.777778,11,19.555556,21,37.333333,27,48.0,177,314.666667,18,32.0,18,32.0,12,21.333333,248,440.888889,146.854321,51.22084,71.268398,333.302663,38.44239,0.0,0.0,0.0,0.0,0.024254,0.0,3.9e-05,0.024292,9.760523,17.352041,96,170.666667,8,0.012461,0.00956,2,5.257298,-0.690173,Cluster 2 · recreation/culture-rich / transport-POI-rich
C011_004,11,4,0.5625,713.0,179942.529257,103.090866,0.319898,1267.555556,210,373.333333,19,33.777778,45,80.0,7,12.444444,11,19.555556,3,5.333333,14,24.888889,2,3.555556,109,193.777778,111.483588,65.681194,64.799882,35.213002,274.651982,0.028822,0.000357,0.0,0.522434,0.076763,0.0,0.0,0.628376,10.078614,17.917536,73,129.777778,8,0.012461,0.013386,2,4.284536,0.207007,Cluster 2 · recreation/culture-rich / transport-POI-rich
C011_005,11,5,0.5625,242.0,109762.292909,196.446347,0.195133,430.222222,275,488.888889,8,14.222222,85,151.111111,6,10.666667,22,39.111111,1,1.777778,19,33.777778,10,17.777778,124,220.444444,33.826722,33.173772,141.394878,289.166325,258.243578,0.380191,4.8e-05,0.0,0.785498,0.234416,0.0,0.014433,1.0,14.17888,25.206898,150,266.666667,8,0.012461,0.017085,2,4.395166,0.752739,Cluster 2 · recreation/culture-rich / transport-POI-rich
C011_006,11,6,0.5625,401.0,146424.874631,148.959174,0.260311,712.888889,587,1043.555556,45,80.0,99,176.0,32,56.888889,117,208.0,5,8.888889,23,40.888889,9,16.0,257,456.888889,86.570641,94.777528,117.111294,191.799119,266.048778,0.051983,0.038687,0.005148,0.421669,0.191352,0.0,0.031293,0.740132,11.49906,20.442774,86,152.888889,8,0.012461,0.020384,2,5.273092,0.998366,Cluster 2 · recreation/culture-rich / transport-POI-rich
C011_007,11,7,0.5625,970.0,216729.274173,148.396921,0.385296,1724.444444,1487,2643.555556,43,76.444444,86,152.888889,71,126.222222,383,680.888889,21,37.333333,30,53.333333,11,19.555556,842,1496.888889,40.099031,107.368842,119.299295,182.185993,68.084109,0.059352,0.000891,0.001231,0.003129,0.029235,0.0,0.000123,0.093962,12.468339,22.165936,99,176.0,8,0.012461,0.023619,2,6.231257,0.249289,Cluster 2 · recreation/culture-rich / transport-POI-rich
C011_008,11,8,0.5625,694.0,212103.108,121.232342,0.377072,1233.777778,1300,2311.111111,20,35.555556,76,135.111111,68,120.888889,381,677.333333,14,24.888889,45,80.0,17,30.222222,679,1207.111111,34.650765,71.537672,47.158755,211.95139,101.234345,0.0,0.0,0.003537,0.007515,0.012602,0.0,0.0,0.023654,13.558205,24.103475,89,158.222222,8,0.012461,0.026463,2,6.295423,0.416684,Cluster 2 · recreation/culture-rich / transport-POI-rich
C011_009,11,9,0.5625,981.0,165831.684279,89.436027,0.294812,1744.0,340,604.444444,11,19.555556,69,122.666667,21,37.333333,40,71.111111,11,19.555556,9,16.0,6,10.666667,173,307.555556,335.467449,62.550286,97.398834,188.544203,401.243235,0.000387,0.002606,0.0,0.095457,0.017201,0.0,0.0,0.11565,11.325065,20.133449,48,85.333333,8,0.012461,0.029095,2,4.144247,0.627012,Cluster 2 · recreation/culture-rich / transport-POI-rich
C011_010,11,10,0.5625,1370.0,196479.747677,81.595487,0.349297,2435.555556,220,391.111111,4,7.111111,14,24.888889,9,16.0,45,80.0,0,0.0,8,14.222222,4,7.111111,136,241.777778,298.067238,73.55532,107.191938,213.73478,473.62798,0.0,0.0,0.0,0.0,0.061761,0.0,0.0,0.061761,12.967194,23.052789,53,94.222222,8,0.012461,0.031372,6,2.933303,0.404528,Cluster 6 · high building coverage / retail-rich
C011_011,11,11,0.5625,1362.0,186020.070565,96.893871,0.330702,2421.333333,195,346.666667,4,7.111111,18,32.0,23,40.888889,33,58.666667,3,5.333333,10,17.777778,5,8.888889,99,176.0,114.184038,58.448031,158.686026,76.849588,77.494578,0.0,0.0,0.0,0.002654,0.053644,0.0,0.0,0.056297,13.919859,24.746416,81,144.0,8,0.012461,0.033379,6,4.31798,0.725991,Cluster 6 · high building coverage / retail-rich
C011_012,11,12,0.5625,678.0,159340.459428,165.603728,0.283272,1205.333333,754,1340.444444,17,30.222222,57,101.333333,34,60.444444,86,152.888889,8,14.222222,13,23.111111,7,12.444444,532,945.777778,48.318574,80.89991,85.102253,326.028699,148.087554,0.344185,0.0,0.061871,0.089538,0.057712,0.0,0.0,0.553305,10.782971,19.169726,59,104.888889,8,0.012461,0.034948,2,5.020701,0.93809,Cluster 2 · recreation/culture-rich / transport-POI-rich
C011_013,11,13,0.5625,591.0,128247.484056,183.961189,0.227996,1050.666667,361,641.777778,9,16.0,20,35.555556,6,10.666667,18,32.0,11,19.555556,10,17.777778,2,3.555556,285,506.666667,162.748399,176.078599,88.007512,543.841682,110.910139,0.293187,0.000327,0.0,0.006183,0.031229,0.0,0.0,0.330925,8.640604,15.361074,62,110.222222,8,0.012461,0.036254,6,3.363238,1.053495,Cluster 6 · high building coverage / retail-rich
C011_014,11,14,0.5625,479.0,116771.36359,155.599242,0.207594,851.555556,77,136.888889,3,5.333333,12,21.333333,2,3.555556,7,12.444444,2,3.555556,2,3.555556,2,3.555556,47,83.555556,207.944664,142.014677,84.057026,596.330248,244.683741,0.0,0.0,0.0,0.106877,0.079394,0.0,0.0,0.186271,10.236793,18.198743,60,106.666667,8,0.012461,0.037188,6,2.018912,1.252601,Cluster 6 · high building coverage / retail-rich
C011_015,11,15,0.5625,937.0,130340.032829,63.646436,0.231716,1665.777778,176,312.888889,7,12.444444,11,19.555556,10,17.777778,26,46.222222,0,0.0,9,16.0,3,5.333333,110,195.555556,82.513821,343.596051,301.391529,725.435342,817.012729,0.0,0.0,0.0,0.004286,0.32166,0.0,0.046401,0.372348,9.399784,16.710726,51,90.666667,8,0.012461,0.037751,6,2.19365,1.450749,Cluster 6 · high building coverage / retail-rich
C011_016,11,16,0.5625,1069.0,111483.364609,42.627806,0.198193,1900.444444,102,181.333333,4,7.111111,16,28.444444,5,8.888889,20,35.555556,1,1.777778,5,8.888889,2,3.555556,49,87.111111,361.751059,178.525621,361.751059,455.98522,608.5912,0.0027,0.0,0.0,0.0,0.088149,0.0,0.0,0.090849,9.42343,16.752765,51,90.666667,8,0.012461,0.037923,6,1.790756,1.05507,Cluster 6 · high building coverage / retail-rich
C011_017,11,17,0.5625,2217.0,137015.536823,28.040723,0.243583,3941.333333,47,83.555556,4,7.111111,8,14.222222,2,3.555556,7,12.444444,1,1.777778,2,3.555556,1,1.777778,22,39.111111,487.53439,170.610497,269.607107,1000.153206,160.017232,0.221391,0.0,0.0,0.016825,0.059316,0.0,0.0,0.297531,9.741551,17.318313,58,103.111111,8,0.012461,0.037788,3,1.443672,0.712163,Cluster 3 · building-dense / limited recreation POIs
C011_018,11,18,0.5625,1212.0,155489.053905,94.596199,0.276425,2154.666667,219,389.333333,10,17.777778,23,40.888889,26,46.222222,33,58.666667,3,5.333333,2,3.555556,1,1.777778,121,215.111111,249.147799,262.968583,153.306279,387.520699,325.747083,0.0,0.0,0.0,0.0,0.060444,0.0,0.068477,0.128921,10.572681,18.795878,36,64.0,8,0.012461,0.037206,6,2.692186,0.91893,Cluster 6 · high building coverage / retail-rich
C011_019,11,19,0.5625,1839.0,160243.342571,53.928813,0.284877,3269.333333,142,252.444444,6,10.666667,7,12.444444,36,64.0,24,42.666667,2,3.555556,3,5.333333,1,1.777778,63,112.0,390.331056,110.56559,19.941314,381.289653,483.520064,0.0,0.0,0.0,0.016214,0.041422,0.0,0.246379,0.304016,9.23434,16.416604,76,135.111111,8,0.012461,0.036236,6,2.912301,0.673076,Cluster 6 · high building coverage / retail-rich
C011_020,11,20,0.5625,476.0,78203.274337,76.813717,0.139028,846.222222,38,67.555556,2,3.555556,2,3.555556,1,1.777778,5,8.888889,0,0.0,1,1.777778,0,0.0,27,48.0,391.790117,290.758071,575.146159,708.434755,813.63501,0.002477,0.0,0.0,0.0,0.011441,0.0,0.889728,0.903646,6.295661,11.192287,46,81.777778,8,0.012461,0.034855,3,-0.520611,0.953202,Cluster 3 · building-dense / limited recreation POIs
C011_021,11,21,0.5625,163.0,40916.897393,88.534543,0.072741,289.777778,5,8.888889,0,0.0,0,0.0,0,0.0,0,0.0,0,0.0,0,0.0,0,0.0,5,8.888889,1088.744571,635.190636,507.414119,499.599543,931.601938,0.0,0.0,0.0,0.0,0.025558,0.0,1.0,1.0,4.034543,7.172521,16,28.444444,8,0.012461,0.033096,5,-2.612496,1.459099,Cluster 5 · limited retail / low building coverage
C011_022,11,22,0.5625,876.0,79378.094766,61.258676,0.141117,1557.333333,8,14.222222,0,0.0,3,5.333333,0,0.0,0,0.0,0,0.0,0,0.0,0,0.0,5,8.888889,710.445059,140.606848,1002.714031,1004.060781,903.107213,0.0,0.0,0.0,0.0,0.001954,0.0,0.193978,0.195931,2.766457,4.918147,0,0.0,8,0.012461,0.030883,5,-2.448211,1.245026,Cluster 5 · limited retail / low building coverage
C011_023,11,23,0.5625,138.0,11950.268475,56.068465,0.021245,245.333333,3,5.333333,0,0.0,0,0.0,0,0.0,0,0.0,0,0.0,0,0.0,0,0.0,3,5.333333,494.339592,426.320748,924.91874,1206.677716,835.281133,0.0,0.0,0.0,0.0,0.0,0.0,0.0,0.0,1.871079,3.326363,3,5.333333,8,0.012461,0.028346,5,-3.232921,1.551619,Cluster 5 · limited retail / low building coverage
C011_024,11,24,0.5625,561.0,114952.623669,136.105698,0.20436,997.333333,111,197.333333,3,5.333333,12,21.333333,9,16.0,21,37.333333,4,7.111111,0,0.0,0,0.0,62,110.222222,258.057487,179.106757,178.088846,563.360688,347.200999,0.0,0.0,0.0,0.0,0.0,0.0,0.0,0.0,4.581359,8.144637,19,33.777778,8,0.012461,0.025393,3,0.99474,0.660338,Cluster 3 · building-dense / limited recreation POIs
C011_025,11,25,0.5625,1229.0,218211.357056,164.033407,0.387931,2184.888889,729,1296.0,27,48.0,55,97.777778,107,190.222222,125,222.222222,5,8.888889,7,12.444444,8,14.222222,395,702.222222,187.937223,30.226455,52.429858,218.165021,204.923184,0.001124,0.0,0.0,0.0,0.002215,0.0,0.0,0.003339,15.312615,27.222427,119,211.555556,8,0.012461,0.022124,2,5.22826,-0.137015,Cluster 2 · recreation/culture-rich / transport-POI-rich
C011_026,11,26,0.5625,1200.0,229192.501499,171.797986,0.407453,2133.333333,1031,1832.888889,49,87.111111,85,151.111111,131,232.888889,180,320.0,15,26.666667,7,12.444444,16,28.444444,548,974.222222,67.826774,41.334837,59.527373,118.978681,110.481375,0.020958,0.0,0.0,0.0,0.021717,0.0,0.0,0.042675,13.821559,24.57166,88,156.444444,8,0.012461,0.018567,2,6.15796,-0.062722,Cluster 2 · recreation/culture-rich / transport-POI-rich
C011_027,11,27,0.5625,1086.0,184813.818567,163.254989,0.328558,1930.666667,591,1050.666667,36,64.0,59,104.888889,53,94.222222,87,154.666667,9,16.0,5,8.888889,7,12.444444,335,595.555556,131.22063,103.324299,106.402156,378.992499,210.030724,0.008119,0.0,0.0,0.05369,0.004959,0.0,0.0,0.066769,10.954797,19.475195,49,87.111111,8,0.012461,0.014747,2,4.368895,-0.179087,Cluster 2 · recreation/culture-rich / transport-POI-rich
C011_028,11,28,0.5625,768.0,131922.528559,112.513447,0.234529,1365.333333,198,352.0,7,12.444444,15,26.666667,13,23.111111,28,49.777778,4,7.111111,3,5.333333,2,3.555556,126,224.0,144.112747,144.112747,144.112747,159.376322,144.112747,0.0,0.0,0.0,0.264124,0.019769,0.0,0.0,0.283893,7.937751,14.111556,29,51.555556,8,0.012461,0.010629,6,2.944989,0.10945,Cluster 6 · high building coverage / retail-rich
C011_029,11,29,0.5625,569.0,191359.447763,63.267327,0.340195,1011.555556,37,65.777778,1,1.777778,3,5.333333,0,0.0,8,14.222222,0,0.0,1,1.777778,0,0.0,24,42.666667,426.286925,362.866807,382.898522,615.397104,526.33472,0.0,0.0,0.130391,0.167388,0.057034,0.0,0.0,0.354812,6.344375,11.278889,26,46.222222,8,0.012461,0.006079,3,-0.524265,-0.640835,Cluster 3 · building-dense / limited recreation POIs
C011_030,11,30,0.268498,1092.0,57907.518297,27.88738,0.215672,4067.070581,3,11.173271,0,0.0,1,3.724424,0,0.0,0,0.0,0,0.0,0,0.0,0,0.0,2,7.448847,715.035125,224.997631,797.06977,1163.656616,755.579536,0.0,0.0,0.074927,0.0,0.0,0.0,0.0,0.074927,1.559456,5.808075,5,18.622118,5,0.007788,0.001094,1,-2.585775,-2.542874,Cluster 1 · market-distant / service-light
C012_000,12,0,0.469876,2327.0,206308.666353,64.804599,0.439071,4952.37116,47,100.026405,0,0.0,5,10.641107,3,6.384664,11,23.410435,0,0.0,1,2.128221,0,0.0,27,57.461977,523.867196,203.430945,240.09127,627.707304,711.261637,0.0,0.0,0.0,0.0,0.0,0.0,0.0,0.0,10.494794,22.335245,95,202.181031,5,0.007788,0.000274,3,0.147535,-3.335993,Cluster 3 · building-dense / limited recreation POIs
C012_001,12,1,0.5625,2129.0,260264.524553,79.644693,0.462692,3784.888889,102,181.333333,1,1.777778,6,10.666667,3,5.333333,34,60.444444,1,1.777778,4,7.111111,3,5.333333,50,88.888889,314.831807,105.850256,155.281404,570.161548,448.297352,0.0,0.0,0.0,0.0,0.0,0.0,0.0,0.0,12.20478,21.697386,88,156.444444,8,0.012461,0.003996,6,1.927055,-1.323389,Cluster 6 · high building coverage / retail-rich
C012_002,12,2,0.5625,1344.0,209592.73028,100.657992,0.372609,2389.333333,2001,3557.333333,84,149.333333,88,156.444444,52,92.444444,561,997.333333,16,28.444444,19,33.777778,10,17.777778,1171,2081.777778,59.060917,21.842787,59.060917,376.756932,190.748208,0.0,0.0,0.0,0.099427,0.031777,0.0,0.0,0.131203,12.922285,22.972951,119,211.555556,8,0.012461,0.007302,2,6.164281,-0.677118,Cluster 2 · recreation/culture-rich / transport-POI-rich
C012_003,12,3,0.5625,4631.0,382331.3953,55.481917,0.6797,8232.888889,573,1018.666667,14,24.888889,40,71.111111,44,78.222222,101,179.555556,11,19.555556,21,37.333333,7,12.444444,335,595.555556,73.491744,20.733781,33.004546,151.547868,64.49133,0.0,0.0,0.0,0.020888,0.038616,0.0,0.005615,0.065119,18.275326,32.489468,292,519.111111,8,0.012461,0.011142,2,6.511888,-1.258464,Cluster 2 · recreation/culture-rich / transport-POI-rich
C012_004,12,4,0.5625,1934.0,213328.628963,56.383243,0.379251,3438.222222,299,531.555556,29,51.555556,38,67.555556,20,35.555556,65,115.555556,2,3.555556,17,30.222222,3,5.333333,125,222.222222,84.341029,127.563933,124.536963,419.30323,150.704187,0.001151,0.0,0.0,0.423199,0.121501,0.0,6e-05,0.545912,17.225248,30.622664,232,412.444444,8,0.012461,0.014605,2,4.662893,-0.324552,Cluster 2 · recreation/culture-rich / transport-POI-rich
C012_005,12,5,0.5625,183.0,90489.116565,139.087818,0.16087,325.333333,188,334.222222,6,10.666667,30,53.333333,5,8.888889,23,40.888889,2,3.555556,38,67.555556,8,14.222222,76,135.111111,303.741965,21.313794,222.452201,375.318493,329.981337,0.0,0.0,0.0,0.13839,0.404483,0.0,0.00024,0.543113,13.09238,23.275342,124,220.444444,8,0.012461,0.018192,2,3.45844,1.128449,Cluster 2 · recreation/culture-rich / transport-POI-rich
C012_006,12,6,0.5625,107.0,35488.032817,92.720046,0.06309,190.222222,132,234.666667,15,26.666667,12,21.333333,2,3.555556,13,23.111111,0,0.0,18,32.0,7,12.444444,65,115.555556,255.094403,272.773175,289.741793,45.388159,460.660975,0.004473,0.005522,0.0,0.0,1.0,0.0,0.008153,1.0,12.792068,22.741454,80,142.222222,8,0.012461,0.021592,6,2.294434,1.633023,Cluster 6 · high building coverage / retail-rich
C012_007,12,7,0.5625,594.0,150698.061327,146.181376,0.267908,1056.0,415,737.777778,17,30.222222,27,48.0,15,26.666667,35,62.222222,6,10.666667,37,65.777778,3,5.333333,275,488.888889,104.967974,156.079109,192.22821,132.647694,34.094221,0.075423,0.0,0.01425,0.033336,0.03009,0.0,0.0,0.1531,9.069043,16.122743,75,133.333333,8,0.012461,0.024643,2,4.333004,0.58029,Cluster 2 · recreation/culture-rich / transport-POI-rich
C012_008,12,8,0.5625,898.0,169185.619194,135.302354,0.300774,1596.444444,504,896.0,17,30.222222,33,58.666667,43,76.444444,47,83.555556,5,8.888889,18,32.0,6,10.666667,335,595.555556,83.448779,148.636686,123.814538,157.783744,211.682031,0.006831,0.003273,0.0,0.00331,0.004822,0.0,0.0,0.018236,18.2414,32.429156,114,202.666667,8,0.012461,0.027463,2,4.586822,0.341907,Cluster 2 · recreation/culture-rich / transport-POI-rich
C012_009,12,9,0.5625,596.0,174038.553712,117.122015,0.309402,1059.555556,161,286.222222,3,5.333333,17,30.222222,9,16.0,12,21.333333,4,7.111111,14,24.888889,0,0.0,102,181.333333,285.611278,124.946907,382.978096,510.955873,211.429182,0.0,0.002682,0.0,0.109117,0.0,0.0,0.0,0.111799,11.088492,19.712874,66,117.333333,8,0.012461,0.029974,6,2.331678,0.488248,Cluster 6 · high building coverage / retail-rich
C012_010,12,10,0.5625,667.0,231635.782008,163.107527,0.411797,1185.777778,212,376.888889,9,16.0,20,35.555556,9,16.0,15,26.666667,4,7.111111,10,17.777778,3,5.333333,142,252.444444,70.309887,63.7665,71.012754,268.119237,257.277439,0.028975,0.0,0.0,0.0,0.001051,0.0,0.0,0.030026,7.865914,13.983848,45,80.0,8,0.012461,0.032203,6,3.71584,0.643883,Cluster 6 · high building coverage / retail-rich
C012_011,12,11,0.5625,1545.0,243212.516548,94.989599,0.432378,2746.666667,370,657.777778,13,23.111111,18,32.0,24,42.666667,44,78.222222,11,19.555556,17,30.222222,7,12.444444,236,419.555556,250.493109,119.860937,209.521983,76.091596,48.49201,0.010104,0.0,0.0,0.0,0.0,0.0,0.0,0.010104,11.415078,20.293472,70,124.444444,8,0.012461,0.034024,2,4.813201,0.604335,Cluster 2 · recreation/culture-rich / transport-POI-rich
C012_012,12,12,0.5625,1157.0,199849.2125,83.413656,0.355287,2056.888889,478,849.777778,26,46.222222,27,48.0,25,44.444444,46,81.777778,6,10.666667,28,49.777778,8,14.222222,312,554.666667,101.034168,148.276506,155.338551,282.410692,325.518929,0.089672,0.0,0.026106,0.027727,0.019507,0.0,0.03884,0.201852,15.527463,27.604378,88,156.444444,8,0.012461,0.035593,2,4.585479,0.597446,Cluster 2 · recreation/culture-rich / transport-POI-rich
C012_013,12,13,0.5625,855.0,139585.84038,144.936949,0.248153,1520.0,586,1041.777778,12,21.333333,39,69.333333,6,10.666667,66,117.333333,11,19.555556,20,35.555556,7,12.444444,425,755.555556,161.960442,21.993162,57.737198,350.871694,46.320317,0.144873,0.0,0.0,0.017062,0.077703,0.0,0.0,0.239638,12.810979,22.775074,62,110.222222,8,0.012461,0.036814,2,5.008914,1.08902,Cluster 2 · recreation/culture-rich / transport-POI-rich
C012_014,12,14,0.5625,626.0,185157.47916,258.307959,0.329169,1112.888889,1149,2042.666667,28,49.777778,104,184.888889,111,197.333333,115,204.444444,16,28.444444,18,32.0,18,32.0,739,1313.777778,90.120422,43.644366,92.021274,215.110052,124.179335,0.0,0.0,0.0,0.011854,0.084094,0.0,0.0,0.095948,15.797807,28.08499,102,181.333333,8,0.012461,0.037653,2,6.07574,1.116957,Cluster 2 · recreation/culture-rich / transport-POI-rich
C012_015,12,15,0.5625,235.0,79757.013455,292.88611,0.14179,417.777778,324,576.0,5,8.888889,22,39.111111,13,23.111111,33,58.666667,4,7.111111,8,14.222222,10,17.777778,229,407.111111,142.325067,142.325067,142.325067,665.74205,340.521223,0.0,0.0,0.0,0.03954,0.532859,0.0,0.184413,0.756812,12.831752,22.812004,55,97.777778,8,0.012461,0.038131,2,3.287535,2.140317,Cluster 2 · recreation/culture-rich / transport-POI-rich
C012_016,12,16,0.5625,191.0,77833.885894,166.052487,0.138371,339.555556,32,56.888889,1,1.777778,0,0.0,2,3.555556,2,3.555556,0,0.0,2,3.555556,1,1.777778,24,42.666667,389.164345,512.401161,512.401161,983.269021,492.603888,0.0,0.0,0.0,0.0,0.184362,0.0,0.095921,0.280283,11.163494,19.846211,58,103.111111,8,0.012461,0.038316,3,-0.433338,1.575438,Cluster 3 · building-dense / limited recreation POIs
C012_017,12,17,0.5625,346.0,105750.219412,116.62918,0.188,615.111111,22,39.111111,2,3.555556,1,1.777778,1,1.777778,0,0.0,1,1.777778,0,0.0,2,3.555556,15,26.666667,272.535073,305.19592,654.961642,1109.114493,591.731512,0.0,0.0,0.0,0.119913,0.018284,0.0,0.0,0.138198,11.835247,21.040439,65,115.555556,8,0.012461,0.038062,3,-0.212493,1.190948,Cluster 3 · building-dense / limited recreation POIs
C012_018,12,18,0.5625,449.0,104888.58788,121.543456,0.186469,798.222222,61,108.444444,4,7.111111,10,17.777778,0,0.0,3,5.333333,0,0.0,5,8.888889,0,0.0,39,69.333333,497.008992,99.332003,249.948475,765.446356,635.454479,0.0,0.0,0.0,0.0,0.082026,0.0,0.793461,0.875487,11.852424,21.070977,58,103.111111,8,0.012461,0.037438,3,0.540474,0.965693,Cluster 3 · building-dense / limited recreation POIs
C012_019,12,19,0.5625,280.0,62071.834672,93.267631,0.11035,497.777778,6,10.666667,0,0.0,3,5.333333,0,0.0,0,0.0,0,0.0,0,0.0,0,0.0,3,5.333333,755.223778,382.279532,449.244726,762.310718,757.229697,0.0,0.0,0.0,0.01614,0.094421,0.0,0.998449,1.0,6.116423,10.87364,45,80.0,8,0.012461,0.036442,5,-1.723544,1.375425,Cluster 5 · limited retail / low building coverage
C012_020,12,20,0.5625,143.0,36241.155437,87.500285,0.064429,254.222222,12,21.333333,0,0.0,3,5.333333,0,0.0,2,3.555556,0,0.0,1,1.777778,0,0.0,6,10.666667,1034.239842,74.865643,74.867082,1304.349316,867.4447,0.0,0.0,0.0,0.00483,0.016762,0.0,0.968788,0.99038,1.004736,1.786198,2,3.555556,8,0.012461,0.035093,5,-1.754397,1.882699,Cluster 5 · limited retail / low building coverage
C012_021,12,21,0.5625,25.0,9116.795562,200.195711,0.016208,44.444444,2,3.555556,0,0.0,0,0.0,0,0.0,0,0.0,1,1.777778,0,0.0,0,0.0,1,1.777778,1332.453025,675.823685,675.838422,1222.405359,202.353792,0.0,0.0,0.0,0.0,0.001807,0.0,0.444233,0.44604,0.0,0.0,0,0.0,8,0.012461,0.03328,4,-3.75875,2.729226,Cluster 4 · road-sparse / intersection-sparse
C012_022,12,22,0.5625,14.0,582.100701,18.069647,0.001035,24.888889,14,24.888889,0,0.0,1,1.777778,1,1.777778,0,0.0,4,7.111111,0,0.0,1,1.777778,7,12.444444,624.556254,512.691599,512.691599,720.42324,154.635176,0.0,0.0,0.0,0.0,0.0,0.0,0.006735,0.006735,0.011781,0.020945,0,0.0,8,0.012461,0.031118,4,-2.504753,2.914041,Cluster 4 · road-sparse / intersection-sparse
C012_023,12,23,0.5625,134.0,86541.839973,113.486878,0.153852,238.222222,39,69.333333,2,3.555556,5,8.888889,2,3.555556,7,12.444444,1,1.777778,2,3.555556,0,0.0,20,35.555556,360.152696,349.24239,522.389491,603.102907,432.412792,0.0,3.8e-05,0.0,0.0,0.0,0.0,0.0,3.8e-05,2.551202,4.53547,10,17.777778,8,0.012461,0.02851,3,-0.435669,1.276716,Cluster 3 · building-dense / limited recreation POIs
C012_024,12,24,0.5625,701.0,207728.386148,210.49091,0.369295,1246.222222,538,956.444444,13,23.111111,47,83.555556,56,99.555556,89,158.222222,6,10.666667,8,14.222222,3,5.333333,316,561.777778,95.683016,60.143638,97.501811,439.28629,57.038173,0.0,0.0,0.0,0.0,0.0,0.0,0.0,0.0,14.030733,24.943526,85,151.111111,8,0.012461,0.025558,2,4.661124,0.194213,Cluster 2 · recreation/culture-rich / transport-POI-rich
C012_025,12,25,0.5625,776.0,221107.470242,242.39086,0.39308,1379.555556,1113,1978.666667,27,48.0,72,128.0,85,151.111111,295,524.444444,20,35.555556,13,23.111111,11,19.555556,590,1048.888889,43.732617,43.732617,69.087161,419.91598,34.054283,0.0,0.0,0.0,0.007589,0.025424,0.0,0.0,0.033013,16.158287,28.725843,110,195.555556,8,0.012461,0.022286,2,6.187119,0.120658,Cluster 2 · recreation/culture-rich / transport-POI-rich
C012_026,12,26,0.5625,969.0,209781.658684,197.88204,0.372945,1722.666667,978,1738.666667,42,74.666667,117,208.0,81,144.0,207,368.0,16,28.444444,10,17.777778,16,28.444444,489,869.333333,36.427633,80.373814,42.59177,165.392234,51.954684,0.005382,0.0,0.0,0.003214,0.02242,0.0,0.0,0.031016,17.052054,30.314763,128,227.555556,8,0.012461,0.018724,2,6.352316,-0.019456,Cluster 2 · recreation/culture-rich / transport-POI-rich
C012_027,12,27,0.5625,1219.0,175751.146667,114.459463,0.312446,2167.111111,435,773.333333,3,5.333333,33,58.666667,18,32.0,119,211.555556,13,23.111111,6,10.666667,3,5.333333,240,426.666667,371.420902,51.318728,114.554774,329.077227,57.053953,0.00074,0.0,0.002047,0.009556,0.0,0.0,0.0,0.012343,13.168998,23.411553,70,124.444444,8,0.012461,0.01489,6,3.918519,-0.301851,Cluster 6 · high building coverage / retail-rich
C012_028,12,28,0.5625,1062.0,131696.798491,52.720929,0.234128,1888.0,155,275.555556,8,14.222222,5,8.888889,6,10.666667,48,85.333333,1,1.777778,3,5.333333,1,1.777778,83,147.555556,286.633103,268.534067,105.322013,305.544284,259.614706,0.362696,0.0,0.0,0.087007,0.008689,0.0,0.03594,0.494333,7.296282,12.971169,30,53.333333,8,0.012461,0.010744,6,1.881769,-0.290257,Cluster 6 · high building coverage / retail-rich
C012_029,12,29,0.5625,642.0,155637.166719,87.069048,0.276688,1141.333333,37,65.777778,3,5.333333,5,8.888889,0,0.0,4,7.111111,5,8.888889,5,8.888889,0,0.0,15,26.666667,376.134184,180.023952,294.08522,870.428148,252.721027,0.121115,0.0,0.0,0.287807,0.034336,0.0,0.0,0.443257,8.801093,15.646387,39,69.333333,8,0.012461,0.00615,3,0.828446,-0.392964,Cluster 3 · building-dense / limited recreation POIs
C012_030,12,30,0.258165,935.0,103288.110812,27.91513,0.400085,3621.711498,14,54.228835,0,0.0,0,0.0,0,0.0,0,0.0,2,7.746976,1,3.873488,0,0.0,11,42.608371,680.934285,475.143882,477.937484,1393.736516,57.450543,0.391763,0.0,0.0,0.0,0.0,0.0,0.0,0.391763,2.876776,11.143159,8,30.987906,5,0.007788,0.001115,7,-0.899798,-2.730484,Cluster 7 · residential land use / road-dense
C013_000,13,0,0.480036,2197.0,210540.172164,76.520417,0.438592,4576.738508,37,77.077526,1,2.083176,5,10.415882,2,4.166353,7,14.582235,0,0.0,2,4.166353,0,0.0,20,41.663528,826.981152,298.031761,444.89195,360.495576,797.977926,0.0,0.0,0.0,0.0,0.0,0.0,0.0,0.0,9.993975,20.819212,88,183.319521,5,0.007788,0.00037,3,0.051655,-3.264229,Cluster 3 · building-dense / limited recreation POIs
C013_001,13,1,0.5625,732.0,151003.26862,124.604285,0.26845,1301.333333,482,856.888889,4,7.111111,20,35.555556,20,35.555556,207,368.0,10,17.777778,5,8.888889,2,3.555556,214,380.444444,156.826549,111.559056,111.559056,111.559056,264.986944,0.0,0.0,0.0,0.022222,0.002621,0.0,0.0,0.024843,6.612875,11.756223,60,106.666667,8,0.012461,0.004253,6,3.369128,-0.446147,Cluster 6 · high building coverage / retail-rich
C013_002,13,2,0.5625,2162.0,251955.42777,69.98508,0.447921,3843.555556,840,1493.333333,17,30.222222,67,119.111111,51,90.666667,245,435.555556,8,14.222222,45,80.0,8,14.222222,399,709.333333,235.750324,68.71194,156.690675,332.088156,211.490943,0.0,0.0,0.0,0.074898,0.040044,0.0,0.0,0.114942,14.061577,24.998359,152,270.222222,8,0.012461,0.008179,2,5.144334,-0.925441,Cluster 2 · recreation/culture-rich / transport-POI-rich
C013_003,13,3,0.5625,3903.0,251692.005148,41.592117,0.447452,6938.666667,1064,1891.555556,10,17.777778,29,51.555556,60,106.666667,337,599.111111,83,147.555556,18,32.0,11,19.555556,516,917.333333,207.129422,36.920704,36.422906,39.363405,57.512377,0.0,0.0,0.0,0.000543,0.005224,0.0,0.0,0.005766,11.625931,20.668322,108,192.0,8,0.012461,0.011801,2,6.461943,-0.566464,Cluster 2 · recreation/culture-rich / transport-POI-rich
C013_004,13,4,0.5625,800.0,179187.130308,60.56135,0.318555,1422.222222,1066,1895.111111,23,40.888889,30,53.333333,30,53.333333,371,659.555556,25,44.444444,32,56.888889,37,65.777778,518,920.888889,67.751548,189.75773,168.565942,205.038302,177.591321,0.027642,0.0,0.0,0.001474,0.194708,0.0,0.027671,0.251495,13.531993,24.056876,101,179.555556,8,0.012461,0.015514,2,5.47034,0.31894,Cluster 2 · recreation/culture-rich / transport-POI-rich
C013_005,13,5,0.5625,641.0,230281.392922,217.8029,0.409389,1139.555556,1888,3356.444444,74,131.555556,57,101.333333,58,103.111111,203,360.888889,21,37.333333,105,186.666667,24,42.666667,1346,2392.888889,98.861126,67.656212,101.42759,313.159807,84.013451,0.000268,0.0,0.0,0.015392,0.00454,0.0,0.005228,0.025429,12.595024,22.391154,93,165.333333,8,0.012461,0.018877,2,6.24365,0.008526,Cluster 2 · recreation/culture-rich / transport-POI-rich
C013_006,13,6,0.5625,736.0,217421.140194,202.362591,0.386526,1308.444444,903,1605.333333,24,42.666667,44,78.222222,31,55.111111,75,133.333333,14,24.888889,55,97.777778,13,23.111111,647,1150.222222,81.298225,81.298225,7.710136,495.817449,6.452707,0.020404,0.004862,0.005553,0.03224,0.00576,0.0,0.0,0.068819,11.861344,21.086833,121,215.111111,8,0.012461,0.022174,2,6.347371,0.214595,Cluster 2 · recreation/culture-rich / transport-POI-rich
C013_007,13,7,0.5625,875.0,220615.447999,177.144523,0.392205,1555.555556,815,1448.888889,37,65.777778,71,126.222222,111,197.333333,188,334.222222,3,5.333333,17,30.222222,11,19.555556,377,670.222222,191.960521,50.882021,47.703056,272.613074,248.803962,0.08034,0.0,0.042329,0.086307,0.026187,0.0,0.000144,0.235307,12.91552,22.960925,111,197.333333,8,0.012461,0.025133,2,5.388262,0.104617,Cluster 2 · recreation/culture-rich / transport-POI-rich
C013_008,13,8,0.5625,2146.0,240824.606159,79.146084,0.428133,3815.111111,481,855.111111,28,49.777778,43,76.444444,44,78.222222,77,136.888889,8,14.222222,13,23.111111,10,17.777778,258,458.666667,77.329569,75.146588,41.692873,175.284628,146.177872,0.048562,0.001064,0.0,0.003143,0.00798,0.0,7e-05,0.060819,15.295364,27.191757,136,241.777778,8,0.012461,0.02785,2,5.589514,0.065356,Cluster 2 · recreation/culture-rich / transport-POI-rich
C013_009,13,9,0.5625,1786.0,187895.059705,77.007287,0.334036,3175.111111,142,252.444444,9,16.0,13,23.111111,12,21.333333,28,49.777778,0,0.0,6,10.666667,1,1.777778,73,129.777778,204.07852,161.709747,64.063796,481.284592,706.386634,0.032394,0.000491,0.0,0.0,0.010789,0.0,0.000302,0.043976,15.796138,28.082023,132,234.666667,8,0.012461,0.030272,6,2.605925,-0.018452,Cluster 6 · high building coverage / retail-rich
C013_010,13,10,0.5625,693.0,160254.321702,118.924349,0.284897,1232.0,140,248.888889,4,7.111111,14,24.888889,3,5.333333,8,14.222222,0,0.0,11,19.555556,0,0.0,100,177.777778,184.274866,135.716142,286.335432,558.973216,525.560361,0.0,0.0,0.004883,0.010969,0.004489,0.0,0.0,0.020342,10.946928,19.461205,57,101.333333,8,0.012461,0.032315,3,1.490268,0.42768,Cluster 3 · building-dense / limited recreation POIs
C013_011,13,11,0.5625,1088.0,233892.650516,116.47506,0.415809,1934.222222,729,1296.0,16,28.444444,25,44.444444,43,76.444444,81,144.0,13,23.111111,14,24.888889,11,19.555556,526,935.111111,143.734874,53.27575,49.923187,348.19991,132.398305,0.377974,0.010324,0.007705,0.091463,0.0,0.0,0.0,0.487466,12.665196,22.515903,107,190.222222,8,0.012461,0.034106,2,5.460597,0.543875,Cluster 2 · recreation/culture-rich / transport-POI-rich
C013_012,13,12,0.5625,1631.0,207554.009845,65.900096,0.368985,2899.555556,511,908.444444,28,49.777778,60,106.666667,34,60.444444,63,112.0,6,10.666667,19,33.777778,7,12.444444,294,522.666667,111.34103,92.340678,55.158012,289.147756,67.799576,0.177438,0.0,0.0,0.184501,0.002189,0.0,0.0,0.364128,11.676328,20.757916,84,149.333333,8,0.012461,0.035592,2,5.458338,0.694239,Cluster 2 · recreation/culture-rich / transport-POI-rich
C013_013,13,13,0.5625,6696.0,208833.777071,20.832116,0.37126,11904.0,178,316.444444,3,5.333333,19,33.777778,3,5.333333,33,58.666667,4,7.111111,6,10.666667,3,5.333333,107,190.222222,374.736495,87.681883,319.108861,504.691577,228.301965,0.432021,0.0,0.039704,0.002802,0.0,0.0,0.0,0.474527,13.774954,24.488807,160,284.444444,8,0.012461,0.03672,6,3.197638,-0.030493,Cluster 6 · high building coverage / retail-rich
C013_014,13,14,0.5625,689.0,200485.402596,245.507881,0.356418,1224.888889,1545,2746.666667,42,74.666667,102,181.333333,234,416.0,221,392.888889,17,30.222222,18,32.0,30,53.333333,881,1566.222222,33.887199,14.44476,47.530844,181.171929,79.870501,0.057474,0.0,0.0,0.0,0.033672,0.0,0.0,0.091145,13.153418,23.383854,106,188.444444,8,0.012461,0.037485,2,7.134444,1.045928,Cluster 2 · recreation/culture-rich / transport-POI-rich
C013_015,13,15,0.5625,479.0,160015.801667,272.19452,0.284473,851.555556,264,469.333333,7,12.444444,14,24.888889,16,28.444444,30,53.333333,6,10.666667,5,8.888889,2,3.555556,184,327.111111,289.070293,90.833636,151.023548,315.311254,87.754755,0.0,0.0,0.0,0.11697,0.070601,0.0,0.012041,0.199612,9.842697,17.498129,67,119.111111,8,0.012461,0.037961,6,3.471634,1.260794,Cluster 6 · high building coverage / retail-rich
C013_016,13,16,0.5625,321.0,121558.175325,239.800401,0.216103,570.666667,97,172.444444,2,3.555556,4,7.111111,15,26.666667,9,16.0,1,1.777778,1,1.777778,1,1.777778,64,113.777778,343.740453,218.111866,597.956665,343.740453,343.740453,0.0,0.0,0.0,0.0,0.036261,0.0,0.132553,0.168814,4.714618,8.381542,20,35.555556,8,0.012461,0.038034,3,0.854755,1.464719,Cluster 3 · building-dense / limited recreation POIs
C013_017,13,17,0.5625,257.0,68346.443784,199.692671,0.121505,456.888889,45,80.0,0,0.0,0,0.0,1,1.777778,11,19.555556,1,1.777778,3,5.333333,2,3.555556,27,48.0,468.153327,439.30034,323.897827,422.912436,395.80299,0.074609,0.036597,0.0,0.0,0.087729,0.0,0.001643,0.200578,7.588475,13.490622,28,49.777778,8,0.012461,0.037754,3,0.095386,1.734808,Cluster 3 · building-dense / limited recreation POIs
C013_018,13,18,0.5625,242.0,87788.87,154.719991,0.156069,430.222222,50,88.888889,4,7.111111,1,1.777778,4,7.111111,2,3.555556,4,7.111111,1,1.777778,1,1.777778,33,58.666667,126.564686,526.493609,409.120504,580.50129,298.874357,0.0,0.061434,0.0,0.0,0.076568,0.0,0.86528,1.0,9.544772,16.968484,47,83.555556,8,0.012461,0.037108,3,0.893041,1.69742,Cluster 3 · building-dense / limited recreation POIs
C013_019,13,19,0.5625,173.0,40354.638876,105.228016,0.071742,307.555556,10,17.777778,0,0.0,1,1.777778,1,1.777778,0,0.0,0,0.0,1,1.777778,0,0.0,7,12.444444,786.007306,211.042999,811.79803,1145.066446,1012.560848,0.0,0.0,0.101121,0.0,0.069523,0.0,0.811823,0.982468,6.503376,11.561558,21,37.333333,8,0.012461,0.036122,5,-1.888834,1.336645,Cluster 5 · limited retail / low building coverage
C013_020,13,20,0.5625,17.0,2818.763146,56.990355,0.005011,30.222222,3,5.333333,0,0.0,1,1.777778,0,0.0,1,1.777778,0,0.0,0,0.0,0,0.0,1,1.777778,963.040526,524.72796,743.979163,809.212863,727.93065,0.0,0.0,0.110302,0.0,0.0,0.0,0.17041,0.280712,1.491964,2.65238,1,1.777778,8,0.012461,0.034754,4,-3.359178,2.266723,Cluster 4 · road-sparse / intersection-sparse
C013_021,13,21,0.5625,19.0,7711.436015,22.761368,0.013709,33.777778,2,3.555556,0,0.0,0,0.0,0,0.0,1,1.777778,0,0.0,0,0.0,0,0.0,1,1.777778,1094.093666,503.261311,1002.326039,888.261767,476.473282,0.0,0.0,0.293863,0.0,0.0,0.0,0.0,0.293863,0.120452,0.214137,0,0.0,8,0.012461,0.033046,4,-4.054069,2.261507,Cluster 4 · road-sparse / intersection-sparse
C013_022,13,22,0.5625,165.0,68375.194919,36.26946,0.121556,293.333333,121,215.111111,0,0.0,9,16.0,5,8.888889,12,21.333333,44,78.222222,5,8.888889,3,5.333333,43,76.444444,560.941091,321.583818,469.372836,302.394658,53.663643,0.0,0.000394,0.386283,0.0,0.0,0.0,0.0,0.386677,7.757594,13.791279,45,80.0,8,0.012461,0.030863,6,1.634999,0.855762,Cluster 6 · high building coverage / retail-rich
C013_023,13,23,0.5625,391.0,98368.4813,89.183465,0.174877,695.111111,90,160.0,2,3.555556,7,12.444444,14,24.888889,8,14.222222,9,16.0,5,8.888889,4,7.111111,41,72.888889,379.504882,240.302987,53.048298,376.004188,167.497482,0.199806,0.01173,0.004122,0.0,0.012252,0.0,0.0,0.22791,13.672188,24.306112,73,129.777778,8,0.012461,0.028327,6,2.560963,0.79926,Cluster 6 · high building coverage / retail-rich
C013_024,13,24,0.5625,1501.0,196440.878527,98.559451,0.349228,2668.444444,227,403.555556,8,14.222222,26,46.222222,20,35.555556,29,51.555556,4,7.111111,9,16.0,6,10.666667,125,222.222222,166.809703,105.043632,116.276743,285.153871,228.529594,0.0,0.0,0.0,0.00565,0.041228,0.0,0.0,0.046877,11.802676,20.982536,60,106.666667,8,0.012461,0.025424,6,3.738806,0.22727,Cluster 6 · high building coverage / retail-rich
C013_025,13,25,0.5625,1706.0,237437.083592,96.958692,0.42211,3032.888889,374,664.888889,14,24.888889,34,60.444444,21,37.333333,65,115.555556,3,5.333333,8,14.222222,5,8.888889,224,398.222222,224.161145,104.660596,94.527153,349.483796,194.788714,0.0,0.0,0.0,0.0,0.0,0.0,0.0,0.0,11.606863,20.634423,63,112.0,8,0.012461,0.022198,6,3.946928,-0.190876,Cluster 6 · high building coverage / retail-rich
C013_026,13,26,0.5625,1328.0,223856.724962,148.152293,0.397968,2360.888889,297,528.0,21,37.333333,37,65.777778,11,19.555556,49,87.111111,6,10.666667,9,16.0,5,8.888889,159,282.666667,49.844663,68.03645,44.220478,505.298252,180.830791,0.000874,0.0,0.0,0.0,0.004209,0.0,0.0,0.005083,12.046543,21.416077,72,128.0,8,0.012461,0.018678,2,4.413054,-0.243827,Cluster 2 · recreation/culture-rich / transport-POI-rich
C013_027,13,27,0.5625,1632.0,146342.849564,56.152765,0.260165,2901.333333,70,124.444444,6,10.666667,8,14.222222,6,10.666667,13,23.111111,0,0.0,2,3.555556,1,1.777778,34,60.444444,204.856409,128.69231,308.621652,139.351102,521.152126,0.080645,0.0,0.0,0.0,0.022725,0.0,0.0,0.10337,10.460301,18.59609,81,144.0,8,0.012461,0.01488,3,1.644223,-0.371227,Cluster 3 · building-dense / limited recreation POIs
C013_028,13,28,0.5625,3049.0,245229.662484,58.104175,0.435964,5420.444444,112,199.111111,5,8.888889,20,35.555556,16,28.444444,20,35.555556,1,1.777778,2,3.555556,1,1.777778,47,83.555556,346.457783,165.191684,259.12238,457.15083,346.457783,0.960903,0.0,0.0,0.0,0.000566,0.0,0.0,0.961469,11.543144,20.521146,97,172.444444,8,0.012461,0.01076,7,2.37674,-1.187172,Cluster 7 · residential land use / road-dense
C013_029,13,29,0.5625,1827.0,192635.265558,63.623252,0.342463,3248.0,75,133.333333,12,21.333333,7,12.444444,3,5.333333,10,17.777778,2,3.555556,7,12.444444,2,3.555556,32,56.888889,188.858145,154.328694,100.383923,934.491698,288.582522,0.745013,0.0,0.031709,0.0,0.0,0.0,0.0,0.776722,9.3478,16.618312,53,94.222222,8,0.012461,0.006169,7,2.184413,-1.068285,Cluster 7 · residential land use / road-dense
C013_030,13,30,0.247833,462.0,57772.831038,40.435607,0.233112,1864.161927,22,88.769616,1,4.034983,1,4.034983,0,0.0,3,12.104948,0,0.0,1,4.034983,0,0.0,16,64.55972,158.453477,226.600395,352.772841,1428.082943,414.06463,0.536207,0.0,0.042397,0.0,0.0,0.0,0.0,0.578604,2.543077,10.261272,9,36.314843,5,0.007788,0.001126,7,-0.631173,-2.643124,Cluster 7 · residential land use / road-dense
C014_000,14,0,0.490196,393.0,54467.962599,76.561534,0.111115,801.719474,22,44.879971,0,0.0,1,2.039999,0,0.0,5,10.199993,0,0.0,4,8.159995,1,2.039999,11,22.439985,491.585789,332.86966,228.236398,273.616419,420.205618,0.0,0.0,0.0,0.0,0.023479,0.0,0.0,0.023479,2.309005,4.710367,11,22.439985,5,0.007788,0.000425,3,-1.207111,-1.78036,Cluster 3 · building-dense / limited recreation POIs
C014_001,14,1,0.5625,2240.0,245055.02112,83.659361,0.435653,3982.222222,282,501.333333,17,30.222222,20,35.555556,22,39.111111,43,76.444444,10,17.777778,16,28.444444,1,1.777778,153,272.0,194.785081,128.410742,78.672041,497.253916,290.43131,0.000497,0.0,0.0,0.001441,0.0,0.0,0.0,0.001938,13.379458,23.785702,131,232.888889,8,0.012461,0.004389,6,3.71428,-1.26294,Cluster 6 · high building coverage / retail-rich
C014_002,14,2,0.5625,2204.0,223555.676847,74.41623,0.397432,3918.222222,423,752.0,16,28.444444,50,88.888889,43,76.444444,66,117.333333,4,7.111111,22,39.111111,8,14.222222,214,380.444444,137.37825,116.572651,123.303509,339.854657,24.054492,0.000145,0.011055,0.0,0.042868,0.01241,0.0,0.001361,0.067838,11.088889,19.713581,96,170.666667,8,0.012461,0.008332,2,4.836276,-0.687584,Cluster 2 · recreation/culture-rich / transport-POI-rich
C014_003,14,3,0.5625,1999.0,229627.902645,70.678186,0.408227,3553.777778,639,1136.0,21,37.333333,52,92.444444,100,177.777778,128,227.555556,12,21.333333,24,42.666667,6,10.666667,296,526.222222,110.676427,39.241689,34.513799,197.518484,119.560091,0.003763,0.000957,0.000657,0.053035,0.018138,0.0,0.0,0.07655,12.955544,23.032078,93,165.333333,8,0.012461,0.012181,2,5.691721,-0.5402,Cluster 2 · recreation/culture-rich / transport-POI-rich
C014_004,14,4,0.5625,427.0,122503.752331,108.410056,0.217784,759.111111,636,1130.666667,17,30.222222,26,46.222222,20,35.555556,72,128.0,19,33.777778,33,58.666667,9,16.0,440,782.222222,108.221985,133.536443,206.765197,268.325207,182.954961,0.406975,0.0,0.0,0.0,0.113179,0.0,0.064005,0.584159,11.541845,20.518836,79,140.444444,8,0.012461,0.015718,2,4.368935,0.321742,Cluster 2 · recreation/culture-rich / transport-POI-rich
C014_005,14,5,0.5625,1259.0,250328.34776,131.577651,0.445028,2238.222222,3308,5880.888889,55,97.777778,154,273.777778,110,195.555556,525,933.333333,60,106.666667,72,128.0,44,78.222222,2288,4067.555556,71.340994,47.032582,13.3642,183.437896,21.741143,4.9e-05,0.0,0.0,0.007752,0.022818,0.0,0.044259,0.074877,12.85654,22.856071,91,161.777778,8,0.012461,0.019155,2,7.918469,0.036521,Cluster 2 · recreation/culture-rich / transport-POI-rich
C014_006,14,6,0.5625,786.0,216664.039995,181.519566,0.385181,1397.333333,1024,1820.444444,23,40.888889,50,88.888889,44,78.222222,182,323.555556,17,30.222222,24,42.666667,23,40.888889,661,1175.111111,91.473758,38.85398,46.030094,265.134925,139.241921,0.003588,0.0,0.006059,0.011004,0.060441,0.0,0.21681,0.297901,13.713267,24.37914,112,199.111111,8,0.012461,0.022119,2,5.910454,0.209698,Cluster 2 · recreation/culture-rich / transport-POI-rich
C014_007,14,7,0.5625,1545.0,256621.10735,122.904226,0.456215,2746.666667,749,1331.555556,32,56.888889,84,149.333333,35,62.222222,119,211.555556,13,23.111111,33,58.666667,7,12.444444,426,757.333333,87.729046,44.384027,158.181854,346.860314,192.80302,0.005342,0.0,0.002688,0.006996,0.006685,0.0,0.084239,0.105949,16.61603,29.539608,128,227.555556,8,0.012461,0.025057,2,5.560274,-0.147802,Cluster 2 · recreation/culture-rich / transport-POI-rich
C014_008,14,8,0.5625,1601.0,209791.585424,106.395967,0.372963,2846.222222,468,832.0,26,46.222222,36,64.0,86,152.888889,68,120.888889,8,14.222222,8,14.222222,2,3.555556,234,416.0,107.763155,52.181993,157.833158,119.812247,195.641517,0.08942,0.0,0.001753,0.0,0.002625,0.0,0.001931,0.095729,17.54069,31.18345,163,289.777778,8,0.012461,0.027616,2,4.966463,0.041732,Cluster 2 · recreation/culture-rich / transport-POI-rich
C014_009,14,9,0.5625,2220.0,268153.25007,100.358806,0.476717,3946.666667,440,782.222222,27,48.0,39,69.333333,27,48.0,82,145.777778,8,14.222222,10,17.777778,5,8.888889,242,430.222222,133.219805,94.761754,33.266496,420.439867,59.390074,0.011425,0.0,0.0,0.0,0.040463,0.0,0.00029,0.052177,14.076694,25.025234,137,243.555556,8,0.012461,0.02984,2,5.277554,0.080328,Cluster 2 · recreation/culture-rich / transport-POI-rich
C014_010,14,10,0.5625,2033.0,222925.030051,96.296709,0.396311,3614.222222,300,533.333333,13,23.111111,25,44.444444,17,30.222222,53,94.222222,4,7.111111,5,8.888889,3,5.333333,180,320.0,142.936056,73.019111,16.901858,159.36901,158.988217,0.207609,0.0,0.0,0.0,0.006386,0.0,0.0,0.213995,16.262092,28.910387,159,282.666667,8,0.012461,0.031819,2,4.7509,0.15031,Cluster 2 · recreation/culture-rich / transport-POI-rich
C014_011,14,11,0.5625,269.0,75988.428967,214.465745,0.135091,478.222222,440,782.222222,7,12.444444,17,30.222222,41,72.888889,98,174.222222,5,8.888889,4,7.111111,14,24.888889,254,451.555556,228.722389,213.308684,102.541876,207.971319,341.805101,0.112156,0.0,0.006918,0.0,0.043952,0.0,0.0,0.163027,10.050948,17.868351,85,151.111111,8,0.012461,0.033549,6,3.478942,1.271958,Cluster 6 · high building coverage / retail-rich
C014_012,14,12,0.5625,549.0,209284.349046,286.569607,0.372061,976.0,1501,2668.444444,29,51.555556,76,135.111111,145,257.777778,212,376.888889,27,48.0,19,33.777778,34,60.444444,959,1704.888889,150.761276,17.49575,80.465229,105.547085,6.857623,0.054205,0.0,0.0,0.0,0.0,0.0,0.0,0.054205,13.763299,24.468087,113,200.888889,8,0.012461,0.034919,2,7.17552,0.972214,Cluster 2 · recreation/culture-rich / transport-POI-rich
C014_013,14,13,0.5625,2464.0,215448.945495,20.523691,0.38302,4380.444444,798,1418.666667,20,35.555556,39,69.333333,85,151.111111,100,177.777778,7,12.444444,12,21.333333,12,21.333333,523,929.777778,59.522047,79.273845,120.502409,139.501882,75.143371,0.134043,0.0,0.0,0.0,0.0,0.0,0.0,0.134043,12.481371,22.189103,112,199.111111,8,0.012461,0.035945,2,5.715115,0.55758,Cluster 2 · recreation/culture-rich / transport-POI-rich
C014_014,14,14,0.5625,508.0,202875.55471,336.448787,0.360668,903.111111,1094,1944.888889,29,51.555556,32,56.888889,127,225.777778,199,353.777778,17,30.222222,18,32.0,19,33.777778,653,1160.888889,22.042774,51.225592,42.650815,51.086945,21.6497,0.002674,0.0,0.0,0.0,0.112402,0.0,0.000671,0.115747,12.287226,21.843957,89,158.222222,8,0.012461,0.036742,2,7.008955,1.408089,Cluster 2 · recreation/culture-rich / transport-POI-rich
C014_015,14,15,0.5625,435.0,146310.468701,287.112637,0.260107,773.333333,319,567.111111,10,17.777778,19,33.777778,48,85.333333,27,48.0,3,5.333333,4,7.111111,10,17.777778,198,352.0,137.046402,162.181877,46.103054,120.083445,240.757028,0.0,0.0,0.0,0.005182,0.189068,0.0,0.0,0.19425,10.679627,18.986004,71,126.222222,8,0.012461,0.037125,2,4.072152,1.540216,Cluster 2 · recreation/culture-rich / transport-POI-rich
C014_016,14,16,0.5625,617.0,145510.017319,149.599603,0.258684,1096.888889,217,385.777778,15,26.666667,8,14.222222,24,42.666667,33,58.666667,4,7.111111,7,12.444444,4,7.111111,122,216.888889,124.27032,230.844426,237.256221,246.5856,199.29644,0.0,0.0,0.0,0.021324,0.01993,0.0,0.005473,0.046727,9.372651,16.662491,51,90.666667,8,0.012461,0.037147,6,3.257879,1.137599,Cluster 6 · high building coverage / retail-rich
C014_017,14,17,0.5625,1505.0,251610.28369,166.317772,0.447307,2675.555556,738,1312.0,23,40.888889,36,64.0,27,48.0,124,220.444444,10,17.777778,11,19.555556,12,21.333333,495,880.0,121.44636,20.347398,53.812553,502.568301,120.397716,0.450434,0.0,0.0,0.0,0.007889,0.0,0.016628,0.474951,11.606702,20.634137,69,122.666667,8,0.012461,0.036854,2,5.587943,0.498353,Cluster 2 · recreation/culture-rich / transport-POI-rich
C014_018,14,18,0.5625,541.0,71615.28246,81.740793,0.127316,961.777778,99,176.0,3,5.333333,10,17.777778,14,24.888889,10,17.777778,2,3.555556,1,1.777778,0,0.0,59,104.888889,330.984774,151.253582,129.66212,640.860138,176.134948,0.006702,0.005103,0.0,0.0,0.43586,0.0,0.735884,1.0,10.295547,18.303195,33,58.666667,8,0.012461,0.036231,3,1.673635,1.84873,Cluster 3 · building-dense / limited recreation POIs
C014_019,14,19,0.5625,1228.0,106667.00672,66.272212,0.18963,2183.111111,148,263.111111,6,10.666667,13,23.111111,11,19.555556,17,30.222222,2,3.555556,2,3.555556,0,0.0,97,172.444444,407.033258,122.194041,239.988333,571.473636,396.631054,0.214723,0.0,0.150284,0.0,0.046521,0.0,0.065001,0.476529,7.056524,12.544932,34,60.444444,8,0.012461,0.035263,6,1.560914,0.632874,Cluster 6 · high building coverage / retail-rich
C014_020,14,20,0.5625,1251.0,141838.451413,110.151083,0.252157,2224.0,609,1082.666667,11,19.555556,43,76.444444,48,85.333333,95,168.888889,12,21.333333,7,12.444444,5,8.888889,388,689.777778,274.578685,133.301159,149.964063,285.634058,50.286791,0.149415,0.0,0.320426,0.0,0.002019,0.0,0.0,0.47186,10.656,18.944001,62,110.222222,8,0.012461,0.03395,2,4.236207,0.33709,Cluster 2 · recreation/culture-rich / transport-POI-rich
C014_021,14,21,0.5625,250.0,45928.037365,60.303135,0.08165,444.444444,19,33.777778,0,0.0,3,5.333333,1,1.777778,0,0.0,1,1.777778,1,1.777778,0,0.0,13,23.111111,549.66757,230.708873,453.964085,464.510845,330.442234,0.005452,0.000255,0.754823,0.001145,0.0,0.0,0.0,0.761675,10.149644,18.043811,37,65.777778,8,0.012461,0.03225,3,-0.925925,0.511002,Cluster 3 · building-dense / limited recreation POIs
C014_022,14,22,0.5625,271.0,187528.169993,100.171245,0.333383,481.777778,27,48.0,2,3.555556,5,8.888889,1,1.777778,5,8.888889,5,8.888889,2,3.555556,0,0.0,7,12.444444,396.067017,17.669901,416.418955,336.614718,377.59475,0.434949,0.0,0.169953,0.0,0.006924,0.0,0.0,0.611826,13.141018,23.36181,50,88.888889,8,0.012461,0.030225,7,1.400834,0.26401,Cluster 7 · residential land use / road-dense
C014_023,14,23,0.5625,2032.0,214916.307742,76.802506,0.382073,3612.444444,298,529.777778,13,23.111111,36,64.0,16,28.444444,43,76.444444,3,5.333333,8,14.222222,3,5.333333,176,312.888889,112.256044,45.66618,185.552549,649.440778,208.290547,0.026674,0.0,0.0,0.0,0.0,0.0,0.0,0.026674,7.782062,13.834776,53,94.222222,8,0.012461,0.027775,6,3.696189,0.125873,Cluster 6 · high building coverage / retail-rich
C014_024,14,24,0.5625,2454.0,228812.269186,69.019469,0.406777,4362.666667,109,193.777778,4,7.111111,12,21.333333,7,12.444444,21,37.333333,2,3.555556,6,10.666667,3,5.333333,54,96.0,251.562256,81.869108,119.044549,454.005927,166.933905,0.0,0.0,0.0,0.0,0.0,0.0,0.0,0.0,6.758866,12.015762,40,71.111111,8,0.012461,0.024986,6,2.791127,0.012081,Cluster 6 · high building coverage / retail-rich
C014_025,14,25,0.5625,1948.0,223181.185154,86.294537,0.396767,3463.111111,119,211.555556,4,7.111111,12,21.333333,4,7.111111,20,35.555556,1,1.777778,6,10.666667,0,0.0,72,128.0,181.951251,138.076637,147.068029,432.743813,183.872761,0.0,0.0,0.0,0.0,0.0,0.0,0.0,0.0,7.097676,12.618091,41,72.888889,8,0.012461,0.021856,6,2.083937,-0.207611,Cluster 6 · high building coverage / retail-rich
C014_026,14,26,0.5625,1886.0,215666.375751,92.697973,0.383407,3352.888889,63,112.0,2,3.555556,8,14.222222,0,0.0,15,26.666667,0,0.0,3,5.333333,1,1.777778,34,60.444444,365.595117,325.015093,131.138543,764.287396,506.819816,0.0,0.0,0.0,0.0,0.002388,0.0,0.0,0.002388,7.329856,13.030855,42,74.666667,8,0.012461,0.018427,3,0.730476,-0.432193,Cluster 3 · building-dense / limited recreation POIs
C014_027,14,27,0.5625,1951.0,175786.490647,65.814045,0.312509,3468.444444,68,120.888889,5,8.888889,10,17.777778,2,3.555556,13,23.111111,1,1.777778,3,5.333333,1,1.777778,33,58.666667,80.694084,136.679197,136.679197,888.65059,220.846016,0.02671,0.0,0.0,0.0,0.001784,0.0,0.0,0.028494,8.923242,15.863541,64,113.777778,8,0.012461,0.014719,6,1.881951,-0.496016,Cluster 6 · high building coverage / retail-rich
C014_028,14,28,0.5625,1737.0,144075.658811,52.502896,0.256135,3088.0,16,28.444444,0,0.0,2,3.555556,2,3.555556,1,1.777778,0,0.0,2,3.555556,0,0.0,9,16.0,812.193937,127.250998,753.402807,1153.002709,481.839217,0.669339,0.0,0.037339,0.0,0.000251,0.0,0.0,0.706929,7.317989,13.009759,56,99.555556,8,0.012461,0.010669,7,-0.71484,-0.872937,Cluster 7 · residential land use / road-dense
C014_029,14,29,0.5625,943.0,249144.230463,100.314279,0.442923,1676.444444,37,65.777778,1,1.777778,8,14.222222,0,0.0,3,5.333333,3,5.333333,4,7.111111,0,0.0,18,32.0,369.910068,183.27023,387.655384,1453.927201,126.458926,0.290789,0.0,0.743161,0.0,0.0,0.0,0.0,1.0,5.944131,10.567344,21,37.333333,8,0.012461,0.006141,7,0.209608,-1.42509,Cluster 7 · residential land use / road-dense
C014_030,14,30,0.2375,745.0,68401.922902,57.851967,0.288008,3136.843944,17,71.578989,0,0.0,3,12.631586,2,8.421058,1,4.210529,0,0.0,2,8.421058,0,0.0,9,37.894759,161.923297,337.954966,515.270649,1805.944409,424.626594,0.019047,0.0,0.527832,0.0,0.0,0.0,0.0,0.546879,1.304364,5.492062,3,12.631586,5,0.007788,0.001125,1,-1.106731,-3.00394,Cluster 1 · market-distant / service-light
C015_000,15,0,0.500357,2137.0,229299.943958,82.441863,0.458273,4270.953651,86,171.877405,4,7.994298,12,23.982894,8,15.988596,14,27.980043,1,1.998574,3,5.995723,1,1.998574,43,85.938702,209.141443,161.821777,284.674397,420.681862,383.997378,0.01098,0.0,0.000426,0.02719,0.009075,0.0,0.000447,0.048118,12.378598,24.739551,129,257.816107,5,0.007788,0.000451,6,1.945916,-3.163098,Cluster 6 · high building coverage / retail-rich
C015_001,15,1,0.5625,2072.0,270404.203595,105.209737,0.480719,3683.555556,248,440.888889,11,19.555556,32,56.888889,17,30.222222,48,85.333333,1,1.777778,8,14.222222,5,8.888889,126,224.0,152.681248,32.618182,39.25265,54.916601,206.79459,0.019976,0.0,0.0,0.024852,0.072376,0.0,0.000603,0.117807,14.058065,24.992116,156,277.333333,8,0.012461,0.004417,2,4.606405,-1.040932,Cluster 2 · recreation/culture-rich / transport-POI-rich
C015_002,15,2,0.5625,2002.0,227818.151273,81.085097,0.40501,3559.111111,248,440.888889,12,21.333333,21,37.333333,12,21.333333,46,81.777778,11,19.555556,24,42.666667,4,7.111111,118,209.777778,103.529191,103.920665,50.406855,395.493491,233.720816,0.003429,0.000202,0.004037,0.023825,0.005217,0.0,0.0,0.036711,12.966427,23.051426,85,151.111111,8,0.012461,0.008296,2,4.189702,-0.838595,Cluster 2 · recreation/culture-rich / transport-POI-rich
C015_003,15,3,0.5625,1398.0,217338.874602,95.046962,0.38638,2485.333333,263,467.555556,3,5.333333,30,53.333333,17,30.222222,48,85.333333,2,3.555556,23,40.888889,4,7.111111,136,241.777778,400.054424,20.386993,93.263743,270.636281,262.215022,0.012871,0.002006,0.012245,0.100204,0.042533,0.0,7.2e-05,0.169931,12.329027,21.91827,83,147.555556,8,0.012461,0.012022,6,3.838514,-0.55052,Cluster 6 · high building coverage / retail-rich
C015_004,15,4,0.5625,985.0,174681.709987,93.955106,0.310545,1751.111111,527,936.888889,12,21.333333,29,51.555556,23,40.888889,57,101.333333,15,26.666667,26,46.222222,8,14.222222,357,634.666667,245.616174,88.937936,152.065411,648.169911,156.809223,0.064139,0.105031,0.033616,0.00172,0.021873,0.0,0.0,0.226379,12.634999,22.462221,90,160.0,8,0.012461,0.015566,2,4.253191,-0.056724,Cluster 2 · recreation/culture-rich / transport-POI-rich
C015_005,15,5,0.5625,547.0,143752.854228,144.5164,0.255561,972.444444,319,567.111111,12,21.333333,27,48.0,14,24.888889,40,71.111111,30,53.333333,8,14.222222,4,7.111111,184,327.111111,239.897582,144.811168,101.245936,158.474553,100.027859,0.204001,0.04775,0.020773,0.058821,0.018101,0.0,0.0,0.349445,12.800342,22.756163,121,215.111111,8,0.012461,0.018606,2,4.2612,0.379895,Cluster 2 · recreation/culture-rich / transport-POI-rich
C015_006,15,6,0.5625,563.0,117305.438462,136.016867,0.208543,1000.888889,107,190.222222,8,14.222222,16,28.444444,5,8.888889,10,17.777778,0,0.0,11,19.555556,1,1.777778,56,99.555556,149.927026,202.198877,236.766803,522.701526,611.58019,0.018695,0.0,0.0,0.048491,0.037879,0.0,0.000493,0.105558,11.50718,20.457209,87,154.666667,8,0.012461,0.021669,6,1.722855,0.173345,Cluster 6 · high building coverage / retail-rich
C015_007,15,7,0.5625,1586.0,204676.25179,107.308114,0.363869,2819.555556,427,759.111111,20,35.555556,47,83.555556,38,67.555556,98,174.222222,2,3.555556,13,23.111111,9,16.0,200,355.555556,144.043408,199.756487,104.477862,369.409445,490.668578,0.000401,0.0,0.0,0.0,0.006076,0.0,0.0,0.006477,18.873766,33.553361,149,264.888889,8,0.012461,0.024274,6,4.239167,-0.186893,Cluster 6 · high building coverage / retail-rich
C015_008,15,8,0.5625,1474.0,207953.834221,119.130272,0.369696,2620.444444,595,1057.777778,23,40.888889,34,60.444444,121,215.111111,155,275.555556,3,5.333333,14,24.888889,6,10.666667,239,424.888889,111.13832,35.054449,56.869332,137.142724,194.295761,0.0,0.0267,0.0,0.119765,0.022061,0.0,0.0,0.168527,15.000488,26.667535,152,270.222222,8,0.012461,0.026668,2,5.58036,0.280929,Cluster 2 · recreation/culture-rich / transport-POI-rich
C015_009,15,9,0.5625,2000.0,215688.852639,90.453302,0.383447,3555.555556,294,522.666667,11,19.555556,33,58.666667,12,21.333333,69,122.666667,2,3.555556,10,17.777778,5,8.888889,152,270.222222,176.268526,99.831659,143.339288,223.308397,69.620288,0.0,0.0,0.0,0.0,0.007685,0.0,0.0,0.007685,9.506225,16.899956,69,122.666667,8,0.012461,0.028764,6,4.074266,0.241542,Cluster 6 · high building coverage / retail-rich
C015_010,15,10,0.5625,1329.0,205645.108758,126.231598,0.365591,2362.666667,541,961.777778,26,46.222222,47,83.555556,56,99.555556,90,160.0,6,10.666667,14,24.888889,7,12.444444,295,524.444444,143.878305,110.249644,110.249644,290.785525,104.033639,0.088278,0.0,0.0,0.019867,0.001888,0.0,0.0,0.110033,13.786479,24.509296,104,184.888889,8,0.012461,0.030708,2,4.962788,0.342655,Cluster 2 · recreation/culture-rich / transport-POI-rich
C015_011,15,11,0.5625,1521.0,166298.656545,82.506921,0.295642,2704.0,317,563.555556,11,19.555556,32,56.888889,27,48.0,52,92.444444,1,1.777778,10,17.777778,3,5.333333,181,321.777778,88.075323,40.90917,231.482289,179.675867,509.09812,0.015944,0.001374,0.000155,0.041028,0.004,0.0,0.0,0.0625,10.917696,19.409237,69,122.666667,8,0.012461,0.032287,6,3.815102,0.490636,Cluster 6 · high building coverage / retail-rich
C015_012,15,12,0.5625,1561.0,198114.133197,103.327911,0.352203,2775.111111,689,1224.888889,22,39.111111,58,103.111111,53,94.222222,123,218.666667,14,24.888889,5,8.888889,8,14.222222,406,721.777778,221.398059,154.779556,86.44465,258.426946,123.480353,0.0,0.0,0.0,0.001652,0.000992,0.0,0.0,0.002644,14.057104,24.990407,126,224.0,8,0.012461,0.033548,2,4.94118,0.478374,Cluster 2 · recreation/culture-rich / transport-POI-rich
C015_013,15,13,0.5625,1329.0,196241.672777,107.031117,0.348874,2362.666667,543,965.333333,21,37.333333,41,72.888889,35,62.222222,128,227.555556,6,10.666667,8,14.222222,7,12.444444,297,528.0,306.728162,130.16457,152.3087,228.743329,281.481256,0.0,0.000619,0.0,0.000257,0.0,0.0,0.0,0.000876,12.058541,21.437406,87,154.666667,8,0.012461,0.034619,2,4.320961,0.555958,Cluster 2 · recreation/culture-rich / transport-POI-rich
C015_014,15,14,0.5625,1058.0,204578.105675,131.434148,0.363694,1880.888889,759,1349.333333,15,26.666667,72,128.0,80,142.222222,136,241.777778,9,16.0,8,14.222222,10,17.777778,429,762.666667,135.233809,51.799949,48.231907,447.466571,121.409598,0.051262,0.000193,0.0,0.020725,0.012155,0.0,0.0,0.084335,13.29905,23.642756,104,184.888889,8,0.012461,0.035283,2,5.349901,0.634018,Cluster 2 · recreation/culture-rich / transport-POI-rich
C015_015,15,15,0.5625,773.0,175270.474524,155.817846,0.311592,1374.222222,355,631.111111,10,17.777778,25,44.444444,10,17.777778,55,97.777778,8,14.222222,12,21.333333,6,10.666667,229,407.111111,172.291417,105.120673,118.571345,184.394176,191.595242,0.049056,0.00114,0.001992,0.044915,0.04019,0.0,0.0,0.137293,12.272923,21.81853,98,174.222222,8,0.012461,0.035646,2,4.223566,0.897937,Cluster 2 · recreation/culture-rich / transport-POI-rich
C015_016,15,16,0.5625,1058.0,223446.935389,157.169096,0.397239,1880.888889,482,856.888889,16,28.444444,19,33.777778,13,23.111111,54,96.0,10,17.777778,5,8.888889,4,7.111111,361,641.777778,131.948717,143.309962,116.61145,183.695846,107.250082,0.000412,0.0005,0.0,1.4e-05,0.01421,0.0,0.0,0.015136,10.764887,19.137577,68,120.888889,8,0.012461,0.035685,6,4.272546,0.744813,Cluster 6 · high building coverage / retail-rich
C015_017,15,17,0.5625,1273.0,254754.868151,107.120861,0.452898,2263.111111,1279,2273.777778,41,72.888889,76,135.111111,161,286.222222,327,581.333333,5,8.888889,11,19.555556,21,37.333333,637,1132.444444,58.632601,58.856129,64.496457,47.839446,167.064617,0.0,0.0,0.0,0.021686,0.022158,0.0,0.0,0.043843,10.374842,18.444163,61,108.444444,8,0.012461,0.035372,2,6.421247,0.797271,Cluster 2 · recreation/culture-rich / transport-POI-rich
C015_018,15,18,0.5625,1962.0,188918.91913,66.386182,0.335856,3488.0,347,616.888889,12,21.333333,29,51.555556,31,55.111111,64,113.777778,6,10.666667,5,8.888889,0,0.0,200,355.555556,134.804257,45.713602,63.260217,112.885662,162.060643,0.0,0.0,0.0,0.0,0.0,0.0,0.0,0.0,14.287637,25.400243,74,131.555556,8,0.012461,0.034809,6,4.26941,0.443239,Cluster 6 · high building coverage / retail-rich
C015_019,15,19,0.5625,1180.0,125557.90883,91.283556,0.223214,2097.777778,260,462.222222,3,5.333333,13,23.111111,22,39.111111,67,119.111111,3,5.333333,2,3.555556,3,5.333333,147,261.333333,350.073701,205.866663,168.123926,357.522769,285.958039,0.0,0.0,0.0,0.0,0.0,0.0,0.0,0.0,16.456623,29.256218,67,119.111111,8,0.012461,0.033889,6,2.710158,0.602767,Cluster 6 · high building coverage / retail-rich
C015_020,15,20,0.5625,1500.0,183702.637571,91.714426,0.326582,2666.666667,326,579.555556,10,17.777778,34,60.444444,18,32.0,69,122.666667,9,16.0,11,19.555556,4,7.111111,171,304.0,156.33422,101.55,73.292388,392.335768,150.634283,0.0,0.0,0.0,0.0,0.005944,0.0,0.0,0.005944,12.357789,21.969403,50,88.888889,8,0.012461,0.032608,6,4.196221,0.531224,Cluster 6 · high building coverage / retail-rich
C015_021,15,21,0.5625,804.0,83192.3744,76.624731,0.147898,1429.333333,42,74.666667,1,1.777778,4,7.111111,1,1.777778,8,14.222222,0,0.0,2,3.555556,1,1.777778,25,44.444444,584.343154,357.798805,432.213711,642.237546,607.863701,0.00082,0.003021,0.0,0.025859,0.0,0.0,0.0,0.029699,8.662551,15.400091,36,64.0,8,0.012461,0.03102,3,-0.056633,0.680506,Cluster 3 · building-dense / limited recreation POIs
C015_022,15,22,0.5625,1206.0,118425.213755,67.746788,0.210534,2144.0,111,197.333333,10,17.777778,21,37.333333,18,32.0,14,24.888889,1,1.777778,3,5.333333,0,0.0,44,78.222222,112.35499,136.503381,53.192363,392.8761,395.044008,0.136118,0.0,0.0,0.0,0.006235,0.0,0.0,0.142353,5.395002,9.591115,20,35.555556,8,0.012461,0.029101,6,2.157505,0.62342,Cluster 6 · high building coverage / retail-rich
C015_023,15,23,0.5625,1493.0,158661.422262,81.463911,0.282065,2654.222222,79,140.444444,1,1.777778,15,26.666667,5,8.888889,15,26.666667,0,0.0,2,3.555556,0,0.0,41,72.888889,390.694377,212.315712,229.023025,691.137165,503.337134,0.0,0.0,0.0,0.0,0.0,0.0,0.0,0.0,5.868621,10.433104,34,60.444444,8,0.012461,0.026873,3,0.671418,0.173997,Cluster 3 · building-dense / limited recreation POIs
C015_024,15,24,0.5625,1661.0,189311.674353,84.721847,0.336554,2952.888889,56,99.555556,5,8.888889,6,10.666667,2,3.555556,14,24.888889,0,0.0,2,3.555556,1,1.777778,26,46.222222,166.354848,290.1022,70.921465,1163.908983,446.458379,0.0,0.0,0.0,0.0,0.008939,0.0,0.0,0.008939,8.589872,15.270883,55,97.777778,8,0.012461,0.024221,3,1.267422,-0.098535,Cluster 3 · building-dense / limited recreation POIs
C015_025,15,25,0.5625,1776.0,201866.415639,84.747474,0.358874,3157.333333,70,124.444444,2,3.555556,7,12.444444,7,12.444444,15,26.666667,5,8.888889,4,7.111111,1,1.777778,29,51.555556,325.677698,174.618526,338.200061,1173.624937,161.791659,0.0,0.0,0.0,0.0,0.00335,0.0,0.0,0.00335,8.013661,14.246509,57,101.333333,8,0.012461,0.021247,6,1.765722,-0.169404,Cluster 6 · high building coverage / retail-rich
C015_026,15,26,0.5625,1671.0,174020.403173,77.150316,0.30937,2970.666667,116,206.222222,3,5.333333,15,26.666667,7,12.444444,26,46.222222,0,0.0,11,19.555556,1,1.777778,53,94.222222,382.935499,121.929151,64.143378,1332.01483,418.847785,0.0,0.0,0.0,0.0,0.0,0.0,0.0,0.0,6.545372,11.636216,34,60.444444,8,0.012461,0.017969,6,1.666029,-0.331531,Cluster 6 · high building coverage / retail-rich
C015_027,15,27,0.5625,1471.0,163762.73307,87.158698,0.291134,2615.111111,49,87.111111,4,7.111111,3,5.333333,2,3.555556,12,21.333333,2,3.555556,2,3.555556,2,3.555556,22,39.111111,124.790186,109.271102,102.183193,1638.591167,391.046835,0.013362,0.0,0.0,0.0,0.0,0.0,0.0,0.013362,5.583899,9.926931,34,60.444444,8,0.012461,0.014388,3,1.287264,-0.280496,Cluster 3 · building-dense / limited recreation POIs
C015_028,15,28,0.5625,770.0,119187.970982,68.667534,0.21189,1368.888889,6,10.666667,1,1.777778,1,1.777778,0,0.0,0,0.0,1,1.777778,0,0.0,0,0.0,3,5.333333,289.765065,307.427137,493.268326,1795.743965,434.351207,0.29339,0.0,0.035146,0.0,0.0,0.0,0.0,0.328536,4.570958,8.126148,15,26.666667,8,0.012461,0.010476,5,-1.623459,-0.278252,Cluster 5 · limited retail / low building coverage
C015_029,15,29,0.5625,2008.0,203236.116805,58.510247,0.361309,3569.777778,23,40.888889,0,0.0,5,8.888889,0,0.0,6,10.666667,2,3.555556,2,3.555556,0,0.0,8,14.222222,817.307606,372.736758,315.770898,2116.490935,293.769028,0.746854,0.0,0.009165,0.0,0.0,0.0,0.0,0.75602,7.669057,13.63388,51,90.666667,8,0.012461,0.00606,7,-0.243388,-1.216185,Cluster 7 · residential land use / road-dense
C015_030,15,30,0.227167,538.0,55758.288195,73.449574,0.24545,2368.299924,1,4.402044,0,0.0,0,0.0,0,0.0,0,0.0,0,0.0,0,0.0,0,0.0,1,4.402044,745.125974,437.1746,571.960859,2368.236564,638.060363,0.055591,0.0,0.0,0.0,0.0,0.0,0.0,0.055591,1.670535,7.353767,2,8.804089,5,0.007788,0.001112,1,-3.119281,-2.366739,Cluster 1 · market-distant / service-light
C016_000,16,0,0.510517,1529.0,183694.382159,94.167389,0.35982,2995.00386,127,248.767489,11,21.54679,13,25.464389,7,13.711594,14,27.423188,1,1.958799,3,5.876397,1,1.958799,77,150.827533,180.646823,180.646823,253.80416,225.746006,363.164988,0.034775,0.0,0.0,0.112096,0.0,0.0,0.0,0.146871,8.288643,16.235788,56,109.692751,5,0.007788,0.000448,6,1.981998,-2.701813,Cluster 6 · high building coverage / retail-rich
C016_001,16,1,0.5625,2020.0,230634.499718,91.892251,0.410017,3591.111111,208,369.777778,12,21.333333,27,48.0,17,30.222222,25,44.444444,0,0.0,10,17.777778,0,0.0,117,208.0,93.922369,93.922369,159.211028,517.094817,431.609418,0.002338,0.0,0.0,0.007943,0.0,0.0,0.000182,0.010463,12.57449,22.354649,82,145.777778,8,0.012461,0.004345,6,2.557332,-1.335336,Cluster 6 · high building coverage / retail-rich
C016_002,16,2,0.5625,2044.0,227120.355963,90.167642,0.40377,3633.777778,502,892.444444,38,67.555556,56,99.555556,29,51.555556,103,183.111111,12,21.333333,15,26.666667,7,12.444444,242,430.222222,99.895946,67.974654,225.535576,308.277753,228.330257,0.0,0.0,0.0,0.005534,0.006436,0.0,0.0,0.01197,16.246352,28.882404,109,193.777778,8,0.012461,0.008061,2,4.795953,-0.905555,Cluster 2 · recreation/culture-rich / transport-POI-rich
C016_003,16,3,0.5625,1956.0,207681.733289,77.925081,0.369212,3477.333333,202,359.111111,13,23.111111,19,33.777778,11,19.555556,26,46.222222,17,30.222222,11,19.555556,1,1.777778,104,184.888889,85.372199,60.682243,132.001924,125.782197,164.00613,0.0,0.0,0.0,0.0,0.044938,0.0,0.0,0.044938,11.654872,20.719772,74,131.555556,8,0.012461,0.011594,6,4.037201,-0.462061,Cluster 6 · high building coverage / retail-rich
C016_004,16,4,0.5625,1815.0,202135.911352,92.643097,0.359353,3226.666667,168,298.666667,7,12.444444,20,35.555556,14,24.888889,25,44.444444,6,10.666667,8,14.222222,2,3.555556,86,152.888889,265.376488,57.576932,228.536395,480.853895,319.273927,0.0,0.05645,0.0,0.012808,0.021045,0.0,0.034791,0.125095,9.832401,17.479825,70,124.444444,8,0.012461,0.014622,6,3.154441,-0.245879,Cluster 6 · high building coverage / retail-rich
C016_005,16,5,0.5625,1533.0,212404.798943,117.625315,0.377609,2725.333333,271,481.777778,24,42.666667,33,58.666667,24,42.666667,46,81.777778,6,10.666667,8,14.222222,3,5.333333,127,225.777778,69.950665,50.068108,104.168242,335.939438,154.543325,0.0,0.077046,0.0,0.102165,0.004737,0.0,0.0,0.183947,8.104177,14.407426,57,101.333333,8,0.012461,0.017759,2,4.435483,0.09704,Cluster 2 · recreation/culture-rich / transport-POI-rich
C016_006,16,6,0.5625,1595.0,203386.320274,106.269427,0.361576,2835.555556,387,688.0,21,37.333333,50,88.888889,30,53.333333,60,106.666667,3,5.333333,10,17.777778,5,8.888889,208,369.777778,119.113763,14.639172,181.149298,65.015827,152.846825,0.006357,0.0,0.002292,0.004157,0.04394,0.0,0.023227,0.079972,10.876215,19.335493,81,144.0,8,0.012461,0.020414,2,4.893609,0.010825,Cluster 2 · recreation/culture-rich / transport-POI-rich
C016_007,16,7,0.5625,2053.0,239892.738079,101.207907,0.426476,3649.777778,329,584.888889,19,33.777778,30,53.333333,39,69.333333,67,119.111111,5,8.888889,12,21.333333,7,12.444444,150,266.666667,79.659157,60.059923,105.558156,158.460161,142.197615,0.008157,0.0,0.0,0.0,0.00161,0.0,0.0,0.009767,13.172501,23.417779,104,184.888889,8,0.012461,0.022848,2,4.954209,-0.144536,Cluster 2 · recreation/culture-rich / transport-POI-rich
C016_008,16,8,0.5625,2050.0,230914.721117,96.113334,0.410515,3644.444444,174,309.333333,10,17.777778,33,58.666667,10,17.777778,34,60.444444,2,3.555556,5,8.888889,1,1.777778,79,140.444444,328.22178,76.884292,123.295665,553.861824,199.417671,0.0,0.0,0.0,0.009922,0.0,0.0,0.0,0.009922,9.863594,17.535278,75,133.333333,8,0.012461,0.024994,6,3.073375,-0.18681,Cluster 6 · high building coverage / retail-rich
C016_009,16,9,0.5625,1957.0,214571.576924,82.834874,0.381461,3479.111111,266,472.888889,18,32.0,29,51.555556,21,37.333333,60,106.666667,0,0.0,6,10.666667,5,8.888889,127,225.777778,192.111959,58.705418,150.821157,165.49459,473.615754,0.0,0.0,0.0,0.0,0.004403,0.0,0.0,0.004403,8.610339,15.307269,55,97.777778,8,0.012461,0.027157,6,3.480123,0.093226,Cluster 6 · high building coverage / retail-rich
C016_010,16,10,0.5625,1276.0,207126.67555,159.199935,0.368225,2268.444444,798,1418.666667,26,46.222222,89,158.222222,57,101.333333,159,282.666667,7,12.444444,11,19.555556,12,21.333333,437,776.888889,77.890713,43.728195,50.51184,77.890713,77.884835,0.391296,0.0,0.0,0.008634,0.011518,0.0,0.0,0.411448,11.371264,20.215581,46,81.777778,8,0.012461,0.028871,2,5.96083,0.488608,Cluster 2 · recreation/culture-rich / transport-POI-rich
C016_011,16,11,0.5625,2261.0,225607.997704,87.759949,0.401081,4019.555556,202,359.111111,6,10.666667,17,30.222222,12,21.333333,40,71.111111,5,8.888889,7,12.444444,2,3.555556,113,200.888889,471.899535,91.01012,149.248626,339.169592,280.434075,0.000535,0.0,0.0,0.0,0.009597,0.0,0.0,0.010132,10.83656,19.264995,91,161.777778,8,0.012461,0.030325,6,3.274605,0.11419,Cluster 6 · high building coverage / retail-rich
C016_012,16,12,0.5625,2804.0,268214.639367,74.126556,0.476826,4984.888889,146,259.555556,10,17.777778,17,30.222222,7,12.444444,32,56.888889,2,3.555556,8,14.222222,0,0.0,70,124.444444,148.090326,11.391445,138.438871,483.590519,370.478414,0.0,0.0,0.0,0.0,0.000542,0.0,0.0,0.000542,9.847899,17.507376,79,140.444444,8,0.012461,0.031645,6,3.417244,-0.102829,Cluster 6 · high building coverage / retail-rich
C016_013,16,13,0.5625,2521.0,268533.148775,77.931301,0.477392,4481.777778,309,549.333333,9,16.0,23,40.888889,11,19.555556,131,232.888889,4,7.111111,3,5.333333,3,5.333333,125,222.222222,347.699504,31.118385,135.630028,97.100067,167.082838,0.0,0.0,0.000171,0.0,0.0,0.0,0.0,0.000171,11.097341,19.728606,88,156.444444,8,0.012461,0.032561,6,4.282287,0.172115,Cluster 6 · high building coverage / retail-rich
C016_014,16,14,0.5625,2680.0,269800.202965,77.64506,0.479645,4764.444444,155,275.555556,5,8.888889,21,37.333333,1,1.777778,32,56.888889,2,3.555556,3,5.333333,1,1.777778,90,160.0,336.339127,137.539203,73.684675,644.837515,239.908867,0.0,0.0,0.0,0.002293,0.0,0.0,0.0,0.002293,15.425048,27.422307,154,273.777778,8,0.012461,0.033199,6,2.855463,-0.137665,Cluster 6 · high building coverage / retail-rich
C016_015,16,15,0.5625,2291.0,228655.441716,72.677592,0.406499,4072.888889,283,503.111111,15,26.666667,25,44.444444,13,23.111111,60,106.666667,4,7.111111,7,12.444444,3,5.333333,156,277.333333,100.738705,100.738705,100.738705,100.738705,153.225029,0.000606,0.0,0.0,0.012155,0.00164,0.0,0.0,0.014401,11.242418,19.986521,76,135.111111,8,0.012461,0.033534,6,4.406792,0.419885,Cluster 6 · high building coverage / retail-rich
C016_016,16,16,0.5625,1583.0,180548.50991,80.992608,0.320975,2814.222222,204,362.666667,12,21.333333,17,30.222222,39,69.333333,29,51.555556,1,1.777778,6,10.666667,0,0.0,100,177.777778,170.1598,202.699659,247.41431,541.486236,240.552642,0.0,0.0,0.0,0.002063,0.0,0.0,0.0,0.002063,10.94965,19.466044,103,183.111111,8,0.012461,0.033588,6,2.6973,0.293381,Cluster 6 · high building coverage / retail-rich
C016_017,16,17,0.5625,788.0,214635.689082,219.759736,0.381575,1400.888889,611,1086.222222,15,26.666667,76,135.111111,47,83.555556,118,209.777778,3,5.333333,3,5.333333,5,8.888889,344,611.555556,99.908315,33.612543,33.612543,353.12678,53.766662,0.0,0.0,0.0,0.125383,0.001152,0.0,0.0,0.126535,13.675041,24.311184,90,160.0,8,0.012461,0.033405,2,5.221902,0.610185,Cluster 2 · recreation/culture-rich / transport-POI-rich
C016_018,16,18,0.5625,1098.0,219166.944909,164.813495,0.38963,1952.0,486,864.0,23,40.888889,54,96.0,27,48.0,67,119.111111,6,10.666667,8,14.222222,5,8.888889,296,526.222222,90.97209,90.97209,89.187184,277.935072,196.357086,0.0,0.0,0.0,0.067704,0.007937,0.0,0.0,0.075641,13.440887,23.89491,107,190.222222,8,0.012461,0.032804,2,4.779708,0.480968,Cluster 2 · recreation/culture-rich / transport-POI-rich
C016_019,16,19,0.5625,702.0,105382.141582,106.237149,0.187346,1248.0,99,176.0,2,3.555556,6,10.666667,17,30.222222,18,32.0,1,1.777778,2,3.555556,1,1.777778,52,92.444444,265.028163,94.735009,94.735009,486.585988,268.255829,0.0,0.0,0.0,0.130483,0.022845,0.0,0.0,0.153329,13.375533,23.778726,66,117.333333,8,0.012461,0.031943,6,2.133135,0.753441,Cluster 6 · high building coverage / retail-rich
C016_020,16,20,0.5625,1687.0,187954.25033,91.781272,0.334141,2999.111111,120,213.333333,7,12.444444,10,17.777778,10,17.777778,20,35.555556,1,1.777778,4,7.111111,0,0.0,68,120.888889,250.97897,204.395573,128.315819,460.973857,363.769543,0.0,0.0,0.0,0.0,0.000114,0.0,0.0,0.000114,6.149238,10.931979,33,58.666667,8,0.012461,0.030785,6,1.876395,0.360867,Cluster 6 · high building coverage / retail-rich
C016_021,16,21,0.5625,691.0,70234.591445,70.470756,0.124861,1228.444444,16,28.444444,0,0.0,4,7.111111,0,0.0,2,3.555556,0,0.0,0,0.0,0,0.0,10,17.777778,808.76378,304.407921,182.629709,686.322524,826.329226,0.0,0.0,0.0,0.0,0.0,0.0,0.0,0.0,5.695107,10.124635,31,55.111111,8,0.012461,0.029316,3,-1.285478,0.675494,Cluster 3 · building-dense / limited recreation POIs
C016_022,16,22,0.5625,469.0,45209.273687,68.508423,0.080372,833.777778,9,16.0,0,0.0,1,1.777778,0,0.0,0,0.0,0,0.0,0,0.0,0,0.0,8,14.222222,592.897483,264.826216,587.381635,1120.466742,592.897483,0.0,0.0,0.0,0.0,0.017119,0.0,0.0,0.017119,6.588036,11.712064,19,33.777778,8,0.012461,0.027559,5,-2.024535,0.794983,Cluster 5 · limited retail / low building coverage
C016_023,16,23,0.5625,1628.0,145355.666667,57.74293,0.25841,2894.222222,71,126.222222,3,5.333333,13,23.111111,7,12.444444,16,28.444444,2,3.555556,0,0.0,0,0.0,30,53.333333,359.358519,211.609023,214.007203,1256.489025,96.197074,0.0,0.0,0.0,0.0,0.0,0.0,0.0,0.0,5.992363,10.653089,32,56.888889,8,0.012461,0.025493,3,1.040695,0.224876,Cluster 3 · building-dense / limited recreation POIs
C016_024,16,24,0.5625,2035.0,195342.368172,71.370617,0.347275,3617.777778,67,119.111111,5,8.888889,9,16.0,9,16.0,15,26.666667,1,1.777778,3,5.333333,2,3.555556,23,40.888889,120.758391,282.544098,75.580069,1739.851609,212.647401,0.0,0.0,0.0,0.0,0.002839,0.0,0.0,0.002839,6.640429,11.805207,41,72.888889,8,0.012461,0.023133,6,1.955891,-0.045673,Cluster 6 · high building coverage / retail-rich
C016_025,16,25,0.5625,1709.0,158093.997055,68.96571,0.281056,3038.222222,39,69.333333,2,3.555556,10,17.777778,1,1.777778,6,10.666667,0,0.0,2,3.555556,1,1.777778,17,30.222222,370.26037,71.061172,87.738571,1588.927733,435.928331,0.0,0.0,0.0,0.0,0.008667,0.0,0.0,0.008667,6.738379,11.979341,31,55.111111,8,0.012461,0.020359,3,0.753097,-0.161285,Cluster 3 · building-dense / limited recreation POIs
C016_026,16,26,0.5625,1395.0,135570.326198,67.046081,0.241014,2480.0,20,35.555556,1,1.777778,0,0.0,1,1.777778,4,7.111111,0,0.0,2,3.555556,0,0.0,12,21.333333,661.628387,431.948918,392.866755,1054.458733,612.557442,0.0,0.0,0.0,0.0,0.0,0.0,0.0,0.0,7.279559,12.941437,42,74.666667,8,0.012461,0.017265,3,-0.927536,-0.286726,Cluster 3 · building-dense / limited recreation POIs
C016_027,16,27,0.5625,1223.0,130018.74679,78.456892,0.231144,2174.222222,20,35.555556,1,1.777778,4,7.111111,0,0.0,4,7.111111,1,1.777778,0,0.0,1,1.777778,9,16.0,303.558682,68.951348,291.967987,907.785822,137.611308,0.0,0.0,0.0,0.0,0.0,0.0,0.0,0.0,4.99279,8.876072,27,48.0,8,0.012461,0.013888,3,0.087555,-0.131694,Cluster 3 · building-dense / limited recreation POIs
C016_028,16,28,0.5625,727.0,61855.319979,54.48591,0.109965,1292.444444,8,14.222222,0,0.0,1,1.777778,0,0.0,2,3.555556,0,0.0,1,1.777778,0,0.0,4,7.111111,460.449935,371.80654,361.198365,1288.901461,802.536787,0.0,0.0,0.0,0.0,0.0,0.0,0.0,0.0,4.075648,7.245597,10,17.777778,8,0.012461,0.010165,5,-2.006865,-0.060384,Cluster 5 · limited retail / low building coverage
C016_029,16,29,0.5625,1137.0,184697.058726,53.087031,0.32835,2021.333333,13,23.111111,0,0.0,0,0.0,1,1.777778,1,1.777778,2,3.555556,0,0.0,0,0.0,9,16.0,1066.784403,392.094174,386.823389,1903.538509,264.260799,0.559564,0.0,0.213299,0.0,0.0,0.0,0.0,0.772862,3.93783,7.000587,22,39.111111,8,0.012461,0.00592,7,-1.53138,-1.032308,Cluster 7 · residential land use / road-dense
C016_030,16,30,0.216834,699.0,64642.562097,64.047121,0.298119,3223.656952,8,36.8945,1,4.611813,3,13.835438,0,0.0,1,4.611813,0,0.0,0,0.0,0,0.0,3,13.835438,1486.371818,164.750142,568.328609,2372.171137,255.394622,0.69488,0.0,0.0,0.0,0.0,0.0,0.0,0.69488,2.525303,11.646225,15,69.177188,5,0.007788,0.001085,7,-1.13171,-2.98179,Cluster 7 · residential land use / road-dense
C017_000,17,0,0.520677,1946.0,218798.179763,83.680189,0.420219,3737.441064,98,188.216456,2,3.841152,16,30.729217,5,9.60288,17,32.649793,1,1.920576,5,9.60288,2,3.841152,50,96.028804,170.646338,68.798562,292.691662,58.265813,344.853991,0.0,0.0,0.0,0.0,0.0,0.0,0.0,0.0,10.288885,19.760587,61,117.155141,5,0.007788,0.000409,6,2.405428,-2.824252,Cluster 6 · high building coverage / retail-rich
C017_001,17,1,0.5625,1764.0,195503.353208,90.324086,0.347562,3136.0,158,280.888889,10,17.777778,22,39.111111,9,16.0,39,69.333333,2,3.555556,8,14.222222,0,0.0,68,120.888889,58.457319,72.105721,105.41598,547.990204,332.29244,0.0,0.0,0.0,0.00912,0.007763,0.0,0.0,0.016882,13.402969,23.827501,101,179.555556,8,0.012461,0.004142,6,2.905715,-1.167523,Cluster 6 · high building coverage / retail-rich
C017_002,17,2,0.5625,1731.0,255554.647071,113.435097,0.454319,3077.333333,184,327.111111,3,5.333333,16,28.444444,15,26.666667,36,64.0,1,1.777778,11,19.555556,2,3.555556,100,177.777778,339.422055,225.376952,229.402931,346.805059,124.027338,0.0,0.0,0.0,0.0,0.0,0.0,0.0,0.0,12.621042,22.437408,77,136.888889,8,0.012461,0.007634,6,2.711133,-1.025778,Cluster 6 · high building coverage / retail-rich
C017_003,17,3,0.5625,1109.0,133046.558257,81.546087,0.236527,1971.555556,23,40.888889,0,0.0,3,5.333333,1,1.777778,4,7.111111,1,1.777778,3,5.333333,0,0.0,11,19.555556,642.699202,194.582017,516.034714,755.574795,324.570454,0.0,0.0,0.0,0.0,0.0,0.0,0.0,0.0,3.324233,5.909748,15,26.666667,8,0.012461,0.010401,3,-0.652696,-0.22883,Cluster 3 · building-dense / limited recreation POIs
C017_004,17,4,0.5625,1437.0,142928.337181,89.707015,0.254095,2554.666667,40,71.111111,0,0.0,8,14.222222,1,1.777778,9,16.0,0,0.0,1,1.777778,1,1.777778,20,35.555556,514.491071,131.407326,219.807125,131.740236,638.149433,0.0,0.0,0.0,0.000345,0.0,0.0,0.0,0.000345,8.580971,15.255059,63,112.0,8,0.012461,0.013534,3,0.517336,-0.38883,Cluster 3 · building-dense / limited recreation POIs
C017_005,17,5,0.5625,2006.0,190843.742488,80.64712,0.339278,3566.222222,122,216.888889,7,12.444444,24,42.666667,3,5.333333,16,28.444444,1,1.777778,6,10.666667,4,7.111111,61,108.444444,151.252099,168.824891,203.184009,530.796239,455.935195,0.0,0.0,0.0,0.0,0.0,0.0,0.0,0.0,5.166523,9.184929,28,49.777778,8,0.012461,0.01613,6,2.072112,-0.23142,Cluster 6 · high building coverage / retail-rich
C017_006,17,6,0.5625,1935.0,219393.940391,100.154846,0.390034,3440.0,141,250.666667,3,5.333333,15,26.666667,11,19.555556,30,53.333333,1,1.777778,9,16.0,2,3.555556,70,124.444444,469.993794,41.728648,186.95685,770.054791,158.130712,0.0,0.0,0.0,0.003036,0.0,0.0,0.0,0.003036,8.292504,14.742229,54,96.0,8,0.012461,0.018502,6,2.584893,-0.413466,Cluster 6 · high building coverage / retail-rich
C017_007,17,7,0.5625,1962.0,241909.362063,113.276776,0.430061,3488.0,143,254.222222,3,5.333333,16,28.444444,10,17.777778,36,64.0,3,5.333333,10,17.777778,0,0.0,65,115.555556,415.998215,149.195223,91.933165,69.250273,160.570946,0.030713,0.0,0.003086,0.007914,0.004521,0.0,0.0,0.046234,9.44088,16.783787,65,115.555556,8,0.012461,0.020637,6,3.051719,-0.260804,Cluster 6 · high building coverage / retail-rich
C017_008,17,8,0.5625,2181.0,235364.557364,101.299791,0.418426,3877.333333,263,467.555556,14,24.888889,25,44.444444,36,64.0,59,104.888889,2,3.555556,7,12.444444,5,8.888889,115,204.444444,214.563502,135.38941,33.709044,336.734421,268.932037,7e-06,0.0,0.0,0.0,0.0,0.0,0.0,7e-06,11.585945,20.597235,95,168.888889,8,0.012461,0.02292,6,4.020938,-0.246543,Cluster 6 · high building coverage / retail-rich
C017_009,17,9,0.5625,2050.0,235537.933612,96.249857,0.418734,3644.444444,395,702.222222,12,21.333333,31,55.111111,47,83.555556,103,183.111111,3,5.333333,6,10.666667,3,5.333333,190,337.777778,253.650472,125.698407,221.870499,376.942969,183.800609,0.0,0.0,0.0,0.0,0.0,0.0,0.0,0.0,11.77752,20.937813,75,133.333333,8,0.012461,0.024745,6,3.79067,-0.154852,Cluster 6 · high building coverage / retail-rich
C017_010,17,10,0.5625,1014.0,131980.72781,113.928329,0.234632,1802.666667,158,280.888889,14,24.888889,25,44.444444,8,14.222222,17,30.222222,1,1.777778,1,1.777778,1,1.777778,91,161.777778,116.266485,129.172615,339.343908,435.559921,465.624767,0.842728,0.0,0.0,0.0,0.014992,0.0,0.0,0.857719,12.850909,22.846061,80,142.222222,8,0.012461,0.026384,7,2.366228,0.090436,Cluster 7 · residential land use / road-dense
C017_011,17,11,0.5625,718.0,64855.496589,68.530991,0.115299,1276.444444,14,24.888889,0,0.0,0,0.0,1,1.777778,4,7.111111,0,0.0,0,0.0,1,1.777778,8,14.222222,634.62923,451.480679,225.014815,526.001492,700.753144,0.091241,0.0,0.0,0.00591,0.038343,0.0,0.0,0.135495,3.654223,6.496396,16,28.444444,8,0.012461,0.027873,3,-1.318273,0.942554,Cluster 3 · building-dense / limited recreation POIs
C017_012,17,12,0.5625,961.0,86327.394891,69.848347,0.153471,1708.444444,19,33.777778,0,0.0,2,3.555556,1,1.777778,6,10.666667,1,1.777778,1,1.777778,0,0.0,8,14.222222,543.402051,227.225945,324.161558,550.634712,366.386578,0.0,0.0,0.0,0.01133,0.0,0.0,0.0,0.01133,3.715777,6.605826,26,46.222222,8,0.012461,0.028999,3,-0.479862,0.757706,Cluster 3 · building-dense / limited recreation POIs
C017_013,17,13,0.5625,1456.0,159662.265484,72.53632,0.283844,2588.444444,85,151.111111,0,0.0,3,5.333333,3,5.333333,49,87.111111,0,0.0,1,1.777778,0,0.0,29,51.555556,764.725952,397.747062,339.594726,314.314563,384.244637,0.0,0.0,0.0,0.0,0.0,0.0,0.0,0.0,4.57282,8.129458,28,49.777778,8,0.012461,0.029877,3,0.119378,0.437631,Cluster 3 · building-dense / limited recreation POIs
C017_014,17,14,0.5625,1919.0,177371.330038,66.367017,0.315327,3411.555556,45,80.0,0,0.0,5,8.888889,0,0.0,16,28.444444,1,1.777778,0,0.0,0,0.0,23,40.888889,681.68331,186.538163,267.420198,465.353357,385.458601,0.0,0.0,0.0,0.0,0.0,0.0,0.0,0.0,10.693196,19.010126,77,136.888889,8,0.012461,0.030476,3,0.273433,0.109124,Cluster 3 · building-dense / limited recreation POIs
C017_015,17,15,0.5625,1463.0,147842.017169,67.223798,0.26283,2600.888889,110,195.555556,2,3.555556,8,14.222222,5,8.888889,29,51.555556,1,1.777778,4,7.111111,1,1.777778,60,106.666667,79.496986,43.368001,286.758576,573.81691,15.451172,0.0,0.0,0.0,0.0,0.0,0.0,0.0,0.0,7.934361,14.105531,42,74.666667,8,0.012461,0.030814,6,2.756046,0.56533,Cluster 6 · high building coverage / retail-rich
C017_016,17,16,0.5625,1269.0,109258.88506,62.973458,0.194238,2256.0,26,46.222222,0,0.0,6,10.666667,2,3.555556,1,1.777778,0,0.0,2,3.555556,0,0.0,15,26.666667,510.523816,303.696387,505.952331,723.836034,670.489234,0.0,0.0,0.0,0.0,0.0,0.0,0.0,0.0,6.230022,11.075594,32,56.888889,8,0.012461,0.030974,3,-0.595367,0.535433,Cluster 3 · building-dense / limited recreation POIs
C017_017,17,17,0.5625,466.0,88180.584733,123.698196,0.156765,828.444444,126,224.0,4,7.111111,7,12.444444,16,28.444444,19,33.777778,1,1.777778,0,0.0,4,7.111111,75,133.333333,419.371689,314.255271,188.774788,481.207812,665.988634,0.0,0.0,0.0,0.0,0.003485,0.0,0.0,0.003485,12.538521,22.290703,86,152.888889,8,0.012461,0.030775,3,1.341248,0.717934,Cluster 3 · building-dense / limited recreation POIs
C017_018,17,18,0.5625,952.0,168427.905244,159.043033,0.299427,1692.444444,98,174.222222,2,3.555556,9,16.0,14,24.888889,10,17.777778,2,3.555556,0,0.0,1,1.777778,60,106.666667,156.228508,14.383551,321.241815,577.04934,375.467521,0.0,0.0,0.0,0.0,0.0,0.0,0.0,0.0,16.515499,29.360887,111,197.333333,8,0.012461,0.03029,6,2.219261,0.231402,Cluster 6 · high building coverage / retail-rich
C017_019,17,19,0.5625,579.0,93710.718125,140.595436,0.166597,1029.333333,31,55.111111,1,1.777778,3,5.333333,2,3.555556,6,10.666667,0,0.0,1,1.777778,0,0.0,18,32.0,474.206094,228.005587,275.632136,951.892329,605.58353,0.0,0.0,0.0,0.0,0.022347,0.0,0.0,0.022347,15.946662,28.349622,73,129.777778,8,0.012461,0.02945,3,-0.066568,0.390416,Cluster 3 · building-dense / limited recreation POIs
C017_020,17,20,0.5625,426.0,79080.979254,73.77533,0.140588,757.333333,140,248.888889,9,16.0,7,12.444444,15,26.666667,28,49.777778,3,5.333333,4,7.111111,4,7.111111,70,124.444444,232.449829,116.398859,77.980399,899.274438,228.281479,0.14181,0.0,0.0,0.0,0.001591,0.0,0.0,0.143401,5.29935,9.421066,36,64.0,8,0.012461,0.028432,6,2.291516,0.907613,Cluster 6 · high building coverage / retail-rich
C017_021,17,21,0.5625,98.0,9831.301929,68.058133,0.017478,174.222222,1,1.777778,0,0.0,0,0.0,0,0.0,0,0.0,0,0.0,0,0.0,0,0.0,1,1.777778,581.105605,581.105605,454.460966,1074.225364,581.105605,0.028897,0.0,0.0,0.0,0.0,0.0,0.0,0.028897,0.419432,0.745656,0,0.0,8,0.012461,0.027138,4,-3.707587,1.993778,Cluster 4 · road-sparse / intersection-sparse
C017_022,17,22,0.5625,486.0,35015.213214,48.444947,0.062249,864.0,2,3.555556,0,0.0,0,0.0,0,0.0,0,0.0,1,1.777778,0,0.0,0,0.0,1,1.777778,1293.056489,775.538811,1071.755644,1619.946218,299.173655,0.0,0.0,0.0,0.0,0.017005,0.0,0.0,0.017005,2.919251,5.18978,7,12.444444,8,0.012461,0.025556,5,-2.91793,1.030462,Cluster 5 · limited retail / low building coverage
C017_023,17,23,0.5625,537.0,44912.371294,57.352666,0.079844,954.666667,10,17.777778,0,0.0,1,1.777778,0,0.0,1,1.777778,0,0.0,0,0.0,0,0.0,8,14.222222,1048.356921,108.511886,936.918668,1950.604717,592.100556,0.0,0.0,0.0,0.0,0.0,0.0,0.0,0.0,2.187113,3.888201,7,12.444444,8,0.012461,0.023699,5,-2.434725,0.774591,Cluster 5 · limited retail / low building coverage
C017_024,17,24,0.5625,933.0,93433.964497,83.153964,0.166105,1658.666667,13,23.111111,0,0.0,2,3.555556,0,0.0,1,1.777778,0,0.0,0,0.0,0,0.0,10,17.777778,614.382038,6.294656,720.466285,2071.549019,556.777306,0.0,0.0,0.0,0.0,0.0,0.0,0.0,0.0,4.207162,7.479399,15,26.666667,8,0.012461,0.021581,3,-1.217612,0.221831,Cluster 3 · building-dense / limited recreation POIs
C017_025,17,25,0.5625,866.0,82160.30518,74.990041,0.146063,1539.555556,28,49.777778,2,3.555556,7,12.444444,1,1.777778,2,3.555556,0,0.0,2,3.555556,2,3.555556,12,21.333333,720.052379,228.389707,266.740984,1324.200595,870.641698,0.0,0.0,0.0,0.0,0.0,0.0,0.0,0.0,4.346411,7.726954,15,26.666667,8,0.012461,0.019153,3,-0.52953,0.271274,Cluster 3 · building-dense / limited recreation POIs
C017_026,17,26,0.5625,1132.0,117800.891455,74.154193,0.209424,2012.444444,19,33.777778,1,1.777778,1,1.777778,0,0.0,3,5.333333,0,0.0,1,1.777778,0,0.0,13,23.111111,542.303241,429.425349,285.239137,583.694351,963.58245,0.0,0.0,0.0,0.0,0.0,0.0,0.0,0.0,5.729093,10.185054,29,51.555556,8,0.012461,0.016314,3,-1.093349,-0.135067,Cluster 3 · building-dense / limited recreation POIs
C017_027,17,27,0.5625,1036.0,95936.320249,64.337169,0.170553,1841.777778,28,49.777778,1,1.777778,7,12.444444,1,1.777778,7,12.444444,0,0.0,0,0.0,0,0.0,12,21.333333,399.066514,93.702837,326.894711,229.980378,756.439946,0.0,0.0,0.0,0.0,0.0,0.0,0.0,0.0,5.306603,9.43396,31,55.111111,8,0.012461,0.013191,3,-0.271505,-0.148245,Cluster 3 · building-dense / limited recreation POIs
C017_028,17,28,0.5625,607.0,43832.940593,53.83905,0.077925,1079.111111,4,7.111111,0,0.0,2,3.555556,0,0.0,0,0.0,0,0.0,0,0.0,0,0.0,2,3.555556,817.13246,438.657184,424.332522,943.442024,1157.977393,0.0,0.0,0.0,0.0,0.0,0.0,0.0,0.0,3.821192,6.79323,18,32.0,8,0.012461,0.009718,5,-2.583255,-0.031124,Cluster 5 · limited retail / low building coverage
C017_029,17,29,0.5625,483.0,37797.26807,39.566197,0.067195,858.666667,9,16.0,0,0.0,0,0.0,1,1.777778,0,0.0,0,0.0,1,1.777778,0,0.0,7,12.444444,1382.957601,758.602493,477.724197,1688.867885,766.097057,0.039091,0.0,0.0,0.0,0.0,0.0,0.0,0.039091,1.701131,3.024233,4,7.111111,8,0.012461,0.00571,5,-3.111263,0.096447,Cluster 5 · limited retail / low building coverage
C017_030,17,30,0.206502,262.0,42981.977762,62.292594,0.208143,1268.754077,2,9.685146,0,0.0,0,0.0,0,0.0,0,0.0,0,0.0,0,0.0,0,0.0,2,9.685146,1843.642755,668.628737,853.672925,2196.761363,760.822629,0.300029,0.0,0.0,0.0,0.0,0.0,0.0,0.300029,1.085735,5.25775,4,19.370291,5,0.007788,0.00104,1,-3.457892,-2.288026,Cluster 1 · market-distant / service-light
C018_000,18,0,0.530837,2004.0,247092.167221,107.9622,0.465476,3775.167721,130,244.89611,10,18.838162,17,32.024876,26,48.979222,20,37.676325,1,1.883816,3,5.651449,3,5.651449,50,94.190811,238.27134,64.398506,101.399396,642.755352,216.812942,0.0,0.0,0.0,0.00152,0.000191,0.0,0.0,0.001712,14.492566,27.301331,165,310.829678,5,0.007788,0.000304,6,2.893411,-3.205317,Cluster 6 · high building coverage / retail-rich
C018_001,18,1,0.5625,2002.0,249671.921943,100.597682,0.443861,3559.111111,404,718.222222,27,48.0,69,122.666667,71,126.222222,61,108.444444,2,3.555556,9,16.0,5,8.888889,160,284.444444,52.875038,34.305483,124.875768,576.223489,295.310285,0.0,0.0,0.0,0.01893,0.0,0.0,0.000342,0.019272,13.554245,24.096436,88,156.444444,8,0.012461,0.003814,2,4.479003,-1.218984,Cluster 2 · recreation/culture-rich / transport-POI-rich
C018_002,18,2,0.5625,1345.0,196260.937712,99.002393,0.348908,2391.111111,60,106.666667,1,1.777778,11,19.555556,6,10.666667,2,3.555556,0,0.0,4,7.111111,1,1.777778,35,62.222222,505.88683,30.78868,407.402545,574.610122,445.198135,0.0,0.0,0.0,0.0,0.094909,0.0,0.0,0.094909,8.802059,15.648104,51,90.666667,8,0.012461,0.006129,3,1.019817,-0.761012,Cluster 3 · building-dense / limited recreation POIs
C018_003,18,3,0.5625,504.0,53922.318333,65.978057,0.095862,896.0,4,7.111111,0,0.0,1,1.777778,0,0.0,0,0.0,1,1.777778,0,0.0,1,1.777778,1,1.777778,979.183122,280.933488,674.035851,1129.22862,356.396521,0.0,0.0,0.0,0.0,0.0,0.0,0.147766,0.147766,6.965296,12.382748,39,69.333333,8,0.012461,0.009294,5,-1.849362,-0.113054,Cluster 5 · limited retail / low building coverage
C018_004,18,4,0.5625,229.0,25139.499645,85.697613,0.044692,407.111111,22,39.111111,0,0.0,5,8.888889,1,1.777778,1,1.777778,0,0.0,1,1.777778,0,0.0,14,24.888889,800.011184,267.741128,353.463141,732.624821,1086.662589,0.000827,0.0,0.0,0.0,0.00337,0.0,0.046476,0.050673,6.243307,11.099213,40,71.111111,8,0.012461,0.011634,5,-1.534459,0.111245,Cluster 5 · limited retail / low building coverage
C018_005,18,5,0.5625,892.0,81570.488987,74.46731,0.145014,1585.777778,33,58.666667,0,0.0,4,7.111111,5,8.888889,3,5.333333,0,0.0,0,0.0,1,1.777778,20,35.555556,428.766675,104.633512,523.912373,227.686394,1010.336938,0.0,0.0,0.0,0.0,0.0,0.0,0.0,0.0,4.822287,8.572955,26,46.222222,8,0.012461,0.013782,3,-0.470662,0.052309,Cluster 3 · building-dense / limited recreation POIs
C018_006,18,6,0.5625,1488.0,142767.137824,81.907139,0.253808,2645.333333,31,55.111111,0,0.0,1,1.777778,1,1.777778,7,12.444444,1,1.777778,7,12.444444,0,0.0,14,24.888889,478.9452,348.679458,311.365192,150.45224,698.41373,0.0,0.0,0.0,0.043185,0.0,0.0,0.0,0.043185,6.051451,10.758135,26,46.222222,8,0.012461,0.01575,3,0.066005,-0.09711,Cluster 3 · building-dense / limited recreation POIs
C018_007,18,7,0.5625,2233.0,192889.920363,64.921689,0.342915,3969.777778,98,174.222222,4,7.111111,10,17.777778,7,12.444444,22,39.111111,1,1.777778,4,7.111111,1,1.777778,49,87.111111,326.796784,95.839751,78.91018,618.626647,53.510841,0.033302,0.0,0.006452,0.0,0.0,0.0,0.0,0.039754,8.37193,14.883431,52,92.444444,8,0.012461,0.018149,6,2.46392,-0.346944,Cluster 6 · high building coverage / retail-rich
C018_008,18,8,0.5625,1805.0,132499.187336,53.294432,0.235554,3208.888889,41,72.888889,4,7.111111,2,3.555556,5,8.888889,10,17.777778,1,1.777778,0,0.0,0,0.0,19,33.777778,350.842392,382.293951,371.883312,492.951413,417.348926,0.001598,0.0,0.0,0.0,0.0,0.0,0.0,0.001598,6.68669,11.887449,42,74.666667,8,0.012461,0.020026,3,0.227092,-0.056287,Cluster 3 · building-dense / limited recreation POIs
C018_009,18,9,0.5625,1257.0,187370.881259,128.715577,0.333104,2234.666667,281,499.555556,13,23.111111,26,46.222222,35,62.222222,53,94.222222,2,3.555556,8,14.222222,3,5.333333,141,250.666667,153.373833,139.709236,123.422349,169.346109,219.777117,0.183012,0.0,0.0,0.012469,0.002811,0.0,0.0,0.198291,11.439448,20.336797,65,115.555556,8,0.012461,0.0217,6,3.737969,-0.015814,Cluster 6 · high building coverage / retail-rich
C018_010,18,10,0.5625,805.0,112587.960202,133.113554,0.200156,1431.111111,76,135.111111,3,5.333333,10,17.777778,7,12.444444,7,12.444444,1,1.777778,1,1.777778,0,0.0,47,83.555556,284.988435,52.869769,26.273886,643.429253,170.251069,1.0,0.0,0.0,0.0,0.009653,0.0,0.0,1.0,13.26661,23.585084,48,85.333333,8,0.012461,0.023392,7,2.004307,0.027699,Cluster 7 · residential land use / road-dense
C018_011,18,11,0.5625,156.0,8765.830785,43.025392,0.015584,277.333333,6,10.666667,1,1.777778,0,0.0,0,0.0,1,1.777778,0,0.0,0,0.0,0,0.0,4,7.111111,326.451837,595.483344,537.884117,1250.327608,580.55475,0.292596,0.0,0.0,0.0,0.00317,0.0,0.0,0.295766,4.325416,7.689628,19,33.777778,8,0.012461,0.024732,5,-2.255611,0.991522,Cluster 5 · limited retail / low building coverage
C018_012,18,12,0.5625,25.0,2771.695104,33.244879,0.004927,44.444444,3,5.333333,0,0.0,1,1.777778,0,0.0,1,1.777778,0,0.0,0,0.0,0,0.0,1,1.777778,468.665441,328.36961,869.827276,1082.765084,848.419295,0.0,0.0,0.0,0.0,0.0,0.0,0.0,0.0,0.0,0.0,0,0.0,8,0.012461,0.025728,4,-3.702083,2.289336,Cluster 4 · road-sparse / intersection-sparse
C018_013,18,13,0.5625,1188.0,121649.835226,71.236458,0.216266,2112.0,86,152.888889,0,0.0,8,14.222222,2,3.555556,36,64.0,3,5.333333,1,1.777778,0,0.0,36,64.0,1207.362327,83.33697,229.003754,874.694107,254.58234,0.0,0.0,0.0,0.0,0.0,0.0,0.0,0.0,2.971207,5.282145,16,28.444444,8,0.012461,0.02655,3,0.36498,0.540802,Cluster 3 · building-dense / limited recreation POIs
C018_014,18,14,0.5625,611.0,78313.399942,77.102116,0.139224,1086.222222,58,103.111111,1,1.777778,1,1.777778,3,5.333333,27,48.0,1,1.777778,1,1.777778,0,0.0,24,42.666667,615.523669,365.232563,251.482448,300.234462,263.878686,0.180744,0.0,0.0,0.0,0.0,0.0,0.0,0.180744,3.72547,6.623058,20,35.555556,8,0.012461,0.027133,3,0.06542,0.809374,Cluster 3 · building-dense / limited recreation POIs
C018_015,18,15,0.5625,220.0,29236.028458,41.537005,0.051975,391.111111,21,37.333333,1,1.777778,1,1.777778,1,1.777778,4,7.111111,0,0.0,1,1.777778,0,0.0,13,23.111111,304.700235,444.966741,335.127443,178.099707,753.988737,0.370867,0.0,0.0,0.0,0.0386,0.0,0.018645,0.428112,6.854755,12.186232,32,56.888889,8,0.012461,0.02762,3,-0.62349,1.029015,Cluster 3 · building-dense / limited recreation POIs
C018_016,18,16,0.5625,71.0,10133.520468,35.561046,0.018015,126.222222,3,5.333333,1,1.777778,0,0.0,0,0.0,0,0.0,0,0.0,0,0.0,0,0.0,2,3.555556,416.536455,963.823166,869.125498,772.913127,1052.876767,0.0,0.0,0.0,0.0,0.032477,0.0,0.026697,0.059173,10.055712,17.876821,44,78.222222,8,0.012461,0.027717,5,-2.508946,1.166206,Cluster 5 · limited retail / low building coverage
C018_017,18,17,0.5625,148.0,23082.261669,68.933659,0.041035,263.111111,6,10.666667,0,0.0,0,0.0,1,1.777778,1,1.777778,0,0.0,0,0.0,0,0.0,4,7.111111,929.460244,438.271061,651.420754,1167.391419,1324.260995,0.0,0.0,0.0,0.0,0.0,0.0,0.0,0.0,8.217784,14.609394,41,72.888889,8,0.012461,0.027553,5,-2.376563,0.888233,Cluster 5 · limited retail / low building coverage
C018_018,18,18,0.5625,598.0,117450.251431,194.024241,0.2088,1063.111111,21,37.333333,0,0.0,4,7.111111,1,1.777778,2,3.555556,0,0.0,1,1.777778,0,0.0,13,23.111111,666.443293,181.100888,365.67078,1207.515831,1123.468745,0.0,0.0,0.0,0.0,0.0,0.0,0.0,0.0,14.43716,25.666062,79,140.444444,8,0.012461,0.027155,3,-0.676538,0.143171,Cluster 3 · building-dense / limited recreation POIs
C018_019,18,19,0.5625,356.0,95577.252766,138.196685,0.169915,632.888889,30,53.333333,0,0.0,5,8.888889,1,1.777778,2,3.555556,0,0.0,0,0.0,0,0.0,22,39.111111,905.984683,210.334494,148.449626,905.331055,1227.333742,0.0,0.0,0.0,0.0,0.0,0.0,0.0,0.0,13.703629,24.362008,58,103.111111,8,0.012461,0.026519,3,-0.845553,0.329279,Cluster 3 · building-dense / limited recreation POIs
C018_020,18,20,0.5625,368.0,41286.93906,77.432704,0.073399,654.222222,20,35.555556,0,0.0,3,5.333333,2,3.555556,4,7.111111,0,0.0,1,1.777778,1,1.777778,9,16.0,914.289776,293.496225,656.681074,199.724651,770.464503,0.0,0.0,0.0,0.010593,0.0,0.0,0.0,0.010593,6.557905,11.658497,35,62.222222,8,0.012461,0.025515,3,-0.729689,0.799957,Cluster 3 · building-dense / limited recreation POIs
C018_021,18,21,0.5625,759.0,63392.415783,66.771727,0.112698,1349.333333,8,14.222222,0,0.0,2,3.555556,2,3.555556,0,0.0,1,1.777778,0,0.0,0,0.0,3,5.333333,1057.141173,441.350453,830.429564,620.609018,115.161687,0.0,0.0,0.0,0.0,0.0,0.0,0.0,0.0,2.519972,4.479951,4,7.111111,8,0.012461,0.024415,5,-1.72221,0.964077,Cluster 5 · limited retail / low building coverage
C018_022,18,22,0.5625,361.0,31516.887376,64.280107,0.05603,641.777778,0,0.0,0,0.0,0,0.0,0,0.0,0,0.0,0,0.0,0,0.0,0,0.0,0,0.0,1490.993037,530.467992,1211.588234,1362.138455,450.875181,0.0,0.0,0.0,0.0,0.0,0.0,0.0,0.0,2.1376,3.800178,5,8.888889,8,0.012461,0.023055,5,-3.502301,0.991552,Cluster 5 · limited retail / low building coverage
C018_023,18,23,0.5625,182.0,16386.287506,49.947263,0.029131,323.555556,3,5.333333,0,0.0,0,0.0,0,0.0,0,0.0,0,0.0,0,0.0,0,0.0,3,5.333333,1050.912338,645.651243,974.218767,2109.665089,878.677989,0.0,0.0,0.0,0.0,0.0,0.0,0.0,0.0,2.396324,4.260132,6,10.666667,8,0.012461,0.021471,5,-3.537511,0.988578,Cluster 5 · limited retail / low building coverage
C018_024,18,24,0.5625,463.0,55402.156299,66.530796,0.098493,823.111111,4,7.111111,1,1.777778,1,1.777778,0,0.0,0,0.0,0,0.0,0,0.0,0,0.0,2,3.555556,347.025767,365.182174,431.519481,2155.256647,1303.75727,0.0,0.0,0.0,0.0,0.0,0.0,0.0,0.0,2.555697,4.543462,6,10.666667,8,0.012461,0.019572,5,-2.567073,0.609854,Cluster 5 · limited retail / low building coverage
C018_025,18,25,0.5625,577.0,42725.602595,57.979283,0.075957,1025.777778,2,3.555556,0,0.0,0,0.0,0,0.0,1,1.777778,0,0.0,0,0.0,0,0.0,1,1.777778,511.309128,439.181354,740.483571,1451.662183,1465.537109,0.0,0.0,0.0,0.0,0.0,0.0,0.0,0.0,2.774505,4.932453,8,14.222222,8,0.012461,0.017463,5,-2.97298,0.468938,Cluster 5 · limited retail / low building coverage
C018_026,18,26,0.5625,669.0,77319.346078,73.102936,0.137457,1189.333333,3,5.333333,0,0.0,0,0.0,1,1.777778,0,0.0,0,0.0,0,0.0,0,0.0,2,3.555556,1129.350914,633.790803,412.766715,833.375648,1614.545031,0.0,0.0,0.0,0.0,0.0,0.0,0.0,0.0,3.302188,5.870556,12,21.333333,8,0.012461,0.015107,5,-2.776468,0.210519,Cluster 5 · limited retail / low building coverage
C018_027,18,27,0.5625,866.0,84507.971798,60.663884,0.150236,1539.555556,15,26.666667,0,0.0,2,3.555556,1,1.777778,1,1.777778,0,0.0,0,0.0,0,0.0,11,19.555556,1067.986313,210.871308,25.032295,637.735721,1500.155295,0.0,0.0,0.0,0.0,0.0,0.0,0.0,0.0,4.73632,8.420124,27,48.0,8,0.012461,0.012268,3,-1.214873,-0.162326,Cluster 3 · building-dense / limited recreation POIs
C018_028,18,28,0.5625,344.0,24370.998437,47.806438,0.043326,611.555556,5,8.888889,0,0.0,1,1.777778,0,0.0,2,3.555556,0,0.0,0,0.0,0,0.0,2,3.555556,1459.710945,391.566375,759.275646,1115.30208,1737.577671,0.0,0.0,0.0,0.0,0.0,0.0,0.0,0.0,2.714408,4.825614,7,12.444444,8,0.012461,0.009113,5,-3.085193,0.195589,Cluster 5 · limited retail / low building coverage
C018_029,18,29,0.5625,559.0,32808.880524,48.751957,0.058327,993.777778,0,0.0,0,0.0,0,0.0,0,0.0,0,0.0,0,0.0,0,0.0,0,0.0,0,0.0,1869.027299,991.127827,1188.708315,1790.55595,1492.975429,0.0,0.0,0.0,0.0,0.0,0.0,0.0,0.0,0.029428,0.052316,0,0.0,8,0.012461,0.005415,4,-4.822677,0.578024,Cluster 4 · road-sparse / intersection-sparse
C018_030,18,30,0.196169,3.0,882.833087,154.054613,0.0045,15.292927,0,0.0,0,0.0,0,0.0,0,0.0,0,0.0,0,0.0,0,0.0,0,0.0,0,0.0,2226.239405,1411.411021,1379.613441,2269.233344,1489.150977,0.014653,0.0,0.0,0.0,0.0,0.0,0.0,0.014653,0.075462,0.384679,0,0.0,5,0.007788,0.000971,4,-5.780249,-0.439288,Cluster 4 · road-sparse / intersection-sparse
C019_000,19,0,0.443167,1753.0,190197.729519,87.310884,0.429178,3955.617845,152,342.985689,6,13.538909,19,42.873211,11,24.821333,30,67.694544,2,4.51297,3,6.769454,4,9.025939,77,173.749329,351.452667,293.156363,187.78893,238.804362,397.167143,0.0,0.0,0.0,0.0,0.0,0.0,0.0,0.0,9.913777,22.370287,72,162.466905,4,0.006231,8.5e-05,6,2.458163,-3.511393,Cluster 6 · high building coverage / retail-rich
C019_001,19,1,0.5625,2217.0,216124.5661,84.0448,0.384221,3941.333333,128,227.555556,5,8.888889,11,19.555556,10,17.777778,39,69.333333,1,1.777778,3,5.333333,1,1.777778,58,103.111111,286.641637,133.552901,78.040888,356.427912,478.094427,0.0,0.0,0.0,0.0,0.000294,0.0,0.0,0.000294,11.692332,20.786368,88,156.444444,7,0.010903,0.001589,6,2.169656,-1.872505,Cluster 6 · high building coverage / retail-rich
C019_002,19,2,0.5625,1499.0,185365.6741,91.674357,0.329539,2664.888889,45,80.0,4,7.111111,5,8.888889,4,7.111111,1,1.777778,1,1.777778,1,1.777778,0,0.0,29,51.555556,54.637169,148.359248,357.255268,1042.627096,174.985522,0.0,0.0,0.0,0.0,0.0,0.0,0.0,0.0,10.690558,19.005436,62,110.222222,8,0.012461,0.005063,3,0.949751,-0.967108,Cluster 3 · building-dense / limited recreation POIs
C019_003,19,3,0.5625,143.0,18380.614517,50.922424,0.032677,254.222222,0,0.0,0,0.0,0,0.0,0,0.0,0,0.0,0,0.0,0,0.0,0,0.0,0,0.0,750.477547,607.152577,825.710221,1029.006,677.799389,0.0,0.0,0.0,0.0,0.0,0.0,0.364345,0.364345,2.958504,5.259562,4,7.111111,8,0.012461,0.006995,5,-3.643055,0.440524,Cluster 5 · limited retail / low building coverage
C019_004,19,4,0.5625,54.0,4862.999586,59.59209,0.008645,96.0,7,12.444444,0,0.0,3,5.333333,1,1.777778,2,3.555556,0,0.0,0,0.0,0,0.0,1,1.777778,1253.009952,315.700629,542.208254,921.351187,1237.992194,0.0,0.0,0.0,0.0,0.0,0.0,0.104644,0.104644,7.167316,12.741896,36,64.0,8,0.012461,0.008761,5,-2.373075,0.267356,Cluster 5 · limited retail / low building coverage
C019_005,19,5,0.5625,198.0,17402.441719,42.471561,0.030938,352.0,9,16.0,0,0.0,1,1.777778,1,1.777778,1,1.777778,0,0.0,0,0.0,0,0.0,6,10.666667,1175.007043,321.618842,674.845514,973.107157,1406.757016,0.0,0.0,0.0,0.012376,0.0,0.0,0.0,0.012376,9.636226,17.131068,48,85.333333,8,0.012461,0.010315,5,-2.285526,-0.028367,Cluster 5 · limited retail / low building coverage
C019_006,19,6,0.5625,992.0,75916.126081,62.438382,0.134962,1763.555556,13,23.111111,0,0.0,4,7.111111,1,1.777778,1,1.777778,0,0.0,2,3.555556,0,0.0,5,8.888889,1004.070819,137.154938,184.896114,696.696612,867.041891,0.0,0.0,0.0,0.0,0.0,0.0,0.0,0.0,4.031554,7.167207,19,33.777778,8,0.012461,0.012956,3,-1.139169,-0.078695,Cluster 3 · building-dense / limited recreation POIs
C019_007,19,7,0.5625,1403.0,114460.813427,60.177698,0.203486,2494.222222,20,35.555556,0,0.0,2,3.555556,1,1.777778,2,3.555556,0,0.0,0,0.0,0,0.0,15,26.666667,677.086066,409.875666,198.287091,919.483127,406.394556,0.0,0.0,0.0,0.0,0.0,0.0,0.0,0.0,6.80543,12.098543,40,71.111111,8,0.012461,0.014794,3,-1.079241,-0.30275,Cluster 3 · building-dense / limited recreation POIs
C019_008,19,8,0.5625,1091.0,95223.789845,58.295562,0.169287,1939.555556,26,46.222222,2,3.555556,2,3.555556,0,0.0,2,3.555556,2,3.555556,0,0.0,0,0.0,18,32.0,140.200952,110.403497,814.220818,1223.769636,173.433128,0.010284,0.0,0.0,0.0,0.0,0.0,0.0,0.010284,7.731706,13.745256,45,80.0,8,0.012461,0.016438,3,-0.221252,-0.079602,Cluster 3 · building-dense / limited recreation POIs
C019_009,19,9,0.5625,892.0,65698.284221,54.413041,0.116797,1585.777778,17,30.222222,0,0.0,3,5.333333,1,1.777778,4,7.111111,0,0.0,1,1.777778,0,0.0,8,14.222222,665.971337,136.279854,96.139002,879.321215,443.952249,0.300355,0.0,0.0,0.0,0.0,0.0,0.0,0.300355,3.387307,6.02188,11,19.555556,8,0.012461,0.018287,3,-0.813025,0.270567,Cluster 3 · building-dense / limited recreation POIs
C019_010,19,10,0.5625,187.0,22129.165945,69.859346,0.039341,332.444444,9,16.0,1,1.777778,0,0.0,2,3.555556,2,3.555556,0,0.0,0,0.0,0,0.0,4,7.111111,367.124546,627.813042,135.679823,1076.349803,783.146447,1.0,0.0,0.0,0.0,0.0,0.0,0.0,1.0,14.409163,25.61629,80,142.222222,8,0.012461,0.019669,7,-1.151438,0.196768,Cluster 7 · residential land use / road-dense
C019_011,19,11,0.5625,33.0,2767.197912,53.089738,0.004919,58.666667,1,1.777778,0,0.0,0,0.0,0,0.0,0,0.0,0,0.0,0,0.0,0,0.0,1,1.777778,688.942188,943.303583,504.74546,1633.662143,959.883716,1.0,0.0,0.0,0.0,0.0,0.0,0.0,1.0,12.638138,22.467802,62,110.222222,8,0.012461,0.020852,7,-2.83533,0.664997,Cluster 7 · residential land use / road-dense
C019_012,19,12,0.5625,4.0,314.318939,37.225893,0.000559,7.111111,1,1.777778,0,0.0,0,0.0,0,0.0,0,0.0,0,0.0,0,0.0,0,0.0,1,1.777778,766.627571,991.005684,902.764594,1734.794162,1258.319901,0.34015,0.0,0.0,0.0,0.0,0.0,0.0,0.34015,0.94794,1.685227,3,5.333333,8,0.012461,0.021918,4,-4.283702,1.964837,Cluster 4 · road-sparse / intersection-sparse
C019_013,19,13,0.5625,46.0,4920.875308,90.107252,0.008748,81.777778,6,10.666667,0,0.0,0,0.0,0,0.0,4,7.111111,0,0.0,0,0.0,0,0.0,2,3.555556,1351.21957,561.207382,254.206047,998.605182,700.446615,0.032186,0.0,0.0,0.0,0.0,0.0,0.0,0.032186,0.75235,1.337511,0,0.0,8,0.012461,0.022577,4,-3.445473,1.810095,Cluster 4 · road-sparse / intersection-sparse
C019_014,19,14,0.5625,113.0,26257.761327,72.919927,0.04668,200.888889,15,26.666667,0,0.0,0,0.0,4,7.111111,1,1.777778,0,0.0,0,0.0,1,1.777778,9,16.0,759.882805,387.989091,394.040454,331.532555,715.118235,0.453548,0.0,0.0,0.0,0.002437,0.0,0.0,0.455985,3.444894,6.124257,21,37.333333,8,0.012461,0.023378,7,-1.595354,1.084495,Cluster 7 · residential land use / road-dense
C019_015,19,15,0.5625,148.0,20475.790544,47.301491,0.036401,263.111111,29,51.555556,1,1.777778,9,16.0,4,7.111111,1,1.777778,0,0.0,0,0.0,2,3.555556,12,21.333333,200.465042,282.375392,502.479748,374.81911,1268.487018,0.895335,0.0,0.0,0.065388,0.063268,0.0,0.0,1.0,13.00948,23.127965,117,208.0,8,0.012461,0.023741,7,0.058187,0.708797,Cluster 7 · residential land use / road-dense
C019_016,19,16,0.5625,85.0,5036.37644,48.49679,0.008954,151.111111,1,1.777778,0,0.0,0,0.0,0,0.0,0,0.0,0,0.0,0,0.0,0,0.0,1,1.777778,733.30938,761.171383,1214.373878,764.522476,1673.860736,0.014356,0.0,0.0,0.0,0.0,0.0,0.0,0.014356,10.518532,18.699612,46,81.777778,8,0.012461,0.023868,5,-3.041818,0.855497,Cluster 5 · limited retail / low building coverage
C019_017,19,17,0.5625,97.0,9877.489837,56.52696,0.01756,172.444444,2,3.555556,0,0.0,0,0.0,0,0.0,0,0.0,0,0.0,0,0.0,0,0.0,2,3.555556,1469.795585,1002.853966,714.463841,1467.48079,1999.968336,0.0,0.0,0.0,0.0,0.0,0.0,0.0,0.0,12.92613,22.979787,58,103.111111,8,0.012461,0.023776,5,-3.161927,0.67327,Cluster 5 · limited retail / low building coverage
C019_018,19,18,0.5625,218.0,24651.036911,61.769725,0.043824,387.555556,5,8.888889,0,0.0,0,0.0,1,1.777778,1,1.777778,0,0.0,0,0.0,0,0.0,3,5.333333,1410.278689,728.88499,468.854669,1411.44211,1873.069188,0.0,0.0,0.0,0.0,0.0,0.0,0.0,0.0,13.17869,23.428782,59,104.888889,8,0.012461,0.023464,5,-2.485458,0.449296,Cluster 5 · limited retail / low building coverage
C019_019,19,19,0.5625,182.0,29408.720829,112.627736,0.052282,323.555556,7,12.444444,0,0.0,1,1.777778,1,1.777778,0,0.0,0,0.0,0,0.0,1,1.777778,4,7.111111,866.751233,184.76715,480.820315,711.68127,1640.015679,0.0,0.0,0.0,0.0,0.0,0.0,0.0,0.0,11.595962,20.615044,57,101.333333,8,0.012461,0.02294,5,-1.707477,0.590567,Cluster 5 · limited retail / low building coverage
C019_020,19,20,0.5625,224.0,46448.98057,63.873081,0.082576,398.222222,55,97.777778,3,5.333333,3,5.333333,6,10.666667,11,19.555556,0,0.0,0,0.0,3,5.333333,29,51.555556,320.169352,320.169352,239.33315,237.048995,992.117982,0.0,0.0,0.0,0.0,0.009823,0.0,0.0,0.009823,13.261477,23.57596,59,104.888889,8,0.012461,0.022205,3,0.379967,0.594176,Cluster 3 · building-dense / limited recreation POIs
C019_021,19,21,0.5625,654.0,48245.617908,53.389145,0.08577,1162.666667,4,7.111111,0,0.0,0,0.0,0,0.0,1,1.777778,0,0.0,0,0.0,0,0.0,3,5.333333,441.779369,545.040971,151.030905,559.467675,635.566482,0.0,0.0,0.0,0.0,0.0,0.0,0.0,0.0,3.807043,6.768077,6,10.666667,8,0.012461,0.021055,5,-2.134559,0.68338,Cluster 5 · limited retail / low building coverage
C019_022,19,22,0.5625,236.0,16050.808926,55.093075,0.028535,419.555556,0,0.0,0,0.0,0,0.0,0,0.0,0,0.0,0,0.0,0,0.0,0,0.0,0,0.0,1040.945643,619.415635,859.686563,1301.850964,973.956578,0.0,0.0,0.0,0.0,0.0,0.0,0.0,0.0,1.939289,3.447625,2,3.555556,8,0.012461,0.020005,5,-3.786402,1.061826,Cluster 5 · limited retail / low building coverage
C019_023,19,23,0.5625,210.0,16920.361059,64.561621,0.030081,373.333333,0,0.0,0,0.0,0,0.0,0,0.0,0,0.0,0,0.0,0,0.0,0,0.0,0,0.0,1404.413877,844.452568,946.638453,2049.787254,1418.047447,0.0,0.0,0.0,0.0,0.0,0.0,0.0,0.0,0.023102,0.04107,0,0.0,8,0.012461,0.018619,4,-4.686103,1.441216,Cluster 4 · road-sparse / intersection-sparse
C019_024,19,24,0.5625,375.0,39814.546784,59.674814,0.070781,666.666667,9,16.0,0,0.0,2,3.555556,1,1.777778,1,1.777778,0,0.0,0,0.0,0,0.0,5,8.888889,994.177287,219.401586,365.008516,2474.661005,1924.745474,0.0,0.0,0.0,0.0,0.0,0.0,0.0,0.0,2.89297,5.143057,12,21.333333,8,0.012461,0.017085,5,-2.478598,0.403822,Cluster 5 · limited retail / low building coverage
C019_025,19,25,0.5625,442.0,36452.090023,59.447219,0.064804,785.777778,2,3.555556,0,0.0,0,0.0,0,0.0,0,0.0,0,0.0,0,0.0,0,0.0,2,3.555556,1062.731678,652.140122,694.234415,1893.710371,2159.30106,0.0,0.0,0.0,0.0,0.0,0.0,0.0,0.0,3.27702,5.825814,9,16.0,8,0.012461,0.01533,5,-3.484754,0.356003,Cluster 5 · limited retail / low building coverage
C019_026,19,26,0.5625,648.0,51771.574293,60.730201,0.092038,1152.0,3,5.333333,0,0.0,0,0.0,0,0.0,1,1.777778,0,0.0,0,0.0,0,0.0,2,3.555556,1547.710813,1244.719743,402.013908,1474.222116,2325.945007,0.0,0.0,0.0,0.0,0.0,0.0,0.0,0.0,2.23396,3.971485,5,8.888889,8,0.012461,0.013346,5,-3.477147,0.275958,Cluster 5 · limited retail / low building coverage
C019_027,19,27,0.5625,339.0,45860.613905,63.74933,0.08153,602.666667,6,10.666667,0,0.0,0,0.0,1,1.777778,0,0.0,0,0.0,0,0.0,1,1.777778,4,7.111111,1801.925483,956.563442,696.67266,1373.143374,2248.050362,0.0,0.0,0.0,0.0,0.0,0.0,0.0,0.0,2.903077,5.161025,9,16.0,8,0.012461,0.011146,5,-3.22874,0.277772,Cluster 5 · limited retail / low building coverage
C019_028,19,28,0.5625,275.0,21815.381217,46.620825,0.038783,488.888889,4,7.111111,0,0.0,0,0.0,0,0.0,0,0.0,0,0.0,0,0.0,0,0.0,4,7.111111,2058.42093,1113.206327,1050.672721,1650.065031,2412.973411,0.0,0.0,0.0,0.0,0.0,0.0,0.0,0.0,2.053347,3.650394,5,8.888889,8,0.012461,0.008331,5,-4.088515,0.279362,Cluster 5 · limited retail / low building coverage
C019_029,19,29,0.5625,95.0,5546.093673,46.618683,0.00986,168.888889,0,0.0,0,0.0,0,0.0,0,0.0,0,0.0,0,0.0,0,0.0,0,0.0,0,0.0,2489.769941,1438.137153,1674.749551,2164.46448,2235.183788,0.0,0.0,0.0,0.0,0.0,0.0,0.0,0.0,0.566332,1.006812,2,3.555556,8,0.012461,0.005006,4,-5.066084,0.637951,Cluster 4 · road-sparse / intersection-sparse
C019_030,19,30,0.185836,114.0,4927.975976,37.601836,0.026518,613.442708,0,0.0,0,0.0,0,0.0,0,0.0,0,0.0,0,0.0,0,0.0,0,0.0,0,0.0,2763.758323,1798.035439,2050.122907,2568.691176,2231.901677,0.172186,0.0,0.0,0.0,0.0,0.0,0.0,0.172186,0.0,0.0,0,0.0,5,0.007788,0.000868,1,-5.664942,-1.184412,Cluster 1 · market-distant / service-light
C020_001,20,1,0.105335,274.0,25736.308147,82.221282,0.244328,2601.224999,8,75.948175,0,0.0,1,9.493522,1,9.493522,0,0.0,0,0.0,2,18.987044,0,0.0,4,37.974088,452.845252,65.148623,398.878553,551.251863,456.783919,0.0,0.0,0.0,0.0,5e-05,0.0,0.0,5e-05,1.210049,11.487631,9,85.441697,4,0.006231,0.000368,3,-0.335839,-3.200921,Cluster 3 · building-dense / limited recreation POIs
C020_002,20,2,0.315184,1146.0,100322.253686,64.437077,0.318297,3635.966858,20,63.454919,1,3.172746,2,6.345492,1,3.172746,1,3.172746,1,3.172746,2,6.345492,0,0.0,12,38.072951,621.9655,329.006269,227.978576,1301.402616,306.723168,0.0,0.0,0.0,0.0,0.002148,0.0,0.0,0.002148,4.818166,15.286817,30,95.182378,5,0.007788,0.001438,3,-0.10038,-2.828506,Cluster 3 · building-dense / limited recreation POIs
C020_003,20,3,0.514191,401.0,46103.738283,65.610093,0.089663,779.865632,11,21.392823,1,1.944802,3,5.834406,0,0.0,0,0.0,0,0.0,0,0.0,1,1.944802,6,11.668812,272.629173,200.004995,713.088399,662.84395,389.145869,0.0,0.0,0.0,0.0,0.000799,0.0,0.0,0.000799,4.051329,7.879033,12,23.337625,6,0.009346,0.00286,5,-1.693968,-1.251419,Cluster 5 · limited retail / low building coverage
C020_004,20,4,0.5625,94.0,6727.594836,44.39369,0.01196,167.111111,6,10.666667,0,0.0,0,0.0,2,3.555556,0,0.0,0,0.0,0,0.0,1,1.777778,3,5.333333,827.20468,936.813433,1260.175936,274.008503,1229.63132,0.0,0.0,0.0,0.0,0.0,0.0,0.0,0.0,1.87521,3.333707,3,5.333333,7,0.010903,0.003805,5,-3.271292,0.08926,Cluster 5 · limited retail / low building coverage
C020_005,20,5,0.5625,27.0,2203.049223,31.591076,0.003917,48.0,3,5.333333,0,0.0,0,0.0,0,0.0,1,1.777778,0,0.0,0,0.0,1,1.777778,1,1.777778,1563.561499,869.895939,882.750356,995.045387,1115.473613,0.0,0.0,0.0,0.008472,0.0,0.0,0.0,0.008472,4.974456,8.843477,25,44.444444,8,0.012461,0.007309,5,-3.301947,0.533608,Cluster 5 · limited retail / low building coverage
C020_006,20,6,0.5625,717.0,45882.576249,46.63587,0.081569,1274.666667,4,7.111111,0,0.0,0,0.0,1,1.777778,1,1.777778,1,1.777778,0,0.0,0,0.0,1,1.777778,955.3156,593.634094,598.346301,1439.839041,377.430719,0.0,0.0,0.0,0.0,0.000263,0.0,0.0,0.000263,2.782177,4.946092,11,19.555556,8,0.012461,0.008995,5,-2.470002,0.069119,Cluster 5 · limited retail / low building coverage
C020_007,20,7,0.5625,878.0,79444.623181,60.446247,0.141235,1560.888889,18,32.0,1,1.777778,2,3.555556,1,1.777778,0,0.0,1,1.777778,0,0.0,1,1.777778,12,21.333333,626.014652,435.693446,859.600475,1559.871634,344.298536,0.0,0.0,0.0,0.0,0.0,0.0,0.0,0.0,4.865134,8.649128,19,33.777778,8,0.012461,0.010647,5,-1.427588,-0.089733,Cluster 5 · limited retail / low building coverage
C020_008,20,8,0.5625,445.0,35651.271245,52.591444,0.06338,791.111111,4,7.111111,0,0.0,0,0.0,0,0.0,1,1.777778,0,0.0,0,0.0,0,0.0,3,5.333333,867.307323,641.829984,1055.347397,1839.133055,661.743528,0.0,0.0,0.0,0.0,0.0,0.0,0.0,0.0,1.519433,2.701214,4,7.111111,8,0.012461,0.012641,5,-3.366247,0.469338,Cluster 5 · limited retail / low building coverage
C020_009,20,9,0.5625,792.0,55448.187147,43.03828,0.098575,1408.0,7,12.444444,0,0.0,1,1.777778,0,0.0,0,0.0,0,0.0,1,1.777778,0,0.0,5,8.888889,1199.346805,104.727937,678.266391,1625.648638,763.835103,0.001115,0.0,0.0,0.0,0.0,0.0,0.0,0.001115,3.723582,6.619701,10,17.777778,8,0.012461,0.014037,5,-2.288945,0.093629,Cluster 5 · limited retail / low building coverage
C020_010,20,10,0.5625,178.0,13608.551276,33.233589,0.024193,316.444444,5,8.888889,0,0.0,0,0.0,1,1.777778,0,0.0,0,0.0,0,0.0,1,1.777778,3,5.333333,1110.724311,838.996655,732.392646,1740.1312,1337.218272,0.224826,0.0,0.0,0.0,0.02835,0.0,0.0,0.253176,5.859347,10.416616,45,80.0,8,0.012461,0.015282,5,-2.755774,0.40792,Cluster 5 · limited retail / low building coverage
C020_011,20,11,0.5625,33.0,5424.774397,86.768283,0.009644,58.666667,2,3.555556,0,0.0,0,0.0,0,0.0,0,0.0,0,0.0,0,0.0,0,0.0,2,3.555556,1292.944648,786.11681,881.230924,2130.347317,1621.946263,0.535786,0.0,0.0,0.0,0.02188,0.0,0.0,0.557666,4.112877,7.311781,33,58.666667,8,0.012461,0.016352,5,-3.587032,0.760962,Cluster 5 · limited retail / low building coverage
C020_012,20,12,0.5625,7.0,212.434053,21.329094,0.000378,12.444444,0,0.0,0,0.0,0,0.0,0,0.0,0,0.0,0,0.0,0,0.0,0,0.0,0,0.0,1442.493802,1174.907511,1307.40322,1935.438132,1748.598907,0.257988,0.0,0.0,0.0,0.0,0.0,0.0,0.257988,2.025155,3.600276,3,5.333333,8,0.012461,0.017234,4,-4.624131,1.514006,Cluster 4 · road-sparse / intersection-sparse
C020_013,20,13,0.5625,5.0,1529.006581,195.578575,0.002718,8.888889,2,3.555556,0,0.0,0,0.0,0,0.0,0,0.0,0,0.0,0,0.0,0,0.0,2,3.555556,1810.020464,673.806311,979.254809,1317.970801,1397.62898,0.950789,0.0,0.0,0.0,0.004221,0.0,0.0,0.95501,9.393859,16.700193,47,83.555556,8,0.012461,0.018489,7,-3.405247,0.972297,Cluster 7 · residential land use / road-dense
C020_014,20,14,0.5625,130.0,11323.011473,43.348667,0.02013,231.111111,4,7.111111,0,0.0,1,1.777778,0,0.0,0,0.0,0,0.0,0,0.0,0,0.0,3,5.333333,1234.394788,385.0058,594.357474,923.673807,1405.039287,0.647144,0.0,0.0,0.0,0.006874,0.0,0.0,0.654018,8.620987,15.3262,51,90.666667,8,0.012461,0.018879,7,-2.488301,0.405487,Cluster 7 · residential land use / road-dense
C020_015,20,15,0.5625,169.0,28276.207467,59.11797,0.050269,300.444444,8,14.222222,0,0.0,0,0.0,2,3.555556,1,1.777778,0,0.0,0,0.0,0,0.0,5,8.888889,946.724303,472.612203,671.177193,1046.087745,1766.325006,0.726224,0.0,1.6e-05,0.026876,0.0,0.0,0.0,0.753116,6.933813,12.326779,27,48.0,8,0.012461,0.019261,7,-2.312799,0.427958,Cluster 7 · residential land use / road-dense
C020_016,20,16,0.5625,235.0,20073.401378,46.395322,0.035686,417.777778,3,5.333333,0,0.0,0,0.0,0,0.0,1,1.777778,0,0.0,0,0.0,0,0.0,2,3.555556,1180.611418,850.298952,1292.664585,1302.533889,2321.782216,0.133055,0.0,0.104611,0.0,0.0,0.0,0.0,0.237666,7.303419,12.983856,22,39.111111,8,0.012461,0.019441,5,-3.246788,0.310601,Cluster 5 · limited retail / low building coverage
C020_017,20,17,0.5625,20.0,1407.728533,36.850618,0.002503,35.555556,0,0.0,0,0.0,0,0.0,0,0.0,0,0.0,0,0.0,0,0.0,0,0.0,0,0.0,1736.778551,964.181452,1312.085424,1807.09706,2699.09624,0.0,0.0,0.0,0.0,0.0,0.0,0.0,0.0,11.367578,20.209027,33,58.666667,8,0.012461,0.019422,5,-3.942843,0.867383,Cluster 5 · limited retail / low building coverage
C020_018,20,18,0.5625,93.0,10583.20117,54.147435,0.018815,165.333333,2,3.555556,0,0.0,1,1.777778,0,0.0,1,1.777778,0,0.0,0,0.0,0,0.0,0,0.0,1394.569208,308.741472,1196.216653,1420.782807,2622.898081,0.0,0.0,0.0,0.0,0.0,0.0,0.0,0.0,10.557442,18.768785,29,51.555556,8,0.012461,0.019202,5,-2.975015,0.536004,Cluster 5 · limited retail / low building coverage
C020_019,20,19,0.5625,96.0,12747.154309,110.273686,0.022662,170.666667,0,0.0,0,0.0,0,0.0,0,0.0,0,0.0,0,0.0,0,0.0,0,0.0,0,0.0,655.249128,621.286343,800.250444,730.030947,2050.691094,0.02425,0.0,0.0,0.0,0.0,0.0,0.0,0.02425,13.826473,24.580396,44,78.222222,8,0.012461,0.018787,5,-3.016126,0.529561,Cluster 5 · limited retail / low building coverage
C020_020,20,20,0.5625,296.0,38623.753696,102.104329,0.068664,526.222222,14,24.888889,1,1.777778,0,0.0,1,1.777778,0,0.0,0,0.0,1,1.777778,0,0.0,11,19.555556,197.179017,481.594063,481.594063,415.0501,1581.132704,0.041852,0.0,0.0,0.0,0.0,0.0,0.0,0.041852,13.149994,23.377767,57,101.333333,8,0.012461,0.018165,5,-1.348525,0.245333,Cluster 5 · limited retail / low building coverage
C020_021,20,21,0.5625,130.0,16269.284286,55.018878,0.028923,231.111111,2,3.555556,1,1.777778,0,0.0,0,0.0,0,0.0,0,0.0,0,0.0,0,0.0,1,1.777778,425.060711,764.645228,647.244368,832.994665,1385.50615,0.0,0.0,0.0,0.0,0.0,0.0,0.0,0.0,4.580208,8.142593,27,48.0,8,0.012461,0.017467,5,-2.824902,0.675773,Cluster 5 · limited retail / low building coverage
C020_022,20,22,0.5625,27.0,1188.502203,31.499723,0.002113,48.0,0,0.0,0,0.0,0,0.0,0,0.0,0,0.0,0,0.0,0,0.0,0,0.0,0,0.0,1033.961039,835.200824,1065.44635,1440.726194,1569.80061,0.0,0.0,0.0,0.0,0.0,0.0,0.0,0.0,0.871255,1.548898,4,7.111111,8,0.012461,0.016053,4,-4.39404,1.371756,Cluster 4 · road-sparse / intersection-sparse
C020_023,20,23,0.5625,451.0,30837.321067,53.403168,0.054822,801.777778,1,1.777778,0,0.0,0,0.0,0,0.0,0,0.0,0,0.0,0,0.0,0,0.0,1,1.777778,1755.697654,496.637218,963.322068,2140.678355,2033.20452,0.0,0.0,0.0,0.0,0.0,0.0,0.0,0.0,2.018251,3.588001,6,10.666667,8,0.012461,0.015052,5,-3.830654,0.456537,Cluster 5 · limited retail / low building coverage
C020_024,20,24,0.5625,738.0,65224.149741,74.379506,0.115954,1312.0,17,30.222222,0,0.0,5,8.888889,0,0.0,4,7.111111,0,0.0,2,3.555556,0,0.0,6,10.666667,1726.658644,236.469768,293.953522,2866.062748,2463.418091,0.0,0.0,0.0,0.0,0.0,0.0,0.0,0.0,3.040702,5.405692,8,14.222222,8,0.012461,0.013884,5,-2.145633,0.01231,Cluster 5 · limited retail / low building coverage
C020_025,20,25,0.5625,618.0,47778.402319,61.260737,0.084939,1098.666667,4,7.111111,0,0.0,0,0.0,0,0.0,0,0.0,0,0.0,0,0.0,0,0.0,4,7.111111,1767.020151,485.999556,508.856806,2487.961986,2881.382155,0.0,0.0,0.0,0.0,0.0,0.0,0.0,0.0,2.881268,5.122254,9,16.0,8,0.012461,0.012544,5,-3.516455,0.097568,Cluster 5 · limited retail / low building coverage
C020_026,20,26,0.5625,58.0,3480.305203,45.335318,0.006187,103.111111,0,0.0,0,0.0,0,0.0,0,0.0,0,0.0,0,0.0,0,0.0,0,0.0,0,0.0,2094.843754,1206.711766,1130.422047,2185.668484,3055.860713,0.0,0.0,0.0,0.0,0.0,0.0,0.0,0.0,0.291923,0.518974,0,0.0,8,0.012461,0.011046,4,-5.232528,1.248374,Cluster 4 · road-sparse / intersection-sparse
C020_027,20,27,0.5625,171.0,10067.433075,47.674715,0.017898,304.0,3,5.333333,0,0.0,0,0.0,1,1.777778,0,0.0,0,0.0,0,0.0,0,0.0,2,3.555556,2545.24579,1447.020741,1265.540049,2118.805938,2996.997656,0.0,0.0,0.0,0.0,0.0,0.0,0.0,0.0,1.987309,3.532994,6,10.666667,8,0.012461,0.009364,5,-4.254498,0.421267,Cluster 5 · limited retail / low building coverage
C020_028,20,28,0.5625,112.0,7145.328434,46.619625,0.012703,199.111111,0,0.0,0,0.0,0,0.0,0,0.0,0,0.0,0,0.0,0,0.0,0,0.0,0,0.0,2732.844197,1616.270068,1660.218909,2307.927746,3122.61192,0.0,0.0,0.0,0.0,0.0,0.0,0.0,0.0,0.177581,0.3157,0,0.0,8,0.012461,0.007389,4,-5.43899,0.954784,Cluster 4 · road-sparse / intersection-sparse
C020_029,20,29,0.5625,261.0,16181.932939,46.618476,0.028768,464.0,0,0.0,0,0.0,0,0.0,0,0.0,0,0.0,0,0.0,0,0.0,0,0.0,0,0.0,3095.738794,2062.956336,2111.208118,2699.76339,2981.294601,0.0,0.0,0.0,0.0,0.0,0.0,0.0,0.0,0.558395,0.992701,1,1.777778,8,0.012461,0.004449,4,-5.271123,0.411532,Cluster 4 · road-sparse / intersection-sparse
C020_030,20,30,0.175504,0.0,0.0,0.0,0.0,0.0,0,0.0,0,0.0,0,0.0,0,0.0,0,0.0,0,0.0,0,0.0,0,0.0,0,0.0,3383.145452,2329.007683,2484.00381,3028.5349,2978.303957,0.0,0.0,0.0,0.0,0.0,0.0,0.0,0.0,0.0,0.0,0,0.0,5,0.007788,0.00071,4,-6.690674,0.127602,Cluster 4 · road-sparse / intersection-sparse
C021_004,21,4,0.172383,2.0,107.710973,53.855486,0.000625,11.602059,0,0.0,0,0.0,0,0.0,0,0.0,0,0.0,0,0.0,0,0.0,0,0.0,0,0.0,844.466788,1065.933473,1735.667026,420.799429,1412.170914,0.0,0.0,0.0,0.0,0.0,0.0,0.0,0.0,0.092556,0.536922,0,0.0,4,0.006231,0.000792,1,-5.280243,-0.798718,Cluster 1 · market-distant / service-light
C021_005,21,5,0.382233,8.0,237.305522,28.638093,0.000621,20.929664,0,0.0,0,0.0,0,0.0,0,0.0,0,0.0,0,0.0,0,0.0,0,0.0,0,0.0,1472.162356,1374.506611,1385.724212,1099.701228,1223.259267,0.0,0.0,0.0,0.0,0.0,0.0,0.0,0.0,0.0,0.0,0,0.0,5,0.007788,0.001804,4,-5.534979,-0.308739,Cluster 4 · road-sparse / intersection-sparse
C021_006,21,6,0.548975,331.0,19780.39906,38.611112,0.036032,602.942095,1,1.821577,1,1.821577,0,0.0,0,0.0,0,0.0,0,0.0,0,0.0,0,0.0,0,0.0,600.58681,600.58681,506.715834,1966.384154,673.854,0.0,0.0,0.0,0.0,0.0,0.0,0.0,0.0,1.377619,2.509439,3,5.464732,7,0.010903,0.00402,5,-3.534164,-0.321873,Cluster 5 · limited retail / low building coverage
C021_007,21,7,0.5625,206.0,37372.642268,68.991789,0.06644,366.222222,16,28.444444,2,3.555556,2,3.555556,3,5.333333,3,5.333333,1,1.777778,0,0.0,0,0.0,5,8.888889,127.67805,127.67805,238.899222,2268.468604,330.718173,0.0,0.0,0.0,0.0,0.0,0.0,0.0,0.0,2.044022,3.633817,2,3.555556,8,0.012461,0.006305,3,-1.235989,0.415785,Cluster 3 · building-dense / limited recreation POIs
C021_008,21,8,0.5625,286.0,19997.861436,50.343053,0.035552,508.444444,3,5.333333,1,1.777778,0,0.0,0,0.0,0,0.0,0,0.0,1,1.777778,0,0.0,1,1.777778,142.567159,787.76147,429.988577,2525.260004,568.325465,0.0,0.0,0.0,0.0,0.0,0.0,0.0,0.0,2.956089,5.255269,7,12.444444,8,0.012461,0.00799,5,-2.655122,0.258584,Cluster 5 · limited retail / low building coverage
C021_009,21,9,0.5625,879.0,59887.473115,40.627693,0.106467,1562.666667,1,1.777778,0,0.0,0,0.0,0,0.0,0,0.0,0,0.0,0,0.0,0,0.0,1,1.777778,832.7928,697.093189,785.988138,2374.291723,541.194732,0.0,0.0,0.0,0.0,0.0,0.0,0.0,0.0,4.745529,8.436495,16,28.444444,8,0.012461,0.009125,5,-3.09241,-0.217731,Cluster 5 · limited retail / low building coverage
C021_010,21,10,0.5625,341.0,18248.592017,32.056212,0.032442,606.222222,1,1.777778,0,0.0,0,0.0,0,0.0,0,0.0,0,0.0,0,0.0,1,1.777778,0,0.0,1578.531691,434.40015,1475.013399,2454.095411,1120.407488,0.0,0.0,0.0,0.0,0.023783,0.0,0.0,0.023783,3.083486,5.481752,21,37.333333,8,0.012461,0.010136,5,-3.436196,0.216809,Cluster 5 · limited retail / low building coverage
C021_011,21,11,0.5625,33.0,6953.775768,46.807519,0.012362,58.666667,3,5.333333,0,0.0,1,1.777778,0,0.0,0,0.0,0,0.0,0,0.0,0,0.0,2,3.555556,1792.365663,318.135126,1556.717027,2468.718476,1828.314562,0.0,0.0,0.0,0.0,0.021725,0.0,0.0,0.021725,2.27057,4.036569,14,24.888889,8,0.012461,0.011043,5,-3.865062,0.74308,Cluster 5 · limited retail / low building coverage
C021_012,21,12,0.5625,168.0,6578.932228,27.506462,0.011696,298.666667,2,3.555556,0,0.0,0,0.0,0,0.0,0,0.0,0,0.0,0,0.0,0,0.0,2,3.555556,1484.112701,999.989166,1930.964123,1720.667656,2375.992307,0.049663,0.0,0.0,0.0,0.0,0.0,0.0,0.049663,1.320405,2.347387,0,0.0,8,0.012461,0.012575,4,-4.601408,0.940759,Cluster 4 · road-sparse / intersection-sparse
C021_013,21,13,0.5625,303.0,12952.347971,28.147274,0.023026,538.666667,2,3.555556,0,0.0,1,1.777778,0,0.0,0,0.0,0,0.0,0,0.0,0,0.0,1,1.777778,1522.368663,271.266689,1644.395244,975.614397,2130.987582,0.127079,0.0,0.0,0.0,0.0,0.0,0.0,0.127079,2.509085,4.460596,5,8.888889,8,0.012461,0.013311,5,-3.475422,0.494097,Cluster 5 · limited retail / low building coverage
C021_014,21,14,0.5625,348.0,36655.088924,54.134217,0.065165,618.666667,7,12.444444,0,0.0,0,0.0,2,3.555556,0,0.0,0,0.0,0,0.0,2,3.555556,3,5.333333,1373.646334,521.721096,1144.318828,260.67167,2135.855029,0.0,0.0,0.0,0.0,0.0,0.0,0.0,0.0,2.339466,4.159051,10,17.777778,8,0.012461,0.014121,5,-2.591629,0.617695,Cluster 5 · limited retail / low building coverage
C021_015,21,15,0.5625,322.0,31637.978205,60.31645,0.056245,572.444444,7,12.444444,0,0.0,1,1.777778,0,0.0,4,7.111111,0,0.0,0,0.0,0,0.0,2,3.555556,1075.514253,371.564168,548.487062,555.94603,2389.06788,0.0,0.0,0.0,0.002511,0.0,0.0,0.0,0.002511,4.41644,7.851449,13,23.111111,8,0.012461,0.014159,5,-2.492738,0.319678,Cluster 5 · limited retail / low building coverage
C021_016,21,16,0.5625,75.0,3265.383869,30.83716,0.005805,133.333333,0,0.0,0,0.0,0,0.0,0,0.0,0,0.0,0,0.0,0,0.0,0,0.0,0,0.0,1245.615337,575.328908,645.918366,1294.296047,2824.608639,0.0,0.0,0.012553,0.0,0.0,0.0,0.0,0.012553,12.912012,22.954687,65,115.555556,8,0.012461,0.014381,5,-3.368658,0.276691,Cluster 5 · limited retail / low building coverage
C021_017,21,17,0.5625,58.0,8950.006485,58.353682,0.015911,103.111111,3,5.333333,0,0.0,0,0.0,1,1.777778,0,0.0,0,0.0,0,0.0,0,0.0,2,3.555556,1752.536512,1032.559283,1287.859858,2041.158623,3350.877615,0.0,0.0,0.0,0.0,0.011249,0.0,0.0,0.011249,11.239365,19.981093,40,71.111111,8,0.012461,0.01442,5,-3.562846,0.378187,Cluster 5 · limited retail / low building coverage
C021_018,21,18,0.5625,63.0,21747.247477,54.296599,0.038662,112.0,3,5.333333,0,0.0,1,1.777778,0,0.0,0,0.0,0,0.0,0,0.0,0,0.0,2,3.555556,1424.885736,425.2181,1258.714957,1552.238023,3110.686394,0.0,0.0,0.014704,0.0,0.001532,0.0,0.002213,0.01845,10.514393,18.692255,40,71.111111,8,0.012461,0.014295,5,-3.242218,0.30053,Cluster 5 · limited retail / low building coverage
C021_019,21,19,0.5625,111.0,12467.519846,94.121986,0.022164,197.333333,4,7.111111,0,0.0,0,0.0,0,0.0,0,0.0,0,0.0,0,0.0,0,0.0,4,7.111111,704.904277,648.415138,511.979804,1049.184458,2616.489347,0.035186,0.0,0.0,0.0,0.016362,0.0,0.023488,0.075037,6.825233,12.133747,27,48.0,8,0.012461,0.013975,5,-3.101502,0.438044,Cluster 5 · limited retail / low building coverage
C021_020,21,20,0.5625,301.0,34888.089585,74.656331,0.062023,535.111111,36,64.0,1,1.777778,4,7.111111,1,1.777778,5,8.888889,0,0.0,1,1.777778,0,0.0,24,42.666667,297.457086,192.690746,192.690746,957.670703,2267.30306,0.100504,0.0,0.0,0.0,0.005153,0.0,0.0,0.105656,9.54391,16.966951,19,33.777778,8,0.012461,0.013705,3,-0.886852,0.076493,Cluster 3 · building-dense / limited recreation POIs
C021_021,21,21,0.5625,17.0,1268.500272,73.789498,0.002255,30.222222,0,0.0,0,0.0,0,0.0,0,0.0,0,0.0,0,0.0,0,0.0,0,0.0,0,0.0,897.257709,625.156858,726.955859,1363.260181,2135.488195,0.0,0.0,0.0,0.0,0.0,0.0,0.0,0.0,0.529525,0.941378,0,0.0,8,0.012461,0.012833,4,-4.716927,1.593887,Cluster 4 · road-sparse / intersection-sparse
C021_022,21,22,0.5625,108.0,9104.543822,82.653381,0.016186,192.0,0,0.0,0,0.0,0,0.0,0,0.0,0,0.0,0,0.0,0,0.0,0,0.0,0,0.0,1476.341094,458.327542,1464.513544,1892.503104,2259.415078,0.0,0.0,0.0,0.0,0.0,0.0,0.0,0.0,0.121877,0.216671,0,0.0,8,0.012461,0.012013,4,-4.874082,1.222467,Cluster 4 · road-sparse / intersection-sparse
C021_023,21,23,0.5625,63.0,4676.254958,63.594281,0.008313,112.0,2,3.555556,0,0.0,2,3.555556,0,0.0,0,0.0,0,0.0,0,0.0,0,0.0,0,0.0,2047.677183,258.420925,1353.461998,2467.464256,2602.806784,0.0,0.0,0.0,0.0,0.0,0.0,0.0,0.0,0.107456,0.191032,0,0.0,8,0.012461,0.010421,4,-4.5942,1.199389,Cluster 4 · road-sparse / intersection-sparse
C021_024,21,24,0.5625,511.0,55148.5488,56.278262,0.098042,908.444444,3,5.333333,0,0.0,0,0.0,0,0.0,0,0.0,0,0.0,0,0.0,0,0.0,3,5.333333,2469.678455,815.928057,995.127452,3117.722198,3091.474122,0.0,0.0,0.0,0.0,0.0,0.0,0.0,0.0,1.194512,2.123577,2,3.555556,8,0.012461,0.009572,4,-4.29336,0.24189,Cluster 4 · road-sparse / intersection-sparse
C021_025,21,25,0.5625,126.0,7099.122879,45.702019,0.012621,224.0,1,1.777778,1,1.777778,0,0.0,0,0.0,0,0.0,0,0.0,0,0.0,0,0.0,0,0.0,2498.063612,936.325052,1077.454906,3149.407995,3517.953784,0.0,0.0,0.0,0.0,0.0,0.0,0.0,0.0,0.369228,0.656405,1,1.777778,8,0.012461,0.008688,4,-4.80581,0.787738,Cluster 4 · road-sparse / intersection-sparse
C021_026,21,26,0.5625,120.0,8561.337291,43.841208,0.01522,213.333333,1,1.777778,0,0.0,0,0.0,0,0.0,0,0.0,0,0.0,0,0.0,0,0.0,1,1.777778,2739.768594,1045.382627,1551.466321,2916.498346,3793.61954,0.0,0.0,0.0,0.0,0.0,0.0,0.0,0.0,1.41783,2.520586,0,0.0,8,0.012461,0.007771,4,-5.056085,0.704937,Cluster 4 · road-sparse / intersection-sparse
C021_027,21,27,0.5625,332.0,23644.396504,51.445013,0.042034,590.222222,5,8.888889,0,0.0,0,0.0,2,3.555556,0,0.0,0,0.0,2,3.555556,0,0.0,1,1.777778,3146.004147,697.341197,1960.313862,2866.73237,3746.366168,0.0,0.0,0.0,0.0,0.0,0.0,0.0,0.0,3.601622,6.402884,9,16.0,8,0.012461,0.006529,5,-3.704053,-0.080826,Cluster 5 · limited retail / low building coverage
C021_028,21,28,0.5625,123.0,6290.213866,42.87324,0.011183,218.666667,0,0.0,0,0.0,0,0.0,0,0.0,0,0.0,0,0.0,0,0.0,0,0.0,0,0.0,3438.717506,1002.36952,2300.340855,3009.210255,3847.592718,0.0,0.0,0.0,0.0,0.0,0.0,0.0,0.0,1.45323,2.583521,3,5.333333,8,0.012461,0.005283,4,-5.08315,0.378202,Cluster 4 · road-sparse / intersection-sparse
C021_029,21,29,0.5625,182.0,9624.400508,36.620318,0.01711,323.555556,1,1.777778,0,0.0,0,0.0,0,0.0,0,0.0,0,0.0,0,0.0,1,1.777778,0,0.0,3733.622821,1627.330503,2689.723662,3319.267726,3728.966134,0.0,0.0,0.0,0.0,0.0,0.0,0.0,0.0,0.67913,1.207343,0,0.0,8,0.012461,0.003752,4,-5.248403,0.570222,Cluster 4 · road-sparse / intersection-sparse
C021_030,21,30,0.165171,82.0,3929.830329,36.147383,0.023792,496.455036,0,0.0,0,0.0,0,0.0,0,0.0,0,0.0,0,0.0,0,0.0,0,0.0,0,0.0,3986.428219,2072.905225,2986.673235,3587.613111,3726.164077,0.0,0.0,0.0,0.0,0.0,0.0,0.0,0.0,0.415439,2.515208,0,0.0,5,0.007788,0.000451,1,-5.789591,-1.450862,Cluster 1 · market-distant / service-light
C022_006,22,6,0.043107,1.0,23.604298,23.604298,0.000548,23.197962,0,0.0,0,0.0,0,0.0,0,0.0,0,0.0,0,0.0,0,0.0,0,0.0,0,0.0,800.995353,800.995353,523.332095,2134.103117,867.837544,0.0,0.0,0.0,0.0,0.0,0.0,0.0,0.0,0.03189,0.739791,0,0.0,3,0.004673,0.0,1,-5.221639,-1.632548,Cluster 1 · market-distant / service-light
C022_007,22,7,0.239431,33.0,5409.0067,75.387199,0.022591,137.826526,2,8.353123,0,0.0,0,0.0,0,0.0,0,0.0,0,0.0,0,0.0,2,8.353123,0,0.0,659.813616,659.813616,374.479015,2735.599108,379.212683,0.0,0.0,0.0,0.0,0.0,0.0,0.0,0.0,0.67843,2.833505,2,8.353123,5,0.007788,0.001221,1,-3.355474,-1.172078,Cluster 1 · market-distant / service-light
C022_008,22,8,0.447664,19.0,2057.062265,57.917952,0.004595,42.442558,1,2.233819,0,0.0,0,0.0,0,0.0,1,2.233819,0,0.0,0,0.0,0,0.0,0,0.0,541.747759,1066.717576,282.57772,3132.295668,575.54174,0.0,0.0,0.0,0.0,0.0,0.0,0.0,0.0,0.0,0.0,0,0.0,5,0.007788,0.001894,4,-4.67798,-0.490094,Cluster 4 · road-sparse / intersection-sparse
C022_009,22,9,0.557242,521.0,26583.447673,29.960832,0.047705,934.961155,3,5.383653,0,0.0,0,0.0,1,1.794551,1,1.794551,1,1.794551,0,0.0,0,0.0,0,0.0,1147.581907,1305.624885,865.167931,3121.406925,490.405647,0.0,0.0,0.0,0.0,0.0,0.0,0.0,0.0,2.626097,4.712666,7,12.561858,6,0.009346,0.0034,1,-3.371115,-1.175653,Cluster 1 · market-distant / service-light
C022_010,22,10,0.5625,29.0,1831.960978,51.964737,0.003257,51.555556,2,3.555556,0,0.0,0,0.0,0,0.0,0,0.0,0,0.0,0,0.0,0,0.0,2,3.555556,1694.492397,892.711493,1451.323213,3184.668268,1054.212724,0.0,0.0,0.0,0.0,0.0,0.0,0.0,0.0,0.0,0.0,0,0.0,7,0.010903,0.004146,4,-5.221294,0.602535,Cluster 4 · road-sparse / intersection-sparse
C022_011,22,11,0.5625,28.0,1497.099916,48.274935,0.002662,49.777778,0,0.0,0,0.0,0,0.0,0,0.0,0,0.0,0,0.0,0,0.0,0,0.0,0,0.0,1262.673327,842.282778,2188.430086,2536.601532,1788.514934,0.0,0.0,0.0,0.0,0.0,0.0,0.0,0.0,0.759576,1.350357,0,0.0,8,0.012461,0.006371,4,-5.14738,1.095812,Cluster 4 · road-sparse / intersection-sparse
C022_012,22,12,0.5625,296.0,9452.233769,24.844317,0.016804,526.222222,1,1.777778,0,0.0,0,0.0,0,0.0,0,0.0,0,0.0,0,0.0,0,0.0,1,1.777778,764.434279,1320.813766,2310.366832,1816.720562,2532.036111,0.0,0.0,0.0,0.0,0.0,0.0,0.0,0.0,1.00054,1.778738,0,0.0,8,0.012461,0.007143,4,-4.692064,0.632954,Cluster 4 · road-sparse / intersection-sparse
C022_013,22,13,0.5625,101.0,4039.515216,31.195772,0.007181,179.555556,1,1.777778,0,0.0,0,0.0,0,0.0,0,0.0,0,0.0,0,0.0,0,0.0,1,1.777778,836.286795,904.519922,1569.41436,1136.485754,2872.951336,0.0,0.0,0.0,0.0,0.0,0.0,0.0,0.0,0.939261,1.669797,1,1.777778,8,0.012461,0.007714,4,-4.480519,0.807193,Cluster 4 · road-sparse / intersection-sparse
C022_014,22,14,0.5625,32.0,7163.90103,84.36945,0.012736,56.888889,5,8.888889,0,0.0,0,0.0,4,7.111111,0,0.0,0,0.0,0,0.0,0,0.0,1,1.777778,919.168096,772.967789,844.587456,638.534367,2876.563576,0.0,0.0,0.0,0.0,0.0,0.0,0.0,0.0,0.698308,1.241437,1,1.777778,8,0.012461,0.00814,4,-3.925514,1.13138,Cluster 4 · road-sparse / intersection-sparse
C022_015,22,15,0.5625,943.0,78230.445549,63.587006,0.139076,1676.444444,22,39.111111,1,1.777778,2,3.555556,3,5.333333,5,8.888889,0,0.0,1,1.777778,0,0.0,10,17.777778,338.668935,299.660578,297.648295,805.513753,3069.264837,0.0,0.0,0.0,0.0,0.0,0.0,0.0,0.0,4.653385,8.272684,19,33.777778,8,0.012461,0.009011,3,-1.13512,-0.312132,Cluster 3 · building-dense / limited recreation POIs
C022_016,22,16,0.5625,165.0,14881.138551,52.131607,0.026455,293.333333,0,0.0,0,0.0,0,0.0,0,0.0,0,0.0,0,0.0,0,0.0,0,0.0,0,0.0,713.809013,468.13435,537.065491,1419.499445,3419.23314,0.0,0.0,0.0,0.0,0.0,0.0,0.0,0.0,3.532906,6.280722,14,24.888889,8,0.012461,0.008597,5,-3.669351,0.255506,Cluster 5 · limited retail / low building coverage
C022_017,22,17,0.5625,14.0,658.640806,27.13238,0.001171,24.888889,0,0.0,0,0.0,0,0.0,0,0.0,0,0.0,0,0.0,0,0.0,0,0.0,0,0.0,1424.552549,955.239643,1236.855618,2004.980724,3884.188963,0.0,0.0,0.0,0.0,0.0,0.0,0.0,0.0,10.403269,18.494701,36,64.0,8,0.012461,0.0087,5,-4.172806,0.422077,Cluster 5 · limited retail / low building coverage
C022_018,22,18,0.5625,88.0,7926.667672,40.255297,0.014092,156.444444,2,3.555556,0,0.0,0,0.0,0,0.0,0,0.0,0,0.0,0,0.0,0,0.0,2,3.555556,1735.376842,439.588556,1308.279062,1259.481184,3666.340461,0.0,0.0,0.049605,0.0,0.002645,0.0,0.003889,0.056139,4.3881,7.801067,14,24.888889,8,0.012461,0.008601,5,-3.896447,0.250999,Cluster 5 · limited retail / low building coverage
C022_019,22,19,0.5625,485.0,42265.662351,64.518283,0.075139,862.222222,4,7.111111,0,0.0,1,1.777778,0,0.0,0,0.0,0,0.0,0,0.0,0,0.0,3,5.333333,1215.781009,252.799043,844.094696,526.913655,3257.56029,0.0,0.0,0.0,0.0,0.018604,0.0,0.026943,0.045548,2.949368,5.243321,8,14.222222,8,0.012461,0.008836,5,-3.025168,0.131098,Cluster 5 · limited retail / low building coverage
C022_020,22,20,0.5625,657.0,57533.357672,62.41929,0.102282,1168.0,19,33.777778,0,0.0,2,3.555556,2,3.555556,3,5.333333,0,0.0,1,1.777778,1,1.777778,10,17.777778,1034.269858,326.125678,717.81323,306.56671,2984.350131,0.0,0.0,0.0,0.0,0.0,0.0,0.0,0.0,9.91213,17.621565,32,56.888889,8,0.012461,0.008051,5,-1.293171,-0.340912,Cluster 5 · limited retail / low building coverage
C022_021,22,21,0.5625,369.0,33629.514972,58.989099,0.059786,656.0,5,8.888889,0,0.0,1,1.777778,0,0.0,0,0.0,0,0.0,0,0.0,1,1.777778,3,5.333333,1336.527148,312.622429,1170.941102,1017.510833,2885.479574,0.0,0.0,0.186697,0.0,0.0,0.0,0.0,0.186697,2.754539,4.896959,4,7.111111,8,0.012461,0.007633,5,-3.312618,-0.049989,Cluster 5 · limited retail / low building coverage
C022_022,22,22,0.5625,431.0,25554.304109,48.322958,0.04543,766.222222,2,3.555556,0,0.0,1,1.777778,0,0.0,0,0.0,0,0.0,0,0.0,0,0.0,1,1.777778,1904.703519,211.296295,1728.420713,1761.156848,2978.361804,0.0,0.0,0.01937,0.0,0.0,0.0,0.0,0.01937,8.778524,15.606265,62,110.222222,8,0.012461,0.007045,5,-3.133711,-0.480559,Cluster 5 · limited retail / low building coverage
C022_023,22,23,0.5625,250.0,15988.423703,55.953874,0.028424,444.444444,1,1.777778,0,0.0,0,0.0,0,0.0,0,0.0,0,0.0,0,0.0,0,0.0,1,1.777778,2535.446597,540.9764,1964.873877,2508.588964,3246.580616,0.0,0.0,0.0,0.0,0.0,0.0,0.0,0.0,3.934639,6.994914,26,46.222222,8,0.012461,0.006231,5,-4.092104,-0.124683,Cluster 5 · limited retail / low building coverage
C022_024,22,24,0.5625,50.0,2127.262042,39.863946,0.003782,88.888889,4,7.111111,0,0.0,0,0.0,1,1.777778,0,0.0,0,0.0,0,0.0,0,0.0,3,5.333333,3093.038678,1279.243594,1737.569745,3257.201826,3651.702666,0.0,0.0,0.0,0.0,0.0,0.0,0.0,0.0,2.324613,4.132645,9,16.0,7,0.010903,0.00392,4,-4.664479,-0.233935,Cluster 4 · road-sparse / intersection-sparse
C022_025,22,25,0.538033,94.0,4848.810151,39.896717,0.009012,174.710435,0,0.0,0,0.0,0,0.0,0,0.0,0,0.0,0,0.0,0,0.0,0,0.0,0,0.0,3231.290266,1435.797606,1790.98942,3791.754017,4155.991371,0.0,0.0,0.0,0.0,0.0,0.0,0.0,0.0,0.588732,1.09423,1,1.858622,6,0.009346,0.003297,4,-5.610188,-0.557974,Cluster 4 · road-sparse / intersection-sparse
C022_026,22,26,0.453672,205.0,11886.602153,50.687622,0.026201,451.867818,0,0.0,0,0.0,0,0.0,0,0.0,0,0.0,0,0.0,0,0.0,0,0.0,0,0.0,3360.014624,779.598365,2046.653638,3583.446926,4462.179047,0.0,0.0,0.0,0.0,0.0,0.0,0.0,0.0,1.452082,3.200728,3,6.6127,5,0.007788,0.002162,1,-5.184375,-1.62893,Cluster 1 · market-distant / service-light
C022_027,22,27,0.366581,308.0,25388.94708,54.871666,0.069259,840.196162,2,5.455819,0,0.0,1,2.72791,0,0.0,0,0.0,0,0.0,0,0.0,0,0.0,1,2.72791,3649.724839,82.721154,2524.13601,3485.079295,4365.395557,0.0,0.0,0.0,0.0,0.0,0.0,0.0,0.0,2.735744,7.462863,10,27.279096,5,0.007788,0.001778,1,-3.888489,-2.184577,Cluster 1 · market-distant / service-light
C022_028,22,28,0.27949,208.0,11711.117681,47.684908,0.041902,744.213668,2,7.155901,0,0.0,0,0.0,0,0.0,0,0.0,0,0.0,0,0.0,1,3.57795,1,3.57795,3977.599661,733.249015,2775.801198,3547.140491,4395.69028,0.0,0.0,0.0,0.0,0.0,0.0,0.0,0.0,1.22029,4.366136,2,7.155901,5,0.007788,0.001362,1,-4.569368,-1.79141,Cluster 1 · market-distant / service-light
C022_029,22,29,0.192398,250.0,13140.069416,40.237651,0.068296,1299.388507,0,0.0,0,0.0,0,0.0,0,0.0,0,0.0,0,0.0,0,0.0,0,0.0,0,0.0,4182.566078,1483.309676,3119.140975,3761.698524,4231.131252,0.0,0.0,0.0,0.0,0.0,0.0,0.0,0.0,1.145622,5.954435,2,10.395108,5,0.007788,0.000818,1,-5.106686,-2.114552,Cluster 1 · market-distant / service-light
C022_030,22,30,0.038566,22.0,1019.147083,32.500444,0.026426,570.451047,0,0.0,0,0.0,0,0.0,0,0.0,0,0.0,0,0.0,0,0.0,0,0.0,0,0.0,4377.078057,1964.371361,3347.688878,3968.437893,4191.462645,0.0,0.0,0.0,0.0,0.0,0.0,0.0,0.0,0.012873,0.333782,0,0.0,3,0.004673,0.0,1,-6.243943,-2.392996,Cluster 1 · market-distant / service-light
C023_010,23,10,0.089897,2.0,93.742254,46.871127,0.001043,22.247765,0,0.0,0,0.0,0,0.0,0,0.0,0,0.0,0,0.0,0,0.0,0,0.0,0,0.0,1818.314137,1290.35458,1606.704727,3377.221282,1242.276533,0.0,0.0,0.0,0.0,0.0,0.0,0.0,0.0,0.0,0.0,0,0.0,4,0.006231,0.000647,1,-5.929964,-1.008245,Cluster 1 · market-distant / service-light
C023_011,23,11,0.169063,38.0,1635.645038,36.36898,0.009675,224.768907,1,5.914971,0,0.0,0,0.0,0,0.0,0,0.0,0,0.0,0,0.0,0,0.0,1,5.914971,1070.366806,1307.134139,2312.528084,2694.24147,1925.829659,0.0,0.0,0.0,0.0,0.0,0.0,0.0,0.0,0.472243,2.793306,0,0.0,5,0.007788,0.001164,1,-5.034965,-1.198865,Cluster 1 · market-distant / service-light
C023_012,23,12,0.248228,232.0,8600.546638,27.439495,0.034648,934.623165,1,4.028548,1,4.028548,0,0.0,0,0.0,0,0.0,0,0.0,0,0.0,0,0.0,0,0.0,340.109937,1697.867853,2304.628249,2059.81103,2646.688428,0.0,0.0,0.0,0.0,0.0,0.0,0.0,0.0,1.170305,4.714631,2,8.057096,5,0.007788,0.001478,1,-4.026915,-1.785164,Cluster 1 · market-distant / service-light
C023_013,23,13,0.327394,233.0,11502.323449,35.60504,0.035133,711.680198,0,0.0,0,0.0,0,0.0,0,0.0,0,0.0,0,0.0,0,0.0,0,0.0,0,0.0,465.011089,1445.399494,1570.128217,1535.342546,3381.075313,0.0,0.0,0.0,0.0,0.0,0.0,0.0,0.0,0.838355,2.560688,3,9.163264,5,0.007788,0.001681,1,-4.549157,-1.608583,Cluster 1 · market-distant / service-light
C023_014,23,14,0.40656,16.0,854.320905,34.784721,0.002101,39.354575,3,7.378983,0,0.0,0,0.0,2,4.919322,1,2.459661,0,0.0,0,0.0,0,0.0,0,0.0,921.505993,731.887403,865.947309,1265.821023,3517.758095,0.0,0.0,0.0,0.0,0.0,0.0,0.0,0.0,0.241941,0.595092,0,0.0,5,0.007788,0.00185,1,-4.613647,-0.590578,Cluster 1 · market-distant / service-light
C023_015,23,15,0.485726,601.0,49047.345619,60.697695,0.100977,1237.323209,6,12.352644,0,0.0,2,4.117548,1,2.058774,0,0.0,0,0.0,0,0.0,0,0.0,3,6.176322,395.263397,300.273398,406.199139,1406.378279,3727.22628,0.0,0.0,0.0,0.0,0.005646,0.0,0.0,0.005646,3.541308,7.290753,19,39.116707,5,0.007788,0.002016,1,-2.671271,-2.148922,Cluster 1 · market-distant / service-light
C023_016,23,16,0.553764,118.0,12095.277483,46.563987,0.021842,213.087147,4,7.223293,0,0.0,1,1.805823,1,1.805823,1,1.805823,0,0.0,0,0.0,0,0.0,1,1.805823,921.083575,211.167737,994.947375,1990.932724,4150.355327,0.0,0.0,0.0,0.0,0.001462,0.0,0.0,0.001462,2.489624,4.495822,6,10.83494,6,0.009346,0.003417,1,-3.555899,-0.938397,Cluster 1 · market-distant / service-light
C023_017,23,17,0.5625,7.0,598.932985,22.96769,0.001065,12.444444,4,7.111111,0,0.0,1,1.777778,0,0.0,2,3.555556,0,0.0,0,0.0,0,0.0,1,1.777778,1453.380784,746.445022,1527.911565,2078.893378,4463.705322,0.0,0.0,0.0,0.0,0.0,0.0,0.0,0.0,7.093071,12.609904,20,35.555556,6,0.009346,0.002435,1,-4.098922,-0.746153,Cluster 1 · market-distant / service-light
C023_018,23,18,0.56061,29.0,2722.576018,36.344701,0.004856,51.729323,1,1.78377,0,0.0,1,1.78377,0,0.0,0,0.0,0,0.0,0,0.0,0,0.0,0,0.0,2104.56412,391.476396,1110.480303,1445.383016,4323.449356,0.0,0.0,0.0,0.0,0.0,0.0,0.0,0.0,4.192515,7.478481,29,51.729323,6,0.009346,0.003218,1,-4.103921,-0.88597,Cluster 1 · market-distant / service-light
C023_019,23,19,0.500813,706.0,47127.357396,52.01205,0.094102,1409.70913,8,15.974041,0,0.0,1,1.996755,0,0.0,2,3.99351,0,0.0,1,1.996755,0,0.0,4,7.987021,1854.64624,327.361828,297.099676,730.605278,3899.366209,0.0,0.0,0.0,0.0,0.0,0.0,0.0,0.0,2.345796,4.68398,10,19.967551,5,0.007788,0.002,1,-2.811531,-2.056174,Cluster 1 · market-distant / service-light
C023_020,23,20,0.413721,365.0,20422.597003,39.706668,0.049363,882.236852,9,21.753785,0,0.0,0,0.0,5,12.085436,0,0.0,0,0.0,0,0.0,0,0.0,4,9.668349,1683.107539,449.740643,493.836337,539.78004,3617.415388,0.0,0.0,0.0,0.0,0.01367,0.0,0.0,0.01367,5.25045,12.690795,19,45.924658,5,0.007788,0.001872,1,-2.820599,-2.074585,Cluster 1 · market-distant / service-light
C023_021,23,21,0.32663,300.0,22036.280422,41.783656,0.067466,918.471383,5,15.307856,0,0.0,0,0.0,1,3.061571,0,0.0,0,0.0,1,3.061571,0,0.0,3,9.184714,1832.411375,813.643156,1237.425791,1086.592407,3478.2285,0.0,0.0,0.080617,0.0,0.0,0.0,0.0,0.080617,7.694954,23.558651,44,134.709136,5,0.007788,0.001726,1,-2.977607,-2.556898,Cluster 1 · market-distant / service-light
C023_022,23,22,0.239538,102.0,8134.934575,55.140873,0.033961,425.819293,4,16.698796,0,0.0,0,0.0,0,0.0,0,0.0,0,0.0,0,0.0,0,0.0,4,16.698796,2239.275342,598.835737,1987.539433,1789.342275,3498.884831,0.0,0.0,0.011292,0.0,0.040457,0.0,0.0,0.051749,7.34754,30.673768,70,292.228926,5,0.007788,0.001531,1,-3.522367,-2.393578,Cluster 1 · market-distant / service-light
C023_023,23,23,0.152447,103.0,5279.290695,42.035194,0.03463,675.645551,0,0.0,0,0.0,0,0.0,0,0.0,0,0.0,0,0.0,0,0.0,0,0.0,0,0.0,2793.334713,738.138164,2394.732487,2520.823406,3676.69128,0.0,0.0,0.0,0.0,0.0,0.0,0.0,0.0,5.056539,33.169204,48,314.863946,5,0.007788,0.001206,1,-4.003229,-2.587347,Cluster 1 · market-distant / service-light
C023_024,23,24,0.065355,31.0,1941.260815,52.243849,0.029703,474.329859,0,0.0,0,0.0,0,0.0,0,0.0,0,0.0,0,0.0,0,0.0,0,0.0,0,0.0,3362.088577,1364.856699,2154.199807,3261.762968,3990.69726,0.0,0.0,0.0,0.0,0.0,0.0,0.0,0.0,1.845625,28.239835,15,229.514448,4,0.006231,0.000649,1,-4.434466,-3.02744,Cluster 1 · market-distant / service-light
C024_017,24,17,0.073366,1.0,2646.952694,2646.952694,0.036079,13.630315,0,0.0,0,0.0,0,0.0,0,0.0,0,0.0,0,0.0,0,0.0,0,0.0,0,0.0,1529.394388,831.852295,1601.781916,2338.489161,4746.211512,0.0,0.0,0.0,0.0,0.373978,0.0,0.030181,0.404159,0.47903,6.529331,1,13.630315,3,0.004673,0.000265,1,-5.010581,-1.555517,Cluster 1 · market-distant / service-light
